=== 抗菌肽预测结果 ===
文件路径	序列编号	序列片段	预测概率
--------------------------------------------------------------------------------
assembly_prodigal_300.fasta	45	GTGTTTTGTTATCGGCGTCG...	0.7900
assembly_prodigal_300.fasta	143	ATGCACACTGGGCCTGTTTC...	0.7585
assembly_prodigal_300.fasta	186	GTGAATCCAAAGCCTGATTC...	0.7716
assembly_prodigal_300.fasta	283	GTGATCGAGCCGATGGCGTC...	0.6608
assembly_prodigal_300.fasta	336	ATGCTCCTGTCTTTAGTGAA...	0.6891
assembly_prodigal_300.fasta	416	AGAGTAGCAGTGTATGTGGA...	0.7037
assembly_prodigal_300.fasta	491	CTTCAAGGTTGTGAGGCGAG...	0.7509
assembly_prodigal_300.fasta	524	ATGTTCATAGAAGTGGTTTG...	0.6932
assembly_prodigal_300.fasta	566	CTCAATCAGTCTCTCCTTAC...	0.8759
assembly_prodigal_300.fasta	569	CTTAAAACACTCGATGTCTT...	0.6610
assembly_prodigal_300.fasta	592	ATGGCGACCTTCCCAGAGTA...	0.8603
assembly_prodigal_300.fasta	673	GCTCGTGTTTATTTGACTGT...	0.9120
assembly_prodigal_300.fasta	700	ATGCTAAGCTCAGGGAGAAT...	0.6920
assembly_prodigal_300.fasta	757	GACCCTTCCCCTCCTTCCTC...	0.9435
assembly_prodigal_300.fasta	937	ACACTCGCGGTCGTGTCTTT...	0.7126
assembly_prodigal_300.fasta	950	TTCTTCTTTTTTTTTTTTAT...	0.7828
assembly_prodigal_300.fasta	964	ATGTCTCATATCTTTTCATA...	0.6790
assembly_prodigal_300.fasta	1013	GTGAATGAAACAAAACACAA...	0.6518
assembly_prodigal_300.fasta	1014	ATGGATTTCAGAAGAAATGC...	0.6969
assembly_prodigal_300.fasta	1033	TTTTTACTCTTTGCCTTTTT...	0.8480
assembly_prodigal_300.fasta	1085	ATGCATATTTTACTTAAAAT...	0.7225
assembly_prodigal_300.fasta	1143	TTATTGGTGCGATTGTGTAA...	0.7322
assembly_prodigal_300.fasta	1172	ATGGCTGATGGGACTGTCGT...	0.9228
assembly_prodigal_300.fasta	1203	ATGCTGCTCATTCTCAACGC...	0.6746
assembly_prodigal_300.fasta	1227	ATGTGTGTGTCTACCTTTGG...	0.6884
assembly_prodigal_300.fasta	1243	ATGGGTTCTGCTGGGTTTTA...	0.9285
assembly_prodigal_300.fasta	1399	ATAGCACATATTTATGTTCG...	0.7748
assembly_prodigal_300.fasta	1435	GTGTGTGACTGTCAGCTCAC...	0.6537
assembly_prodigal_300.fasta	1472	ATGAGGGTCTGGGCTGGTGG...	0.7062
assembly_prodigal_300.fasta	1480	GTGATTTCACTTATTCACTC...	0.8136
assembly_prodigal_300.fasta	1506	ATGGGAGGCTTCTGGATTGC...	0.7590
assembly_prodigal_300.fasta	1510	ATGGAAACAGAAATTCTAGC...	0.6711
assembly_prodigal_300.fasta	1554	ATGTCCCTGGTTGCTGTTTC...	0.7724
assembly_prodigal_300.fasta	1605	GTGTGTCGTCCACCAATCAG...	0.8663
assembly_prodigal_300.fasta	1651	ATGTTCAGAAAGTTCTCACA...	0.9619
assembly_prodigal_300.fasta	1656	TTGGGACACCCCCCCAACAC...	0.7833
assembly_prodigal_300.fasta	1665	CAAAAAGAACGTGAAAGACG...	0.6586
assembly_prodigal_300.fasta	1675	CTTCTACTGGTCCTTTATGC...	0.8415
assembly_prodigal_300.fasta	1710	CTTTACTCGTCCTTGCGTCG...	0.7000
assembly_prodigal_300.fasta	1712	CACTTATGCTCTGTACGCCT...	0.7284
assembly_prodigal_300.fasta	1806	GGTGTCTCTTTAACTGTTGT...	0.7077
assembly_prodigal_300.fasta	1810	GTGAGTGATGCAGCTTTAAA...	0.6875
assembly_prodigal_300.fasta	1867	ATGACTCCTCACCTCAACAG...	0.7327
assembly_prodigal_300.fasta	1965	ATGACAATCCTTGACGTCAT...	0.6949
assembly_prodigal_300.fasta	2057	TTTTTGCCCCTCTCTTACTT...	0.6808
assembly_prodigal_300.fasta	2066	ATGGCTGAACTTGTCCACCA...	0.9365
assembly_prodigal_300.fasta	2172	ATGTGTTCCTCCTCCGGCTC...	0.7706
assembly_prodigal_300.fasta	2183	ATGTTCAGCATAGCGCCTGC...	0.7197
assembly_prodigal_300.fasta	2212	ATGTGCTACCTGAGAGAGCG...	0.8799
assembly_prodigal_300.fasta	2249	ATGCCTCAGGTCTCTATCTA...	0.6862
assembly_prodigal_300.fasta	2279	GTGTCAGTGAGTGTGATGAA...	0.7683
assembly_prodigal_300.fasta	2317	ATGACGGTGTTAAATAAAAC...	0.6713
assembly_prodigal_300.fasta	2322	ATGGCCCAGTTTGGCGAGGA...	0.7769
assembly_prodigal_300.fasta	2332	CAGACAAGCACATTCTCTCA...	0.6957
assembly_prodigal_300.fasta	2358	ATGTTTTACTGGTTTCCTGA...	0.7439
assembly_prodigal_300.fasta	2644	TTAATTCACTATCAATTCTT...	0.6945
assembly_prodigal_300.fasta	2707	ATGACTCTTGCACACACACA...	0.6638
assembly_prodigal_300.fasta	2726	ATGGCAGCAACGCCACACTG...	0.6637
assembly_prodigal_300.fasta	2780	ATGTTCCCTTTTAGGTCCTA...	0.6539
assembly_prodigal_300.fasta	2963	ATGGGACTAAACGACAGCAG...	0.7151
assembly_prodigal_300.fasta	2969	ATGCAAAATAATGCCTGTGT...	0.9134
assembly_prodigal_300.fasta	2974	ATGTGCCACCCACCTGCGGT...	0.7482
assembly_prodigal_300.fasta	3002	TTTTGTCGTCTTATATTGCT...	0.8791
assembly_prodigal_300.fasta	3207	ATGATAACCAAGTCTACATT...	0.7664
assembly_prodigal_300.fasta	3296	ATGGCTAAAAGGACCCTGCT...	0.8011
assembly_prodigal_300.fasta	3305	ATGACATGCAAATCACGCCA...	0.8045
assembly_prodigal_300.fasta	3328	ATGATTCATTTTATTCTCCT...	0.7179
assembly_prodigal_300.fasta	3340	ATGTATATGCTGATGTTATC...	0.7384
assembly_prodigal_300.fasta	3398	ATGTTACAGCGCTGTGGCCC...	0.8474
assembly_prodigal_300.fasta	3412	ATGAGCCTGATTGTGTGTGT...	0.6523
assembly_prodigal_300.fasta	3432	ATGCATGTACAAACAATTGT...	0.7101
assembly_prodigal_300.fasta	3462	GTGCGTGTGTTTGTGTCTTT...	0.6989
assembly_prodigal_300.fasta	3490	GTGAAAGAGAGGAGTATAGT...	0.6822
assembly_prodigal_300.fasta	3497	ATGATGCCACCTGCTGCACA...	0.7435
assembly_prodigal_300.fasta	3505	TCTCTCTCTCAGAGTGTGAT...	0.9642
assembly_prodigal_300.fasta	3515	GTGCCCACCTTGAAACTTTG...	0.7200
assembly_prodigal_300.fasta	3526	ATGGAGTCTAAGGGGTTCAC...	0.7079
assembly_prodigal_300.fasta	3530	GTGTGGCAGACGTCAGACGC...	0.6685
assembly_prodigal_300.fasta	3531	GTGATTTCATCCAGGAAGTT...	0.8006
assembly_prodigal_300.fasta	3545	ATGTGCATATTGGTAGGGCT...	0.7658
assembly_prodigal_300.fasta	3606	TTTGTACTTTTCCTGCTATA...	0.7114
assembly_prodigal_300.fasta	3643	ATGAGTGAATATCCCCTCAA...	0.6676
assembly_prodigal_300.fasta	3664	ATGACTTCTTTTCTGACTGG...	0.7867
assembly_prodigal_300.fasta	3680	ATGATTTTCCTCCTCTTCCT...	0.8480
assembly_prodigal_300.fasta	3782	ATGTTCAATCCTGCCTTTTT...	0.7162
assembly_prodigal_300.fasta	3792	ATGCTTCAGGTTGATGCCCA...	0.6758
assembly_prodigal_300.fasta	3802	TTCCTCCGCAGGCCGGATGG...	0.8371
assembly_prodigal_300.fasta	3816	ATGCCCTCTTTAACGGCATT...	0.8154
assembly_prodigal_300.fasta	4000	ATGAAGACGTTTCCTCACCG...	0.8996
assembly_prodigal_300.fasta	4015	AGCGTTGCATGTTTTTACTT...	0.7565
assembly_prodigal_300.fasta	4024	ATGTCACAGTCTATCCCCCT...	0.8292
assembly_prodigal_300.fasta	4063	AGGTCTCTCTTCATACGTCT...	0.6903
assembly_prodigal_300.fasta	4092	ATGGTGCAGACACAAACCCT...	0.7036
assembly_prodigal_300.fasta	4141	GTGTGTGTGTGTGTGTGTGT...	0.8946
assembly_prodigal_300.fasta	4154	ATGTTCTGTTCTCTCTCTGC...	0.8314
assembly_prodigal_300.fasta	4234	ATGACAACGACTCTGCTGTT...	0.7494
assembly_prodigal_300.fasta	4323	ATGAACCTGCTTCAGTCTCT...	0.7345
assembly_prodigal_300.fasta	4343	ATGGGCCCGGCTCGCTCCGG...	0.7293
assembly_prodigal_300.fasta	4403	ATTACTGTACTGAATATGAG...	0.8900
assembly_prodigal_300.fasta	4462	ATGGTTTTCAGCTCGGCAAC...	0.6727
assembly_prodigal_300.fasta	4529	GTCTGTGTGTGTGAATCAGG...	0.6719
assembly_prodigal_300.fasta	4530	ATGCTGATGATTGCTTTTAT...	0.8549
assembly_prodigal_300.fasta	4602	ATGTTGGTTATTTTTCACAA...	0.8071
assembly_prodigal_300.fasta	4681	GAGAACGCGTTGCTACGTTC...	0.6858
assembly_prodigal_300.fasta	4707	ATGTGTGCTGTCATTTCTGT...	0.7430
assembly_prodigal_300.fasta	4709	TTTGATCAGAAACTGTCACG...	0.8115
assembly_prodigal_300.fasta	4738	ATGCCCTCTGCAGGTACTAG...	0.6716
assembly_prodigal_300.fasta	4839	ATGGCTCTGGTCAGTCAGCT...	0.7150
assembly_prodigal_300.fasta	4941	ATGTCATCACCTCTGTACCG...	0.6880
assembly_prodigal_300.fasta	4949	ATGCTACAGCCTCAGCCCAA...	0.9544
assembly_prodigal_300.fasta	5031	GTGGATGGAGCACTGGAAAA...	0.8275
assembly_prodigal_300.fasta	5033	ATGCAGCAACAGAGTGAAGA...	0.9160
assembly_prodigal_300.fasta	5127	GTGCCATATTCATCAAGGCA...	0.7123
assembly_prodigal_300.fasta	5139	ATGGAGGAACACAGGCTGCT...	0.7353
assembly_prodigal_300.fasta	5165	ATGTATGGTTTTAATTTTCT...	0.6696
assembly_prodigal_300.fasta	5171	TTTTGGAGCACTTCATGGGA...	0.7239
assembly_prodigal_300.fasta	5254	ATGGAGGAAGGTGAAGTCGG...	0.9452
assembly_prodigal_300.fasta	5281	ATGTTTGTGTTTGTGTGTGT...	0.7009
assembly_prodigal_300.fasta	5345	GTGAACAGTCACCTTGAACG...	0.9321
assembly_prodigal_300.fasta	5371	ATGTCAGGTAACTGGTCCGT...	0.9531
assembly_prodigal_300.fasta	5439	ATGGATAATAAAAAACATCT...	0.6509
assembly_prodigal_300.fasta	5441	TCTCTGCAGCGAAAGGAAGC...	0.9734
assembly_prodigal_300.fasta	5456	GTGGGTAATTGGCTACACCT...	0.8498
assembly_prodigal_300.fasta	5823	ATGATTTCTAACCTTTGTCA...	0.7067
assembly_prodigal_300.fasta	5827	ATGACCTTTCGTCTAGCAAC...	0.6900
assembly_prodigal_300.fasta	5892	GTACCCAGCCCTCCAGAAAG...	0.6653
assembly_prodigal_300.fasta	5954	ATGGGCGTCATCGTCTTCCT...	0.9222
assembly_prodigal_300.fasta	6068	ATGTGCAGCTCATGGCTTGA...	0.7725
assembly_prodigal_300.fasta	6100	ATGAATATCATTGTCACATC...	0.7585
assembly_prodigal_300.fasta	6195	ATGCCTCGATCAACTCTCCC...	0.8584
assembly_prodigal_300.fasta	6242	ATGAAAGAGGCCCCACCTCC...	0.6547
assembly_prodigal_300.fasta	6357	ATGAACTCCGTGCTGGACTC...	0.9108
assembly_prodigal_300.fasta	6439	ATGATTGATTACCAACTGAC...	0.6589
assembly_prodigal_300.fasta	6554	GTGCTGTCCCCCTTCCTCTT...	0.8870
assembly_prodigal_300.fasta	6555	ATGTTTGTCCTTTCGGGTGT...	0.6878
assembly_prodigal_300.fasta	6573	ATGGCTTTTGGCCTCACAAA...	0.6824
assembly_prodigal_300.fasta	6631	ATGTGTTACCTTCAGTTCTT...	0.6553
assembly_prodigal_300.fasta	6711	ATGGAAGGAGGCATTACACA...	0.6815
assembly_prodigal_300.fasta	6746	ATGTTCTACTTCCAGCTGGT...	0.7039
assembly_prodigal_300.fasta	6764	CTGGCCGAACTGCACCGCTC...	0.6782
assembly_prodigal_300.fasta	6769	ATGTCCGCTTTTATTTGTTT...	0.7382
assembly_prodigal_300.fasta	6979	ATGCATCATGTGATGATGGC...	0.8347
assembly_prodigal_300.fasta	7040	AAAGGGTTCATTAACAAATC...	0.6565
assembly_prodigal_300.fasta	7069	GTGTGTGCCATCATAGCATT...	0.9262
assembly_prodigal_300.fasta	7139	ACAAAAACAAAAGGTGCATC...	0.9707
assembly_prodigal_300.fasta	7150	ATGAGTTCATCAGGTTTACC...	0.8595
assembly_prodigal_300.fasta	7289	GTGCTAGTACTATTAAAACT...	0.6797
assembly_prodigal_300.fasta	7341	ATGGTCCTGTCTCCCGGGCC...	0.6913
assembly_prodigal_300.fasta	7363	GTGCTTCATCATCATAAATC...	0.6586
assembly_prodigal_300.fasta	7368	ATGTGGTATTCATTATTTGA...	0.7710
assembly_prodigal_300.fasta	7487	GTGAGAGGGGCTGGCCTCTT...	0.7380
assembly_prodigal_300.fasta	7541	ATGTCCATTCATAATCTATT...	0.7707
assembly_prodigal_300.fasta	7753	ATGCACCTCTTAGATATCAA...	0.7813
assembly_prodigal_300.fasta	7832	GTGCAACAACTTTCCAATCC...	0.6726
assembly_prodigal_300.fasta	7863	ATGTCACACACTTCAAATGT...	0.9615
assembly_prodigal_300.fasta	7869	GTGAAGCGTTTTGAAGCGTT...	0.6950
assembly_prodigal_300.fasta	7870	GAAGGCGTCCCTCAGGGTTC...	0.7153
assembly_prodigal_300.fasta	7931	TTTCTTACTGGTTTACAGCA...	0.6542
assembly_prodigal_300.fasta	7944	CTGTCTCCGTCCCCTCCTCC...	0.7474
assembly_prodigal_300.fasta	8017	TCGGACGAGGATAGAAAATG...	0.6761
assembly_prodigal_300.fasta	8075	TTGAAAGATGTTTATGTTGT...	0.6783
assembly_prodigal_300.fasta	8157	ATGGTTCGAAAGGTTGCGGC...	0.7048
assembly_prodigal_300.fasta	8238	ATGAAATTTGATCTCCACGT...	0.6648
assembly_prodigal_300.fasta	8249	AACTACATGCTTTTTGTGAT...	0.6699
assembly_prodigal_300.fasta	8260	ATGTTTCTATATCCATATCT...	0.7147
assembly_prodigal_300.fasta	8338	TGTTGCAATCAGCTAAATGT...	0.7406
assembly_prodigal_300.fasta	8358	ACTTTTTCTGGAGTCTCTCA...	0.6797
assembly_prodigal_300.fasta	8367	GTGTCGGGCAGGCCTCCAAC...	0.6922
assembly_prodigal_300.fasta	8459	ATGTTCGGGGTATGTGTGTA...	0.8778
assembly_prodigal_300.fasta	8487	ATGTTGACTCCACTTGTTTT...	0.7903
assembly_prodigal_300.fasta	8578	ATGGTAATCGGTGGCTATCA...	0.6638
assembly_prodigal_300.fasta	8636	ATGTTTCTCTTATTGTATTT...	0.6785
assembly_prodigal_300.fasta	8696	ATGATCGCGGAGCCGGGGAC...	0.7472
assembly_prodigal_300.fasta	8741	ATGACTCCTCACGACTCCTC...	0.9880
assembly_prodigal_300.fasta	8753	ATGGCTGCAGCACAACAGTT...	0.6992
assembly_prodigal_300.fasta	8757	ATGGATACAGCCCTCTTCTT...	0.8547
assembly_prodigal_300.fasta	8831	ATGCTGCGTTTTGGTGTCAT...	0.7163
assembly_prodigal_300.fasta	8851	GTGCTGTTCGACCCTCGTTC...	0.6560
assembly_prodigal_300.fasta	8854	ATGAATTTATCCCTTCTCCT...	0.6710
assembly_prodigal_300.fasta	8864	ATGACATTTTTCACACTTAG...	0.6695
assembly_prodigal_300.fasta	8875	ATGTGTGCATGTGTTGACCT...	0.6780
assembly_prodigal_300.fasta	8949	TGGGAAGTTCAAATCTTTGA...	0.7360
assembly_prodigal_300.fasta	8982	TTGGGCCGGTTGGGTCTCCC...	0.8877
assembly_prodigal_300.fasta	8984	ATGGTGAGGTGGGGGGCCTC...	0.8025
assembly_prodigal_300.fasta	8990	ATGGCATTGCCAGCCAATCT...	0.6789
assembly_prodigal_300.fasta	9014	GAAGCCACGAAGCTTCCTAC...	0.8228
assembly_prodigal_300.fasta	9221	ATGCTGTTTAATGCTTCTCT...	0.7687
assembly_prodigal_300.fasta	9231	GTGGCAGCTCTTTCTCTCCT...	0.7135
assembly_prodigal_300.fasta	9294	ATGCTAAGCTGGCACATATT...	0.7617
assembly_prodigal_300.fasta	9341	CATTCTTCATATTTTATTAC...	0.6690
assembly_prodigal_300.fasta	9379	ATGCACATCTGCATGGCCAT...	0.7740
assembly_prodigal_300.fasta	9386	ATGAACTACATGGTAGAAAT...	0.6848
assembly_prodigal_300.fasta	9420	ATGAAATACAGAACACCTTT...	0.6708
assembly_prodigal_300.fasta	9440	ATGGCAGAGAAGATCAGAGC...	0.8842
assembly_prodigal_300.fasta	9444	CTGACAGCAGCCGTTTTCTC...	0.6934
assembly_prodigal_300.fasta	9469	GTAATGAGCCCTCGGCAAAT...	0.7713
assembly_prodigal_300.fasta	9506	ATGTCGATTAGAAGTTCCAT...	0.8491
assembly_prodigal_300.fasta	9549	ATGCTTGGCCAGCGACCCAG...	0.7565
assembly_prodigal_300.fasta	9559	ATGCCAGCATTAGAGGCCAA...	0.7949
assembly_prodigal_300.fasta	9580	ATGTCATTGAACTACTGTGT...	0.9512
assembly_prodigal_300.fasta	9638	ATGGATACCATCGCAACCCT...	0.6502
assembly_prodigal_300.fasta	9737	ATGTTCTGTCCCTCCACTTT...	0.6514
assembly_prodigal_300.fasta	9777	TTACACGACCGTATCTCTTT...	0.8525
assembly_prodigal_300.fasta	9805	ATGGTAAGTACAGTTGGTCA...	0.7587
assembly_prodigal_300.fasta	9841	AGGGGAAACAGTCTTTTTCT...	0.7837
assembly_prodigal_300.fasta	9867	ATGTCCTGTTGTCACCCTTT...	0.7809
assembly_prodigal_300.fasta	9903	ATGCATATACTCTGTGAGCA...	0.6658
assembly_prodigal_300.fasta	9946	ATGCGTATCCGACAGCGGGA...	0.6762
assembly_prodigal_300.fasta	10000	ATGACATACTGTTGCTGGCA...	0.7093
assembly_prodigal_300.fasta	10042	ATGAAATCCAATTTTATAAA...	0.7564
assembly_prodigal_300.fasta	10081	ATGCATACCTGCCACTTTGT...	0.6656
assembly_prodigal_300.fasta	10264	GTGCTCGGCGTGCTGCTCTA...	0.8494
assembly_prodigal_300.fasta	10290	TCTATCTATCTGCCGCTTGC...	0.9784
assembly_prodigal_300.fasta	10311	ATGACATGTGAAGTCAGATC...	0.7794
assembly_prodigal_300.fasta	10332	ATGGTTCTATTGTCTAATGT...	0.7640
assembly_prodigal_300.fasta	10382	CCCTCTAAGCTCACCCTCTA...	0.9608
assembly_prodigal_300.fasta	10421	CACACACACACAAACACACA...	0.9780
assembly_prodigal_300.fasta	10431	TATCGTTTCCTCTTGCACAA...	0.6809
assembly_prodigal_300.fasta	10473	ATGTCTTCAATTGTTTTGGG...	0.6819
assembly_prodigal_300.fasta	10599	TCACAAACAATATCTACACA...	0.7174
assembly_prodigal_300.fasta	10629	ATGTATCTGCTGGTCATTCT...	0.6718
assembly_prodigal_300.fasta	10639	ACCGTTTCCTCTGCTCCGTT...	0.8639
assembly_prodigal_300.fasta	10662	TTAACTCTCTGTTTCCTGTT...	0.7430
assembly_prodigal_300.fasta	10667	ATGATCCCTTTGGTGTGGCA...	0.7356
assembly_prodigal_300.fasta	10739	ATGTTACATACCAATATCAT...	0.6787
assembly_prodigal_300.fasta	10779	CACACACACACACACACACA...	0.6725
assembly_prodigal_300.fasta	10828	ATGGCGCAGTGGGTCCTGGC...	0.7429
assembly_prodigal_300.fasta	10934	ATGCACCTCGCCTACTTTCT...	0.7069
assembly_prodigal_300.fasta	10943	CTCTCCACTGATCACTGTTC...	0.8200
assembly_prodigal_300.fasta	10971	GCCATTTCGTTTGTCGACAT...	0.8562
assembly_prodigal_300.fasta	11014	ATGGCTCCATTGACGTCAGG...	0.8738
assembly_prodigal_300.fasta	11043	ATGCATTCCGAGCACGCCGG...	0.8033
assembly_prodigal_300.fasta	11050	TACATTTACTGTCAGACTGA...	0.7657
assembly_prodigal_300.fasta	11076	ATGCATTTAAACATCTATTG...	0.7924
assembly_prodigal_300.fasta	11127	ATGACCCCCAACATGCAGGG...	0.7617
assembly_prodigal_300.fasta	11171	ATGGTGCTTGGCGAGCTCTA...	0.6591
assembly_prodigal_300.fasta	11174	ATGATAAACAGTAGGAAAAC...	0.7572
assembly_prodigal_300.fasta	11322	AGTGAAAACCTGCTCGAACC...	0.6780
assembly_prodigal_300.fasta	11383	ATGAATAAACATTTGGCCAC...	0.6514
assembly_prodigal_300.fasta	11398	ATGGGGTCATTTCTTGATTC...	0.6749
assembly_prodigal_300.fasta	11432	GGTTTGCTGTTTGATTTCCT...	0.8508
assembly_prodigal_300.fasta	11505	GTTGTTGTAGTTTTCATTCT...	0.6581
assembly_prodigal_300.fasta	11518	ATGCGTGTTCTTTCCAATTG...	0.6934
assembly_prodigal_300.fasta	11542	CACAGATGCTCAAGGCTCGA...	0.7894
assembly_prodigal_300.fasta	11583	TCAGTCCCAGCAAATCGCAA...	0.6645
assembly_prodigal_300.fasta	11584	GAGCAATGTAATGTGTTTAT...	0.6985
assembly_prodigal_300.fasta	11586	ATGATATGTCAGTGTTTCTT...	0.6597
assembly_prodigal_300.fasta	11598	ATGTTTCCCCTTATTCTATT...	0.6532
assembly_prodigal_300.fasta	11644	CTCAATACAGCTGCAATGTC...	0.7003
assembly_prodigal_300.fasta	11661	ATGCATTGCTTTGTTCTTGC...	0.8603
assembly_prodigal_300.fasta	11665	GTGCCTCTTGTGCGGTCACT...	0.6557
assembly_prodigal_300.fasta	11791	ATGGGCCCACCTTCTGAGTC...	0.6956
assembly_prodigal_300.fasta	11823	ATGCAGTTGTTTTATCCCCA...	0.6644
assembly_prodigal_300.fasta	11839	GTGTTCACGCAGTGTCTTCA...	0.9227
assembly_prodigal_300.fasta	11851	ATGCAGTTTCAGACCATGTT...	0.6540
assembly_prodigal_300.fasta	11903	ATGGACCTTCCAACTGACAA...	0.6782
assembly_prodigal_300.fasta	12017	ATGCTGGTGGGCGTCGGCTC...	0.6752
assembly_prodigal_300.fasta	12074	ATGGCCGCTGGCCTGTCCTG...	0.6749
assembly_prodigal_300.fasta	12090	ATGAAACCTCACCTTGGCCT...	0.6814
assembly_prodigal_300.fasta	12112	TTCTACAACATTTTAACTTC...	0.6616
assembly_prodigal_300.fasta	12119	TATGATGCTCCCTTATTAAA...	0.7607
assembly_prodigal_300.fasta	12128	CAGTGGGGTGGGGTGGGTGG...	0.7031
assembly_prodigal_300.fasta	12181	ATGTGGCAGCTGGTTCAACC...	0.7714
assembly_prodigal_300.fasta	12199	GTGTTTTTGTATACTGTGTG...	0.6757
assembly_prodigal_300.fasta	12203	ATGCATATACACAAGATTAA...	0.6700
assembly_prodigal_300.fasta	12206	AATGTAAACCTGCCCTTTGA...	0.7165
assembly_prodigal_300.fasta	12231	GTGTCTGTCTATGCAACCTG...	0.6533
assembly_prodigal_300.fasta	12270	TCCCTTAGCCAAAACGGTAG...	0.6872
assembly_prodigal_300.fasta	12293	ATGAAGGTTACAGAGATTTA...	0.6630
assembly_prodigal_300.fasta	12307	ATGTGTAAATTCTCCGTCAC...	0.6528
assembly_prodigal_300.fasta	12324	ATGACAGAAATGCATACATT...	0.7073
assembly_prodigal_300.fasta	12335	ATGTTATATCCTCCTTCACG...	0.6510
assembly_prodigal_300.fasta	12374	ATGGAGAAACTGGCCCTGGG...	0.7620
assembly_prodigal_300.fasta	12402	ATGGAGTGCATTTCCTCCAT...	0.6623
assembly_prodigal_300.fasta	12413	ATGTTTCCTGTGATGCTTCA...	0.8530
assembly_prodigal_300.fasta	12437	ACTGTTCCTATGACTGTGTT...	0.7341
assembly_prodigal_300.fasta	12439	ATGACATCATTTAGCCACAC...	0.6906
assembly_prodigal_300.fasta	12488	ATGTGCTGCAGTAAATATAT...	0.8490
assembly_prodigal_300.fasta	12553	ATGAACAGACATCTAGTCAC...	0.7734
assembly_prodigal_300.fasta	12574	ATGAATCAGAATGCGGTACA...	0.7276
assembly_prodigal_300.fasta	12605	CCTCCTCATCCTCTTCCCCC...	0.9995
assembly_prodigal_300.fasta	12628	CCTCCTGCTGCTACTCCTAC...	0.9161
assembly_prodigal_300.fasta	12738	GTGCCGCTGTACGAGGACCT...	0.9661
assembly_prodigal_300.fasta	12766	ATGAGTAGTGAGATAGATAA...	0.6908
assembly_prodigal_300.fasta	12792	ATGGAAGCGTATCTGTTATG...	0.7530
assembly_prodigal_300.fasta	12808	TACATTGATTCGACTTTCGA...	0.7559
assembly_prodigal_300.fasta	12842	ATGTCACAACACAGGGAAGG...	0.9597
assembly_prodigal_300.fasta	12851	ATGACGGCACTGACGCCTCC...	0.7757
assembly_prodigal_300.fasta	12878	ATGGTAGTGGTGGTAGTGGT...	0.7327
assembly_prodigal_300.fasta	12888	ATGCTGAACTTTTTCTCACT...	0.6634
assembly_prodigal_300.fasta	12911	GCTGTTGAACACGGACCAGG...	0.7928
assembly_prodigal_300.fasta	12938	ATGGAGGTGGGCATGGGGGT...	0.6556
assembly_prodigal_300.fasta	12961	ATGTTTTATGTCATTTTTTT...	0.7257
assembly_prodigal_300.fasta	12962	ATGCTGCTAGCCGGCGTGAT...	0.6931
assembly_prodigal_300.fasta	12999	GTGCGTCAGGTGATCAACGC...	0.8348
assembly_prodigal_300.fasta	13105	ATGGCCGTTATTGTCTCTCT...	0.8750
assembly_prodigal_300.fasta	13134	ATGGATCTTCTACTGGTCGT...	0.7187
assembly_prodigal_300.fasta	13183	GGCTGCCCGTCTTCTGTTCT...	0.9315
assembly_prodigal_300.fasta	13207	TTGGCTGCTGGTGAATATGG...	0.7335
assembly_prodigal_300.fasta	13350	ATGGCCACTCGTTTTTCTTC...	0.6596
assembly_prodigal_300.fasta	13425	ATGATCCAGAGCAAAGTGAT...	0.7204
assembly_prodigal_300.fasta	13427	GTGCTCGAGCCTGCGGGGTT...	0.9512
assembly_prodigal_300.fasta	13482	CTCTCTCTGTTTTTCTCTCT...	0.8627
assembly_prodigal_300.fasta	13486	ATGTCTGTTGAACTCTTGTC...	0.7205
assembly_prodigal_300.fasta	13493	GACATGGTTGGTGGTGACCT...	0.7058
assembly_prodigal_300.fasta	13734	GTGGGAAACCGTAATTCTTC...	0.9660
assembly_prodigal_300.fasta	13782	TCTCAGGTGTCTCAGGTGTC...	0.8553
assembly_prodigal_300.fasta	13818	AATTCCTGCACCTTTGGAGT...	0.6861
assembly_prodigal_300.fasta	13881	ATGGAAGTGGTCTTTCATTG...	0.7383
assembly_prodigal_300.fasta	13921	GGCCTCCTCCTTAGCGTGCT...	0.7076
assembly_prodigal_300.fasta	13941	ACACACACACACACACACAC...	0.7103
assembly_prodigal_300.fasta	13951	TTTTTTGCTTATTCTCCCAT...	0.8011
assembly_prodigal_300.fasta	14045	ATGAAGCAGAAACAGAAGGC...	0.7043
assembly_prodigal_300.fasta	14091	ATGCTATCGGTGCAAAATCA...	0.6612
assembly_prodigal_300.fasta	14172	ATGAAACTGATGTGCTACAC...	0.7944
assembly_prodigal_300.fasta	14264	ATGAGACCTTTGACTAGAGA...	0.8584
assembly_prodigal_300.fasta	14304	ATGAGCCCGACCCCCCCCCA...	0.9825
assembly_prodigal_300.fasta	14327	TATTCAACAATCTCCCCCAT...	0.7310
assembly_prodigal_300.fasta	14375	TTGACAGAAAATGCTCTTTT...	0.8486
assembly_prodigal_300.fasta	14465	ATGGCCGTCTCCCCCACACA...	0.9271
assembly_prodigal_300.fasta	14467	ATGCGTTCAGCCTCAACGGA...	0.9378
assembly_prodigal_300.fasta	14468	TTTTTTTTTTTTTTTTTTTT...	0.9391
assembly_prodigal_300.fasta	14565	GTGATGAAGCTCTCAGCCTT...	0.7123
assembly_prodigal_300.fasta	14738	ATGCCTACTCATAATGAATT...	0.6733
assembly_prodigal_300.fasta	14753	ATGCACCTGTTGTATTGTTA...	0.6899
assembly_prodigal_300.fasta	14791	GTCACTTTCTCTGTGTCCAA...	0.6892
assembly_prodigal_300.fasta	14805	TTGCTGGCAATCTACTCGGC...	0.6683
assembly_prodigal_300.fasta	14812	ATGGTCCCTGCAGCATTTGC...	0.7530
assembly_prodigal_300.fasta	14964	ATGAATGTCCTTATCACTTT...	0.9328
assembly_prodigal_300.fasta	14966	ATGGCTACTCTTCAGCTGCC...	0.6779
assembly_prodigal_300.fasta	15027	GCGGTGGAATTTACCTACGG...	0.6766
assembly_prodigal_300.fasta	15075	ATGCCTCTGAATCACCCTGA...	0.7416
assembly_prodigal_300.fasta	15115	TTAAGTCGTAGTGTTGAAGG...	0.7538
assembly_prodigal_300.fasta	15130	ATGTTTGATCCTCTGGCTGT...	0.7089
assembly_prodigal_300.fasta	15205	AATACACTTGCTTTTTTAAG...	0.8348
assembly_prodigal_300.fasta	15284	ATGCACACACACAAAAACAC...	0.6898
assembly_prodigal_300.fasta	15310	ATGATGTACAATGATGACAT...	0.7305
assembly_prodigal_300.fasta	15312	ATGGCTAACGCAGTAACCGT...	0.7354
assembly_prodigal_300.fasta	15338	ATGTCCAACTTTATTAACGT...	0.6909
assembly_prodigal_300.fasta	15343	ATGGCCGAGTCCTACAACGA...	0.6903
assembly_prodigal_300.fasta	15366	CCCTCTTACTCTCTCCTCCT...	0.8776
assembly_prodigal_300.fasta	15399	ATGTTCCTGGTTGGCAGTAA...	0.6837
assembly_prodigal_300.fasta	15430	ATGTCCAGACAACCCTCCAC...	0.9373
assembly_prodigal_300.fasta	15441	ATGCTTCATTTTAGGTTATC...	0.8023
assembly_prodigal_300.fasta	15444	CTCTCTCTCTCTCTCTCTCT...	0.6849
assembly_prodigal_300.fasta	15467	ATGTGTGGCGTTAATTTATT...	0.7148
assembly_prodigal_300.fasta	15470	CACACACACACACACACACA...	0.6575
assembly_prodigal_300.fasta	15506	TCTGTATCCACTATCTTGAC...	0.8492
assembly_prodigal_300.fasta	15577	ATGTGTGCTCGCGCTATAGT...	0.7363
assembly_prodigal_300.fasta	15650	TTGGTGATGAAGCGCGCTCT...	0.6533
assembly_prodigal_300.fasta	15670	ATGGTGGATAATGTGGTCAG...	0.6944
assembly_prodigal_300.fasta	15775	GTGTTTCTTCTTCTGCAGTT...	0.7251
assembly_prodigal_300.fasta	15827	TTGGACGTTGTGCGTTTCTT...	0.8873
assembly_prodigal_300.fasta	15830	ATGCATCCCCAGGGTTCCAT...	0.8760
assembly_prodigal_300.fasta	15831	ATGTCTATTTCAGGGCTTGC...	0.6950
assembly_prodigal_300.fasta	15843	ATGCGGTTAGGCCTGCTGGA...	0.6908
assembly_prodigal_300.fasta	15867	ATGAAATCGTTTTGTTTTGC...	0.9209
assembly_prodigal_300.fasta	15888	ATGATGTCACTTCCTGTTTG...	0.9534
assembly_prodigal_300.fasta	15912	ATGACTCCTCTCCTCGGCGT...	0.9419
assembly_prodigal_300.fasta	15940	GTGTCAATTCAGCATCTGGA...	0.6537
assembly_prodigal_300.fasta	15947	ATCCTTTTCAACTTCCCCGA...	0.6732
assembly_prodigal_300.fasta	15961	ATGATGGCATTAGTAACTGT...	0.6886
assembly_prodigal_300.fasta	15970	GTGGCCATTCCCCTGTCAGA...	0.6753
assembly_prodigal_300.fasta	15987	ATGATTCGACTAGGCTTCTC...	0.7053
assembly_prodigal_300.fasta	16095	ATGGTTTCTGCCCATTTCGG...	0.7203
assembly_prodigal_300.fasta	16227	ATGTTGTGTTTGAAGTTTTT...	0.7684
assembly_prodigal_300.fasta	16318	ATGGTTATGAGATCACTACC...	0.7484
assembly_prodigal_300.fasta	16320	GTGGATCAAGCCCATCATGT...	0.6723
assembly_prodigal_300.fasta	16376	ATGGCCAGCGCCGCGGCACC...	0.9038
assembly_prodigal_300.fasta	16377	CCTCTCTCCACGCCGGTCAT...	0.7297
assembly_prodigal_300.fasta	16431	CACACACACACACACATACA...	0.7397
assembly_prodigal_300.fasta	16448	ATGGAAGATCAAGCCACTCT...	0.6693
assembly_prodigal_300.fasta	16508	ATGTTATCATCTGTCTGTCC...	0.7483
assembly_prodigal_300.fasta	16520	TTCCAAGGTGTAAAACTTCA...	0.6772
assembly_prodigal_300.fasta	16617	TCAGCACCAGGCAGATCCAG...	0.7210
assembly_prodigal_300.fasta	16711	GATCCATTAGATTTATCAGG...	0.6676
assembly_prodigal_300.fasta	16750	ATGATATTTCTGTTTATCTG...	0.7678
assembly_prodigal_300.fasta	16822	ATGTTCAACAGGACTCCCAG...	0.6891
assembly_prodigal_300.fasta	16834	ATGCCGCCTACCTCTAGTCA...	0.6502
assembly_prodigal_300.fasta	16886	ATGCTGGAGAAATTAAACAA...	0.6701
assembly_prodigal_300.fasta	16916	GTGGTGTTCCTGCAGGGCGG...	0.7816
assembly_prodigal_300.fasta	16924	ATGAGCCACATTTACTCCAA...	0.6719
assembly_prodigal_300.fasta	17056	ATGACATATCCCCGCGGGCC...	0.8844
assembly_prodigal_300.fasta	17093	TCTCTCTCTCTCCCGTTCCC...	0.7577
assembly_prodigal_300.fasta	17192	CACACACACACACACACACA...	0.6520
assembly_prodigal_300.fasta	17203	TCTGCGTCTCTGCAGCACAA...	0.6575
assembly_prodigal_300.fasta	17311	ATGTTGTTCTCACGCTTCGC...	0.9064
assembly_prodigal_300.fasta	17335	CGTTCAGACTGTTTATTCAT...	0.7720
assembly_prodigal_300.fasta	17349	ATACCACTTTCATATTCAGA...	0.7576
assembly_prodigal_300.fasta	17351	ATGTCTGTCCTGGTTTTTCC...	0.6892
assembly_prodigal_300.fasta	17422	ATGCGAGGAATTGGAGGGAG...	0.6924
assembly_prodigal_300.fasta	17499	ATGAACAGTAACCTTGTGAT...	0.8670
assembly_prodigal_300.fasta	17559	GTGTACAGCCAGATTCAGGA...	0.6763
assembly_prodigal_300.fasta	17611	GTGACCTTTTCTGGTGGTGC...	0.6784
assembly_prodigal_300.fasta	17768	CTTCCTCTTCCTCCTCCTCC...	0.8106
assembly_prodigal_300.fasta	17780	ATGTTATTGCAAGGATGTTA...	0.6552
assembly_prodigal_300.fasta	17784	ATGGTTGGTCTTGCTGTTCA...	0.7687
assembly_prodigal_300.fasta	17882	ATGGCTCCCTCAGAGAGCTC...	0.8528
assembly_prodigal_300.fasta	17944	ATGTGCGCTCGCAAGTCCTT...	0.6848
assembly_prodigal_300.fasta	17980	ATGTATGTCTCAGATCTAGA...	0.8426
assembly_prodigal_300.fasta	17981	ATGAGTTTACATATCCAAAA...	0.7923
assembly_prodigal_300.fasta	17994	ATGGAACAAACTAATGACCC...	0.7503
assembly_prodigal_300.fasta	18064	GTGCATATGCAGTCTGTCCT...	0.7008
assembly_prodigal_300.fasta	18087	TTGTCCTCAGACCGCTCCGG...	0.7159
assembly_prodigal_300.fasta	18092	GTGAAGCAGGAGGTGAAAGA...	0.7348
assembly_prodigal_300.fasta	18118	GTGACCTCTAGTTACGTTGT...	0.6702
assembly_prodigal_300.fasta	18201	ATGAAGATTTCTCTCTCTCT...	0.8937
assembly_prodigal_300.fasta	18209	ATGTTACTATTAGTGGCACT...	0.7041
assembly_prodigal_300.fasta	18292	CAGCCAGCCAGTGGTGAACC...	0.7168
assembly_prodigal_300.fasta	18298	CTCCACTCGGTCATCGAGCG...	0.7721
assembly_prodigal_300.fasta	18301	GTGATTCTCCTCATATCACC...	0.8624
assembly_prodigal_300.fasta	18335	ATGGACTCTGATCTCTCATC...	0.6511
assembly_prodigal_300.fasta	18345	ATGGCAGGCCTCCCCGCACG...	0.6894
assembly_prodigal_300.fasta	18356	ATGTCACTCAATCTATTCTT...	0.7669
assembly_prodigal_300.fasta	18385	GTGTCCAGGGCTTTAGCTCG...	0.6552
assembly_prodigal_300.fasta	18500	TCCGTTGCTCAGCACGTTGC...	0.6720
assembly_prodigal_300.fasta	18517	ATGCTTGCAATCAAACCCCA...	0.6855
assembly_prodigal_300.fasta	18563	TTTTGGCTGTACTTTTGCAA...	0.7459
assembly_prodigal_300.fasta	18609	GTGTCTCTGTCCCGTGTGTC...	0.9855
assembly_prodigal_300.fasta	18675	ATGTCTCTTCTTCCTCCCTA...	0.8312
assembly_prodigal_300.fasta	18697	ATGACAGACGCCGAGCAGCA...	0.7541
assembly_prodigal_300.fasta	18800	ATGCAGCATCTGCGATGTGA...	0.7519
assembly_prodigal_300.fasta	18816	ATGCGCCCGTCAACAGGTAC...	0.7530
assembly_prodigal_300.fasta	18841	GGCTTCTCGCTGGCTTTAGA...	0.7072
assembly_prodigal_300.fasta	18854	GTCTCTCTCTCTCCAGTGTC...	0.9781
assembly_prodigal_300.fasta	18858	ATGTCGCTTCTCAAACATCT...	0.6840
assembly_prodigal_300.fasta	18859	ATGGGAGGACAGTACCTTGA...	0.7129
assembly_prodigal_300.fasta	18900	ATGATGTTGGAAGAGGATAC...	0.7204
assembly_prodigal_300.fasta	18911	ATGGAGACGTTTGATGATGC...	0.7129
assembly_prodigal_300.fasta	18922	AAGGCAAGGATATCACGTAC...	0.7226
assembly_prodigal_300.fasta	19002	GGATACGGTTGTCTCATGCT...	0.6513
assembly_prodigal_300.fasta	19005	ATGGCTCTCTTTCTTTCTCT...	0.6890
assembly_prodigal_300.fasta	19021	ATGAAAAGTATCCAGGGTCA...	0.6611
assembly_prodigal_300.fasta	19022	ATCTACATAAAAACTCTCAA...	0.6541
assembly_prodigal_300.fasta	19048	TTGTGTGAAGAGGGCTGCCT...	0.7260
assembly_prodigal_300.fasta	19049	GTAGAATACCACATCCACCT...	0.6884
assembly_prodigal_300.fasta	19098	ATGCGTTTGTTCGTTACCCA...	0.6741
assembly_prodigal_300.fasta	19108	GTGACCATCTCATTCATCAT...	0.6846
assembly_prodigal_300.fasta	19169	GGGGGTCTGTTAAACATGGG...	0.7108
assembly_prodigal_300.fasta	19216	GTGCCGCAGGTTTCAAACTA...	0.6669
assembly_prodigal_300.fasta	19274	AACACCAATTCTGTTTTCAT...	0.8129
assembly_prodigal_300.fasta	19292	CGCCGCCTCCAGGAGAATCT...	0.6819
assembly_prodigal_300.fasta	19366	ATGTCTCACTGGGAGGATGC...	0.6594
assembly_prodigal_300.fasta	19374	ATGGAACAACAGCCTTCAGC...	0.6982
assembly_prodigal_300.fasta	19415	ATGCTGCTCGACCAGAACAA...	0.7867
assembly_prodigal_300.fasta	19416	ATGGAAATTAAAGCTGCAAG...	0.9307
assembly_prodigal_300.fasta	19425	GTGATGCTGTTATATCTGTG...	0.6899
assembly_prodigal_300.fasta	19435	ATGAAGGTGCGTTTGTTTTA...	0.6543
assembly_prodigal_300.fasta	19459	ATGCATAATTCCCCTCGTTA...	0.7265
assembly_prodigal_300.fasta	19552	ATGAATACTAACTCTGCTGT...	0.6771
assembly_prodigal_300.fasta	19562	ATGTACCTTGTTTCTTTCCA...	0.7038
assembly_prodigal_300.fasta	19647	ATGCAGCCATTTTTGTCTTC...	0.7017
assembly_prodigal_300.fasta	19671	GTGGGTTTGACCAGTGTTAT...	0.8155
assembly_prodigal_300.fasta	19673	ATGACCCAAACTCCTTTTAA...	0.6753
assembly_prodigal_300.fasta	19680	ATGGGAGCGGTTTGCGGAAC...	0.7672
assembly_prodigal_300.fasta	19765	ATGAATAGGTATAAAATAAT...	0.6908
assembly_prodigal_300.fasta	19902	ATCTTCACCACAGTGAGAGC...	0.7239
assembly_prodigal_300.fasta	19920	TTCTCTCTCTCCGTCTCTCT...	0.6660
assembly_prodigal_300.fasta	19937	ATGTTTAAAAATTGGTTGAG...	0.8024
assembly_prodigal_300.fasta	19968	ATGATTTGTGATTCTTCTCT...	0.6896
assembly_prodigal_300.fasta	19969	GTGTTGATAAACGCTGTAAA...	0.6928
assembly_prodigal_300.fasta	20133	TTGTCTCTCCCGGCGGCGGA...	0.8844
assembly_prodigal_300.fasta	20183	ATGGTGAAAAATGCCTATCA...	0.6810
assembly_prodigal_300.fasta	20306	ATGTTCCAGGCTGAATTCTC...	0.6918
assembly_prodigal_300.fasta	20338	CCCCCTCCCTCATTTCTTCA...	0.8651
assembly_prodigal_300.fasta	20360	TTGATTAACTTTTCCTCTAC...	0.6935
assembly_prodigal_300.fasta	20365	ATGCAGCTGGACGGTTTGTG...	0.7480
assembly_prodigal_300.fasta	20387	ATGTCTGCTCTGCTACTTTA...	0.7057
assembly_prodigal_300.fasta	20429	GTGACCCTGAGTGAAGACCA...	0.7882
assembly_prodigal_300.fasta	20437	GTCGTCAGAGGTGTGACTGA...	0.7046
assembly_prodigal_300.fasta	20445	ATGCTCGCTGTTGCTATGGC...	0.8214
assembly_prodigal_300.fasta	20448	GTGCGTCTCGTTATTAAGCT...	0.7706
assembly_prodigal_300.fasta	20469	ATGCATGGGACTTCTCAACA...	0.7059
assembly_prodigal_300.fasta	20506	ATGTCTGGACCTTTTGAAAG...	0.7551
assembly_prodigal_300.fasta	20545	ATGGTCCCAATTGTTCCCGG...	0.8771
assembly_prodigal_300.fasta	20584	CCTTCAAAATTTCATTATCA...	0.6641
assembly_prodigal_300.fasta	20587	CACACACACACACACACACA...	0.7497
assembly_prodigal_300.fasta	20599	ATGACAACCCAGAGTCGAGA...	0.6524
assembly_prodigal_300.fasta	20630	CGGAAAGTGGGAGGGGCCCG...	0.9447
assembly_prodigal_300.fasta	20646	TCTCTCTGTCTCTCTCTCTC...	0.8037
assembly_prodigal_300.fasta	20677	ATGTCCTCCCTTCATCCTAG...	0.7102
assembly_prodigal_300.fasta	20700	ATGGCTGACCCGGTGTCTCA...	0.7439
assembly_prodigal_300.fasta	20721	CTGCTGCTGCTAACCGTTTC...	0.9296
assembly_prodigal_300.fasta	20762	TTCACCATATCTGCAGCAGT...	0.6840
assembly_prodigal_300.fasta	20780	ATGGAGGCAGTCTTCCGTGT...	0.6982
assembly_prodigal_300.fasta	20860	ATGTATGTGTCTGTTACCCC...	0.7256
assembly_prodigal_300.fasta	20900	CCCCCCTCTGGCTCACTTGA...	0.7271
assembly_prodigal_300.fasta	20933	ACACACACACACACACACAC...	0.7551
assembly_prodigal_300.fasta	20936	ATGATGCAGGAACTGGAAGA...	0.6870
assembly_prodigal_300.fasta	20938	ATGATGGCGGCAGCTGCGGC...	0.7747
assembly_prodigal_300.fasta	20959	ATGTGCTATACCTTTGTACC...	0.7493
assembly_prodigal_300.fasta	20988	ATGTTATCTTTTAGCTATAC...	0.6628
assembly_prodigal_300.fasta	21013	GTGTCAGCTGCTCCAACTGT...	0.7006
assembly_prodigal_300.fasta	21033	TCTCTCTCTCTCTCTCTCTC...	0.8431
assembly_prodigal_300.fasta	21066	ATGTTCACAACTTTCGGCCC...	0.7162
assembly_prodigal_300.fasta	21093	ATGTTTGCCCATCCAGTATT...	0.6535
assembly_prodigal_300.fasta	21115	GTCAATCACCATCTCTCTGG...	0.8058
assembly_prodigal_300.fasta	21154	TGTTACGCTACTATAGATGA...	0.7515
assembly_prodigal_300.fasta	21171	TTGACATTATGTTCAAGATC...	0.6606
assembly_prodigal_300.fasta	21257	ATGTTCCTTTTTGCTGATGT...	0.7755
assembly_prodigal_300.fasta	21315	ATGCTCCTAGCTTTGAATCT...	0.6919
assembly_prodigal_300.fasta	21409	ATGCCTCATGTTCTTATTCT...	0.8024
assembly_prodigal_300.fasta	21514	GATTACGTCATGCACTTCCT...	0.7514
assembly_prodigal_300.fasta	21574	ATGAAATATATGACTTTTCC...	0.6900
assembly_prodigal_300.fasta	21578	CCAATTAGAGCAGAACCAAC...	0.7656
assembly_prodigal_300.fasta	21591	ATGAACGCCATCCTTCATCA...	0.7308
assembly_prodigal_300.fasta	21745	ATGACCCTCTCCATCCAGAT...	0.6800
assembly_prodigal_300.fasta	21807	GTGTTCACACTGGTGGTGAC...	0.9387
assembly_prodigal_300.fasta	21921	ATGTCTTCCAATCAAATCCT...	0.7029
assembly_prodigal_300.fasta	21938	GTGGTGATTCCTCTTAGGGA...	0.6716
assembly_prodigal_300.fasta	22008	GTGTTCGCCACGGTGCTGGA...	0.7191
assembly_prodigal_300.fasta	22040	ATGTTTCGACTGAGACAAAT...	0.7627
assembly_prodigal_300.fasta	22050	ATGTTCAACAGTACGGTAAC...	0.6526
assembly_prodigal_300.fasta	22064	TTCCAGTCTGTCCCTGGTTT...	0.7793
assembly_prodigal_300.fasta	22093	ACACTTGCCCTAGTCCTAGA...	0.7673
assembly_prodigal_300.fasta	22094	ATGGTGGTTTGTGAACTCAC...	0.6529
assembly_prodigal_300.fasta	22108	ATGTTGATGCCGGATTGGGT...	0.7005
assembly_prodigal_300.fasta	22164	ATGGTTGATGACTGTTGGCT...	0.6765
assembly_prodigal_300.fasta	22183	ATGATGCATGTTCTGGTGTG...	0.7078
assembly_prodigal_300.fasta	22189	ATGGGGTTTCTTCCTTCATC...	0.7633
assembly_prodigal_300.fasta	22283	ATGCTAAATATTGTGTGTGA...	0.9556
assembly_prodigal_300.fasta	22327	GTGGTTCCTAGAGTCTCCAG...	0.7948
assembly_prodigal_300.fasta	22417	ATGGAAGTCGCCAAAAAAGG...	0.8763
assembly_prodigal_300.fasta	22418	ATGACGGTCACAAGCCCGAT...	0.6837
assembly_prodigal_300.fasta	22422	AAATCACATCAAATTATTTA...	0.6552
assembly_prodigal_300.fasta	22451	GTGGAGGAGCGTGAGGATGT...	0.7177
assembly_prodigal_300.fasta	22523	ATGAAGCTATTATCTCTACT...	0.6587
assembly_prodigal_300.fasta	22539	CACCTCCAAGTTAATCTTTC...	0.7020
assembly_prodigal_300.fasta	22597	ATGGATTTAGGGAAACAGCA...	0.6652
assembly_prodigal_300.fasta	22599	ATGGCCATTATTGTGCATGG...	0.6609
assembly_prodigal_300.fasta	22649	ATGTTGCCTGTGTGTGTGGA...	0.7468
assembly_prodigal_300.fasta	22685	ATGGTGATGTGTTCACAGAA...	0.7138
assembly_prodigal_300.fasta	22709	TTGATAGAGGAGCACCTGCG...	0.7262
assembly_prodigal_300.fasta	22716	ATGTACAGGCCTCAGAGTGT...	0.7377
assembly_prodigal_300.fasta	22788	GAAGGACCTGCTCGTCACGC...	0.6722
assembly_prodigal_300.fasta	22821	TCTAAATTGCCTGTAGGTGT...	0.8008
assembly_prodigal_300.fasta	22888	GTGCATTTAAGAATTGTATT...	0.6526
assembly_prodigal_300.fasta	22905	ATGAATATATTTTTCATTGT...	0.6542
assembly_prodigal_300.fasta	22947	CGTCTCACTGTGGATTCGTC...	0.7189
assembly_prodigal_300.fasta	22990	ACTTCCTCTCTCCTCGTCCA...	0.7157
assembly_prodigal_300.fasta	23083	GTGTCCTCAGAGAGCGCCGG...	0.8412
assembly_prodigal_300.fasta	23104	ATGGAACATGTACCCACTGA...	0.7105
assembly_prodigal_300.fasta	23164	GTTTTTTTAAGCCCTATCTT...	0.6670
assembly_prodigal_300.fasta	23222	ATGACACTCACTAATTGCAA...	0.6506
assembly_prodigal_300.fasta	23511	ATGTTATTTTTAGATCTGAG...	0.6670
assembly_prodigal_300.fasta	23541	GTGGTTCTGGGGGAGGGGGC...	0.9448
assembly_prodigal_300.fasta	23542	ATGCCCCAGTCACACATTCC...	0.6528
assembly_prodigal_300.fasta	23554	GCGCTCAGAATCAAACTCAG...	0.6962
assembly_prodigal_300.fasta	23651	GTGACGTCTGCAGGAGCAGT...	0.7794
assembly_prodigal_300.fasta	23734	GTGTTACTGGTTCAGTCTAA...	0.7114
assembly_prodigal_300.fasta	23777	CTGATCCTGCGCCACGTCCC...	0.6697
assembly_prodigal_300.fasta	23803	GTGTCTGCAGATGCTGGTAC...	0.9737
assembly_prodigal_300.fasta	23842	GCATTAGCCACTCTTATGCC...	0.8305
assembly_prodigal_300.fasta	23904	ATGTGTCACATCACTGTTTA...	0.6958
assembly_prodigal_300.fasta	23955	ATGTTCAACTTTACTCAACT...	0.7456
assembly_prodigal_300.fasta	23998	TTTATGTCTATCATTGTTTT...	0.7049
assembly_prodigal_300.fasta	24003	AAGATGGACTACTCCCATCT...	0.6575
assembly_prodigal_300.fasta	24043	ATGTCTCTGCGTTCTTGTCT...	0.7063
assembly_prodigal_300.fasta	24053	ATGCACAGCCAAGGCAGTCC...	0.8095
assembly_prodigal_300.fasta	24092	CCTCTTCCTCACGCTGTTAC...	0.7264
assembly_prodigal_300.fasta	24200	GAATCTCACTTCAGTTCAAA...	0.6792
assembly_prodigal_300.fasta	24219	CTTCAGCTATCACCCTCCTC...	0.6748
assembly_prodigal_300.fasta	24252	ATGACTGTCACTTTATATGT...	0.8451
assembly_prodigal_300.fasta	24262	GTGATTTGGGGCCTGACAAT...	0.7579
assembly_prodigal_300.fasta	24335	ATGATGTGGGCAGGAAGTAA...	0.8642
assembly_prodigal_300.fasta	24345	ATGCATTTGTTACTTCCCGA...	0.7946
assembly_prodigal_300.fasta	24449	ATGGTAGTTCAGCTGTTCCC...	0.7744
assembly_prodigal_300.fasta	24491	ATGACCCGGGTGTGTTTGAT...	0.6903
assembly_prodigal_300.fasta	24511	ATGTTTCTCAAGTATGGGCT...	0.7674
assembly_prodigal_300.fasta	24522	TCTACTCGATGGTTTGAATT...	0.7842
assembly_prodigal_300.fasta	24548	ATGGCGGTGTACTTCAACAG...	0.6563
assembly_prodigal_300.fasta	24556	ATGAAGCCGCTGCTCCTCTT...	0.7267
assembly_prodigal_300.fasta	24575	CGCGGCCACAACGTCCTGCG...	0.9495
assembly_prodigal_300.fasta	24668	ATGATTAAGCAGGTGGATCT...	0.6954
assembly_prodigal_300.fasta	24705	GTGGTCCTGCTGGTTCTGGG...	0.7690
assembly_prodigal_300.fasta	24742	ATGTTTGCCAGGATCTTCAT...	0.6520
assembly_prodigal_300.fasta	24744	GTGTTTGATTATGCCAACTG...	0.7250
assembly_prodigal_300.fasta	24755	ATGTGTTTCACAGAACTTTG...	0.7020
assembly_prodigal_300.fasta	24759	ATGGAAACCCCGAACTTCGA...	0.8239
assembly_prodigal_300.fasta	24802	ATGTCCAACCTTGAGTGTGT...	0.9052
assembly_prodigal_300.fasta	24808	ATGAACAATCTGCAGCAAGC...	0.9279
assembly_prodigal_300.fasta	24872	GTGTGTGCGTTCGCCCAGTT...	0.8556
assembly_prodigal_300.fasta	24892	GTGTGTCTTAAGCGTGTGCA...	0.8183
assembly_prodigal_300.fasta	24915	ATGGAGGAGGAGGAGGAGGA...	0.7965
assembly_prodigal_300.fasta	25037	CACCCTCCTTACATCTTCTT...	0.7939
assembly_prodigal_300.fasta	25041	ATGAGGCTGTCTCGGTGTAA...	0.7479
assembly_prodigal_300.fasta	25116	ATGGTGGAGCGTCCTCCTCC...	0.6663
assembly_prodigal_300.fasta	25123	ATGCAGCTGAACCCGTCGTT...	0.6778
assembly_prodigal_300.fasta	25127	ATGGTTGATCGTAATGAGTG...	0.6700
assembly_prodigal_300.fasta	25156	ATGTCTCGGCCCTCGCCCCG...	0.8029
assembly_prodigal_300.fasta	25158	GTTTCTGTCTGGACCCGTTC...	0.9134
assembly_prodigal_300.fasta	25198	ATGCACACACTCACACACAC...	0.8437
assembly_prodigal_300.fasta	25243	GTGGAGACGGGACACCTTAC...	0.8200
assembly_prodigal_300.fasta	25311	GTGGCTGCTTATGTACACCA...	0.8338
assembly_prodigal_300.fasta	25327	ATGGACGTAAAATATTTCCT...	0.8196
assembly_prodigal_300.fasta	25368	GACTCTACTGGACTCTACTG...	0.7100
assembly_prodigal_300.fasta	25388	ACGCTCAGTCTAGTTCCCAA...	0.7100
assembly_prodigal_300.fasta	25560	ATGAAAACTCAACTTACTTT...	0.6781
assembly_prodigal_300.fasta	25591	TGTAATGTTCAGCTATTTAT...	0.6640
assembly_prodigal_300.fasta	25599	CTTTTACTTTTACTGAGCCC...	0.6870
assembly_prodigal_300.fasta	25643	ATGTCTTGTTTGATTCTTCT...	0.8402
assembly_prodigal_300.fasta	25648	ATGGCAACTGTCTCATCAAT...	0.6656
assembly_prodigal_300.fasta	25655	ATGGAGGTGGAGCTCAAAAG...	0.6663
assembly_prodigal_300.fasta	25664	ATGGGTATTTATGTGACTGC...	0.6560
assembly_prodigal_300.fasta	25687	GTGTGTAGGGGGGCTATACT...	0.7263
assembly_prodigal_300.fasta	25821	ATGACGCGGCTAACACGCCA...	0.7358
assembly_prodigal_300.fasta	25920	AAAACAGAACACGAGTTGAC...	0.9002
assembly_prodigal_300.fasta	25954	ATGAACGAAAACATTCGTAA...	0.6573
assembly_prodigal_300.fasta	25988	ATGCATGATTTTCATTGGAC...	0.7812
assembly_prodigal_300.fasta	26098	ATGAACACTACTCACACGCT...	0.6701
assembly_prodigal_300.fasta	26100	ATGTACCAGCAGCAGGTCCA...	0.7468
assembly_prodigal_300.fasta	26183	TGCATGGGGTGTTTTATTTT...	0.6800
assembly_prodigal_300.fasta	26209	GTGTCTTTTCCCAAACAAAC...	0.7014
assembly_prodigal_300.fasta	26214	ATTGTCCCTCCTTGTGTCTG...	0.9310
assembly_prodigal_300.fasta	26232	ATGCATCTTGAAGATGAATG...	0.7235
assembly_prodigal_300.fasta	26261	TCTCTCTCTCTCTCTCTCTC...	0.7128
assembly_prodigal_300.fasta	26265	ATGCAGGGCATTGATCACAG...	0.7920
assembly_prodigal_300.fasta	26275	GGCTGGACCTTCTACATCTG...	0.9135
assembly_prodigal_300.fasta	26320	CAGATGTTCCACATGTTCCT...	0.6862
assembly_prodigal_300.fasta	26328	GTGTGTTATGTTTGTCCTCT...	0.6540
assembly_prodigal_300.fasta	26505	ATGATGTGCGGACTCACCTG...	0.6962
assembly_prodigal_300.fasta	26544	ATGCCCCCCCCTCCCACCTC...	0.7365
assembly_prodigal_300.fasta	26551	ATGGGCAGACTAATAGTATT...	0.7703
assembly_prodigal_300.fasta	26590	ATGTCATCATATCAGTCACG...	0.6680
assembly_prodigal_300.fasta	26632	CTCCTCCTCCTCCTCCTCCT...	0.8405
assembly_prodigal_300.fasta	26703	ATGAAACAACAACAGATATT...	0.6794
assembly_prodigal_300.fasta	26712	TTGACTAGCTCAACACTTGT...	0.7628
assembly_prodigal_300.fasta	26787	CTCGAGGTCCTAATCTCACA...	0.6983
assembly_prodigal_300.fasta	26804	ATGCCTGAATGTATGAATAC...	0.6697
assembly_prodigal_300.fasta	26807	ACATTTGTTTATTTGGACAC...	0.7224
assembly_prodigal_300.fasta	26834	GTGTCGGATGGCTGGGAAAA...	0.7974
assembly_prodigal_300.fasta	26837	TTGAACACACACACACACAC...	0.7637
assembly_prodigal_300.fasta	26846	ATGCGTGTAATCAGCATTAT...	0.6868
assembly_prodigal_300.fasta	26885	TTGACTTTCACTTTCAGTAC...	0.6935
assembly_prodigal_300.fasta	26960	GTGGGAGTATTGAAGCCAGA...	0.6934
assembly_prodigal_300.fasta	26975	ACAGACACTGATTCCACCTG...	0.6824
assembly_prodigal_300.fasta	26990	ATGTGTGTTATTGTGAATCA...	0.7153
assembly_prodigal_300.fasta	26996	ATGCCAGCCAACCTCGCACC...	0.8873
assembly_prodigal_300.fasta	27018	ATGGTACAATTAGATTTTGG...	0.7660
assembly_prodigal_300.fasta	27110	AACTGTTCTTGCCACCATTG...	0.7320
assembly_prodigal_300.fasta	27125	CCTGCGGCATTTCGCCGCAG...	0.7453
assembly_prodigal_300.fasta	27158	ATGACGCTCGGGATCATCAT...	0.7043
assembly_prodigal_300.fasta	27189	ATGTTAAACACACTCAGAGA...	0.6905
assembly_prodigal_300.fasta	27219	TTGTTCTGGTGGATTGATGC...	0.8684
assembly_prodigal_300.fasta	27308	ATGGAGACTAAACACAAGCT...	0.7663
assembly_prodigal_300.fasta	27381	ATGATGACGGATTGGTTTTC...	0.7104
assembly_prodigal_300.fasta	27438	GTGTGGTCTGATCAGTGTGT...	0.6591
assembly_prodigal_300.fasta	27467	ATGTCTAAATCTAGTTTTCT...	0.6604
assembly_prodigal_300.fasta	27472	CCTTTCCTCCTCTCTCTCCT...	0.6886
assembly_prodigal_300.fasta	27486	TTGCCTGATCTGGTGGATTG...	0.6680
assembly_prodigal_300.fasta	27573	TTGTGTCTCGGGGAAGGTGT...	0.7109
assembly_prodigal_300.fasta	27591	ATGCATCATTTTAATGACTA...	0.7160
assembly_prodigal_300.fasta	27599	TGCATCATTGGAGCCTTTCT...	0.7944
assembly_prodigal_300.fasta	27629	GTGAGTCTGGGTGTGTTTGC...	0.8990
assembly_prodigal_300.fasta	27653	TTGACCTCCTCTGCTATCTG...	0.8204
assembly_prodigal_300.fasta	27664	GAAAATAACTGCATCCTCTT...	0.7439
assembly_prodigal_300.fasta	27710	ATGACTCCAGTTCTTCTTGG...	0.7118
assembly_prodigal_300.fasta	27769	GATATCTTGTGTCAAGTCAG...	0.6515
assembly_prodigal_300.fasta	27805	GTGAGAGTATCTTCTGCATG...	0.8189
assembly_prodigal_300.fasta	27877	ATGTTTGTTTTGATCATCAT...	0.6864
assembly_prodigal_300.fasta	27901	ATGAGACTTTTCCTTTGCCG...	0.7997
assembly_prodigal_300.fasta	27908	ATGATTCTGTGTAACTATAC...	0.7694
assembly_prodigal_300.fasta	27994	ATGTTCTTTCTCACACACTC...	0.6632
assembly_prodigal_300.fasta	28019	CCTCAGTTCGGACTCCTGAT...	0.7986
assembly_prodigal_300.fasta	28030	ATGCTCCCCACCCAATCCTC...	0.6975
assembly_prodigal_300.fasta	28041	ATGTGGTATCTAGTCTTATG...	0.7521
assembly_prodigal_300.fasta	28095	ATGTGTGTGCCTGAACACAC...	0.7355
assembly_prodigal_300.fasta	28134	CGTTGTCTCACCTCTCTTGC...	0.6966
assembly_prodigal_300.fasta	28154	AACATCTTTGAGAGCCACGA...	0.6510
assembly_prodigal_300.fasta	28237	ATGCATTTCCTCCACCCCCC...	0.8721
assembly_prodigal_300.fasta	28375	CTATCTTCTGCTAAACTCCG...	0.6694
assembly_prodigal_300.fasta	28410	ATGACAGTTCTCCCTGGCAC...	0.6667
assembly_prodigal_300.fasta	28442	ATGATCTGTAACCACCTCAT...	0.6949
assembly_prodigal_300.fasta	28458	ATGGAAATCACTTTAAGGAT...	0.7260
assembly_prodigal_300.fasta	28566	CTTATTGATCTTCTACTGGT...	0.8372
assembly_prodigal_300.fasta	28598	GTGAAGGATCTGTCCACTTC...	0.8889
assembly_prodigal_300.fasta	28637	ATGCAAGGCCACGGTTTCCA...	0.8169
assembly_prodigal_300.fasta	28713	ATGCCCTCCTTCACCTTCCT...	0.8931
assembly_prodigal_300.fasta	28714	ATGTTCAATGTTCCTGCGCA...	0.8243
assembly_prodigal_300.fasta	28753	ATGGGCTCTGTTGCATCAGA...	0.7623
assembly_prodigal_300.fasta	28791	GTGTGGGTTGAACCCAGTGC...	0.7419
assembly_prodigal_300.fasta	28822	ACTGAAAATTTTGTCTCTCT...	0.7394
assembly_prodigal_300.fasta	28850	ATGCTCTCCCAGTCACTTGG...	0.7788
assembly_prodigal_300.fasta	28881	ATGGATGCTATTGAAATGGA...	0.7120
assembly_prodigal_300.fasta	28918	ATGCGCCTCGCCCCACTGGA...	0.6577
assembly_prodigal_300.fasta	28922	AACATTGTATTAAAAGTATC...	0.6763
assembly_prodigal_300.fasta	28932	CCTCAGACTAGAGAAGGTCT...	0.6678
assembly_prodigal_300.fasta	28971	ATGAGGGCCCGCAATGATTT...	0.7442
assembly_prodigal_300.fasta	29080	ATGCAGGTACACTTTCTTCA...	0.7492
assembly_prodigal_300.fasta	29082	GTGTGTGTTTTTGTGTGTTT...	0.7867
assembly_prodigal_300.fasta	29183	GTTCTTCATCTCCTGCTTGA...	0.6960
assembly_prodigal_300.fasta	29191	ATGGGTTGTGGTCACCCCCT...	0.8411
assembly_prodigal_300.fasta	29204	ATGCTTGTTATGACTGATGC...	0.6966
assembly_prodigal_300.fasta	29206	ATGATGACCCCTGACCTTGT...	0.6953
assembly_prodigal_300.fasta	29219	ATGGTGGAACTATTTCATGT...	0.7356
assembly_prodigal_300.fasta	29317	ATTCACCAATCCATCACATA...	0.7442
assembly_prodigal_300.fasta	29333	ATGACATCTTCTCTCTTCCT...	0.7446
assembly_prodigal_300.fasta	29357	TGTATGTATATTGATTGCTG...	0.7579
assembly_prodigal_300.fasta	29364	ATGTGTTTACCAGTGGCAGA...	0.9122
assembly_prodigal_300.fasta	29453	GTGGTGTGTTTACTTCCTCA...	0.7359
assembly_prodigal_300.fasta	29477	ATGACCTTGACGTTTTATGA...	0.9004
assembly_prodigal_300.fasta	29719	ATGTTTAAATACTCTACAGT...	0.8324
assembly_prodigal_300.fasta	29720	ACCAGAGCACTCTACTGGGT...	0.7177
assembly_prodigal_300.fasta	29777	ATGGCCTGTTTAGCTGTCTC...	0.7323
assembly_prodigal_300.fasta	29936	ATGAGCGCGGAGCCGGACGC...	0.7230
assembly_prodigal_300.fasta	29950	GTGTTGGAGACAGCCTATTT...	0.7101
assembly_prodigal_300.fasta	29961	ATGTTTCCCCTTGAGCGGCT...	0.8389
assembly_prodigal_300.fasta	30047	GCCGTCTTCTGCTTGAATGA...	0.7729
assembly_prodigal_300.fasta	30054	ATGTGGATTCAAGCCTCTCT...	0.6629
assembly_prodigal_300.fasta	30062	ATGAAGACCACAACACAAGT...	0.8017
assembly_prodigal_300.fasta	30063	ATGACCACTATATATGTCAA...	0.9167
assembly_prodigal_300.fasta	30137	CCTCTTCCCCTCAGGCTTGT...	0.6704
assembly_prodigal_300.fasta	30159	ATGGTCTACTATCGCCTTGC...	0.8472
assembly_prodigal_300.fasta	30203	ATGGCTCCAGCGGTGGGCGG...	0.7243
assembly_prodigal_300.fasta	30205	AAATGGACCCTTTTCCAATT...	0.6880
assembly_prodigal_300.fasta	30209	GTGGATCAGGACTCCTGCCA...	0.6853
assembly_prodigal_300.fasta	30225	ATGGAGACAGACAGCAATAA...	0.8000
assembly_prodigal_300.fasta	30227	TTTATTTACGATTTTTATTA...	0.7149
assembly_prodigal_300.fasta	30243	ATGCCTACGCCTGCAATTAT...	0.7892
assembly_prodigal_300.fasta	30262	TGTGCGGAGAACAACGGCGG...	0.6825
assembly_prodigal_300.fasta	30294	ATGGACACGGAGAGTCTAAC...	0.6821
assembly_prodigal_300.fasta	30456	ATGGGTTCAGGAGTATGCTT...	0.6502
assembly_prodigal_300.fasta	30465	ATGTCGCTGCACTCCTCGGT...	0.8745
assembly_prodigal_300.fasta	30478	ACTGCTTTCCCCTTTCTACA...	0.6799
assembly_prodigal_300.fasta	30524	ATGTTTAATCATCGCAAGTT...	0.6785
assembly_prodigal_300.fasta	30526	ATGAAATATTTTGTTCTATG...	0.7136
assembly_prodigal_300.fasta	30590	ATTTTATTTTATTTTATTAT...	0.8115
assembly_prodigal_300.fasta	30617	GTGTCTCGTCTCTTTCAGGA...	0.8857
assembly_prodigal_300.fasta	30656	GTTACACAGCATCCGTGTCA...	0.6756
assembly_prodigal_300.fasta	30677	ATGTATGCTTCCATCTTGAA...	0.6595
assembly_prodigal_300.fasta	30775	GTGTATAGTGTGTGTATATG...	0.6539
assembly_prodigal_300.fasta	30784	TATTTAATTCTTAGAGGCTT...	0.6738
assembly_prodigal_300.fasta	30790	ATGCAGAACCCTACCATCGT...	0.7748
assembly_prodigal_300.fasta	30863	CCGTTACCGTGGAAACACGA...	0.8231
assembly_prodigal_300.fasta	30883	GTGTGTGTGTGTGTGTATGT...	0.8402
assembly_prodigal_300.fasta	30887	ATGTTTCATTTCTTTGCTGA...	0.7316
assembly_prodigal_300.fasta	30929	ATGCAACGTCTCATCCGTTC...	0.6865
assembly_prodigal_300.fasta	30989	ATGACTGACCTCTGCCCCGA...	0.6916
assembly_prodigal_300.fasta	31032	ATGTTTTTAAAACCCTCTCC...	0.9005
assembly_prodigal_300.fasta	31040	CTCTCTCTCTCTCTCTCTCA...	0.8923
assembly_prodigal_300.fasta	31064	ATGATTCTACTCCTTCACCT...	0.6911
assembly_prodigal_300.fasta	31092	ATGTTACACATTTTACAGCT...	0.6725
assembly_prodigal_300.fasta	31144	ATGGTTTTGTTCTCACCAGG...	0.6598
assembly_prodigal_300.fasta	31215	GTGGTGTGTCCTTCCCAGGC...	0.8130
assembly_prodigal_300.fasta	31220	ATGTTAATGGGAACCTTCCC...	0.9417
assembly_prodigal_300.fasta	31289	ATGGAAAGTGGCTCAATGTT...	0.6680
assembly_prodigal_300.fasta	31296	TTTCTCTTGATTTTCTTCTT...	0.7393
assembly_prodigal_300.fasta	31349	ATGTCTGCTTCCTGTTTTGT...	0.7723
assembly_prodigal_300.fasta	31380	ATGAACATTGCCTCCAGCAC...	0.8294
assembly_prodigal_300.fasta	31412	ATAAATGTGAAACGCTCTGA...	0.7021
assembly_prodigal_300.fasta	31422	ATGCATGCATTCACATACAC...	0.6986
assembly_prodigal_300.fasta	31528	GTGTTGGTGTCTCGGGCAGT...	0.7448
assembly_prodigal_300.fasta	31560	ATGTTACTCTTTGATCCCAT...	0.7317
assembly_prodigal_300.fasta	31562	GTGCAGCAGATACAGACCGC...	0.8342
assembly_prodigal_300.fasta	31601	ATGATTGACACGTCTGTCCC...	0.6711
assembly_prodigal_300.fasta	31688	ATGATGATGATGATGATGAT...	0.9228
assembly_prodigal_300.fasta	31750	ATGGCCAACGGCGAGAAGAA...	0.7691
assembly_prodigal_300.fasta	31771	ATGTGTTGCCGTCCTTCTTC...	0.9410
assembly_prodigal_300.fasta	31830	ATGCCCCACGATGCACCCAA...	0.7130
assembly_prodigal_300.fasta	31848	ATGAGAGACACGTACCTCTT...	0.7609
assembly_prodigal_300.fasta	31907	TTTCTTAATTTCAGGTTGCA...	0.6719
assembly_prodigal_300.fasta	31942	ATGCCTCTCCCTCCAGGAGC...	0.6993
assembly_prodigal_300.fasta	31946	TCCTCCTCCTCCTCCATCGG...	0.8064
assembly_prodigal_300.fasta	31971	ATGGGTCAGAGATTCGCATT...	0.6686
assembly_prodigal_300.fasta	31972	GTGTGTGTCTTTAATGATTT...	0.8045
assembly_prodigal_300.fasta	32028	ATGTTTGGTACCTTGATTGA...	0.8089
assembly_prodigal_300.fasta	32074	ATGATCATCGGTCCATGATT...	0.6532
assembly_prodigal_300.fasta	32084	ATGTGTCTGAACTACGTTAC...	0.6553
assembly_prodigal_300.fasta	32113	ATGTCAGGTAACTGGTCCGT...	0.9657
assembly_prodigal_300.fasta	32118	ATGAAAGAGACTTTTACCAT...	0.7325
assembly_prodigal_300.fasta	32144	GCTACTACTGCTACTACTAC...	0.7711
assembly_prodigal_300.fasta	32174	ATGACAGAGCCAGCAGACCC...	0.6756
assembly_prodigal_300.fasta	32178	ATGTTATTCAAGTTGACTAA...	0.6583
assembly_prodigal_300.fasta	32225	ATGGGGCTCCTTCACGCCTC...	0.9644
assembly_prodigal_300.fasta	32228	ATGTCTGCGGTACTTTCAAG...	0.6941
assembly_prodigal_300.fasta	32377	GTGATTTTTCTGCACTCCAA...	0.6868
assembly_prodigal_300.fasta	32419	ATGGAAGCTGAGTCTTTTCA...	0.7100
assembly_prodigal_300.fasta	32422	ATGTTTCCCATGCCCCGTGT...	0.6672
assembly_prodigal_300.fasta	32423	ATGCGTTCCATACCTGTAGG...	0.7932
assembly_prodigal_300.fasta	32452	ATGATTTTTGAAAATGTTTG...	0.8681
assembly_prodigal_300.fasta	32457	GTGGAAGCCGCTCGACGGGT...	0.7529
assembly_prodigal_300.fasta	32461	GTGATCTTCTTGTATGCCAG...	0.6579
assembly_prodigal_300.fasta	32497	TGCAGTGACCAGCAATCCAC...	0.7082
assembly_prodigal_300.fasta	32520	ATGATCCGCCTGGTCGTCGT...	0.7154
assembly_prodigal_300.fasta	32525	ATGATGCTGTGTGCTTGTGT...	0.7113
assembly_prodigal_300.fasta	32641	ATGTGTTTTATTGAGTGTGA...	0.6539
assembly_prodigal_300.fasta	32644	TGGAACTACCTCACACCCGA...	0.7217
assembly_prodigal_300.fasta	32655	ATGTGTGTGCATATGATTAA...	0.8076
assembly_prodigal_300.fasta	32666	ATGCAGATGGGTCGGCTCAC...	0.6672
assembly_prodigal_300.fasta	32684	ATGTTAAATCTTTATAGAAA...	0.7111
assembly_prodigal_300.fasta	32798	GCTTCCAGCCTGCATCTCAG...	0.7591
assembly_prodigal_300.fasta	32825	GTGTTTCTCGTCGAGGTTAT...	0.6721
assembly_prodigal_300.fasta	32838	ATGTTCTCTCCCTCTTCCTG...	0.7405
assembly_prodigal_300.fasta	32847	ATACCCTCCGGACCCCTCGC...	0.8336
assembly_prodigal_300.fasta	32897	GTGTGCGTGTGTGCGTGCGT...	0.7335
assembly_prodigal_300.fasta	32903	AGCTTCAGTCCTGCTGCCCA...	0.7291
assembly_prodigal_300.fasta	32914	ATGTTGATTAGTGGATATTT...	0.7440
assembly_prodigal_300.fasta	32922	AATAGTCATGTAGTGTTAGA...	0.7536
assembly_prodigal_300.fasta	32944	ATGGAGAAAGTTGTGTTGGC...	0.7629
assembly_prodigal_300.fasta	32992	ACTTCTTTTTCTCCTTCTTT...	0.7220
assembly_prodigal_300.fasta	33011	TTCGGATCTCTCTGCCTTTT...	0.7236
assembly_prodigal_300.fasta	33097	CTAAACATCTCCCATTTAAA...	0.6537
assembly_prodigal_300.fasta	33217	ATGATGATGGTTCTCGGTGC...	0.7687
assembly_prodigal_300.fasta	33283	ATGTGTATACCGCTCTATAT...	0.7592
assembly_prodigal_300.fasta	33370	CGGCGAGCCCTCAACAGTTT...	0.7532
assembly_prodigal_300.fasta	33408	ATGAACCCGACCAGTGCTGG...	0.8554
assembly_prodigal_300.fasta	33409	ACAAGGTGGACTGGACCGCC...	0.6632
assembly_prodigal_300.fasta	33445	ATGTCATCGCGTATTGATCA...	0.7104
assembly_prodigal_300.fasta	33457	CTGCTCCCCGTGTCGGTGGC...	0.8504
assembly_prodigal_300.fasta	33507	ATGAGCACAAAGCAGATGCC...	0.6570
assembly_prodigal_300.fasta	33515	TCCTCCTCCTCCCCCCTCCC...	0.6682
assembly_prodigal_300.fasta	33521	GTGCCCGCTGACGATTTGAC...	0.7846
assembly_prodigal_300.fasta	33553	ATGGAAATTCACATTTTGTA...	0.8209
assembly_prodigal_300.fasta	33571	ATGGTTTGTATCCCTTTGCC...	0.8790
assembly_prodigal_300.fasta	33630	ATGGTAGCAGCAGCAACAGC...	0.7127
assembly_prodigal_300.fasta	33631	ATGAATGAAACACCTGTTTT...	0.6874
assembly_prodigal_300.fasta	33727	ATGTTACAGCGCTGTGGCTC...	0.8281
assembly_prodigal_300.fasta	33814	ATGCCTCCTCCTTTTCTTCC...	0.8278
assembly_prodigal_300.fasta	33953	CTCCTTCTTTTTCTTGCGGC...	0.6967
assembly_prodigal_300.fasta	33956	GTGTGTGTGTGTGTGTGTTT...	0.9424
assembly_prodigal_300.fasta	33967	ATGTACAATGTCAAAGATAT...	0.6557
assembly_prodigal_300.fasta	34232	GTGGAAGCTCGCAGGGTTTC...	0.6925
assembly_prodigal_300.fasta	34301	GTGCAGCTTATTCAGGAAGT...	0.6660
assembly_prodigal_300.fasta	34325	ATGCAAGGGGTAATTGTAAT...	0.6525
assembly_prodigal_300.fasta	34367	ATGTCATTTGCTGCTTATAT...	0.6883
assembly_prodigal_300.fasta	34387	ATGCATCATAAAGAGTTGCA...	0.7480
assembly_prodigal_300.fasta	34395	ATGGAACAGATGGGTTCAAC...	0.7747
assembly_prodigal_300.fasta	34439	GTGTGTCTTTGCTTTCCTGT...	0.8909
assembly_prodigal_300.fasta	34506	ATGCTGATATTTTTTTCTGC...	0.7981
assembly_prodigal_300.fasta	34540	ATGTTGCACGCCACCTTTCT...	0.7874
assembly_prodigal_300.fasta	34547	AGGCTTCAGATTGAAGCTCA...	0.8979
assembly_prodigal_300.fasta	34560	GTGTGTGTGTGTGCTACACT...	0.7816
assembly_prodigal_300.fasta	34705	ATGTTTTTGCTTGCCTTCTT...	0.8810
assembly_prodigal_300.fasta	34865	GTGGGGCAGTTCCCTGCTCC...	0.7012
assembly_prodigal_300.fasta	34868	ATGCAGAGAGAAGTCAGACT...	0.6507
assembly_prodigal_300.fasta	34871	ATGCCATTCTCCCCACTGGT...	0.9253
assembly_prodigal_300.fasta	34886	ATGCGTGCAGGAGTTCACTA...	0.6529
assembly_prodigal_300.fasta	34934	ATGTCTATCTCTCCTCCATC...	0.7303
assembly_prodigal_300.fasta	34959	ATGAGAGTCGGAGCAGAGAG...	0.9310
assembly_prodigal_300.fasta	34997	CAGGTGTCTGCGGCGGCACC...	0.8742
assembly_prodigal_300.fasta	35064	ATGCTTCTCAAACATCAAAA...	0.7542
assembly_prodigal_300.fasta	35114	TGCATACACTCTCCCCTCTC...	0.6860
assembly_prodigal_300.fasta	35164	GTGTCAGCTGCTGAGTCGGC...	0.7130
assembly_prodigal_300.fasta	35186	TTTTCTCTCCGATTCATGGC...	0.7760
assembly_prodigal_300.fasta	35238	ATGTACGTTTCCATTGCCTT...	0.7722
assembly_prodigal_300.fasta	35260	ATGACTACACACCCTGCCCC...	0.6693
assembly_prodigal_300.fasta	35263	CCTGGATTTTTCCTTCTTCC...	0.8409
assembly_prodigal_300.fasta	35306	GTGAGGGTGCGGGAGAGAGG...	0.6580
assembly_prodigal_300.fasta	35400	TCTGCCTCTCAGCAGGGGCT...	0.7015
assembly_prodigal_300.fasta	35439	ATGTATGTTATACTGGCCCT...	0.7661
assembly_prodigal_300.fasta	35458	CTCTCTCTCTCTCTCTCTCT...	0.8844
assembly_prodigal_300.fasta	35549	ATGTTGCAGCTGTGTGTGTG...	0.8070
assembly_prodigal_300.fasta	35573	TCTCCACAAGACATCGACCC...	0.8556
assembly_prodigal_300.fasta	35591	ATGATTGATTTCCTGATTTT...	0.7286
assembly_prodigal_300.fasta	35641	ATGGCCTCCTCTTCGTGCTT...	0.6580
assembly_prodigal_300.fasta	35657	TCTCATGTCTCTCTGGGTCT...	0.8565
assembly_prodigal_300.fasta	35841	CAGCGCTGGGCCCACCTGAC...	0.7981
assembly_prodigal_300.fasta	35888	ATGGCTGCAAACACACGCAG...	0.7839
assembly_prodigal_300.fasta	35894	GCTCGTGTCTTTTCACAGCC...	0.8391
assembly_prodigal_300.fasta	35938	GTGTGGAATTTTAGTCTGCC...	0.6645
assembly_prodigal_300.fasta	35991	ATGCTTGCGGTGGAGTTCAC...	0.7093
assembly_prodigal_300.fasta	36032	ATGGTCATATTAGGCAAAAA...	0.7437
assembly_prodigal_300.fasta	36094	ATGGCTTTTACTCCTCTGTA...	0.7505
assembly_prodigal_300.fasta	36133	ATGTTGGGCGTTTCCATCTC...	0.7583
assembly_prodigal_300.fasta	36211	ATGCACTTACATGTACTCTA...	0.6786
assembly_prodigal_300.fasta	36384	GTGGCGCTCGTCCTGACCGG...	0.7625
assembly_prodigal_300.fasta	36467	CCGCCTCCGTTACAGCGTTT...	0.8736
assembly_prodigal_300.fasta	36479	GTGTATCGGTGGCACCTGCT...	0.6910
assembly_prodigal_300.fasta	36540	GATATTTCCAGTTCTTATAG...	0.6774
assembly_prodigal_300.fasta	36565	GTGCCACTTCCTGATCCACT...	0.6825
assembly_prodigal_300.fasta	36573	ATGAGCCACCTGCACCGCTT...	0.6771
assembly_prodigal_300.fasta	36616	ATGACTTTTAACGGCGGCGG...	0.6566
assembly_prodigal_300.fasta	36626	CCTAGACTGGACCCAGTCCT...	0.7069
assembly_prodigal_300.fasta	36658	ATGAGCGTATATTGTGTGTT...	0.7275
assembly_prodigal_300.fasta	36663	ATGATATCAATCTTCTCATT...	0.6797
assembly_prodigal_300.fasta	36710	ATGGTCATAACACGCAGTTG...	0.6996
assembly_prodigal_300.fasta	36771	CCACTCGCACTGGCCGCCCG...	0.9792
assembly_prodigal_300.fasta	36790	CTTCAACCTGCTCTGAAAGC...	0.7000
assembly_prodigal_300.fasta	36844	ATGCACTACATGAACCCCCA...	0.7508
assembly_prodigal_300.fasta	36914	ATGAAATATCTGGATTTTTT...	0.6567
assembly_prodigal_300.fasta	36932	ATGTCACATGCTCATCCAAA...	0.9141
assembly_prodigal_300.fasta	36942	GTGATCTCCAGTACTACAGC...	0.6840
assembly_prodigal_300.fasta	36961	ATGCCCCATTTCATCCTTGG...	0.7017
assembly_prodigal_300.fasta	36987	ATGGGCGACGGACAGATTTG...	0.7482
assembly_prodigal_300.fasta	37056	ATGACCCCTATCCTCGCCTC...	0.6697
assembly_prodigal_300.fasta	37137	ATGTGGATAATTAATGCTCA...	0.7390
assembly_prodigal_300.fasta	37139	TCCTCCTCCCACCTGGTTTC...	0.7647
assembly_prodigal_300.fasta	37172	ATGAAGTCGAGGAGGGACAG...	0.8661
assembly_prodigal_300.fasta	37205	ATGAATTCTTTCATGGTTCT...	0.6735
assembly_prodigal_300.fasta	37260	TCGGCTCCCCCGGTCCACTT...	0.6825
assembly_prodigal_300.fasta	37289	ATGTTTTTTTATGATTCTCC...	0.6558
assembly_prodigal_300.fasta	37362	ATGACATTACTGTTTTATCA...	0.7345
assembly_prodigal_300.fasta	37583	TTGGCCGTGGGGATGGTGGC...	0.7726
assembly_prodigal_300.fasta	37584	CTTGGATCAGCCCTTGGTTA...	0.7816
assembly_prodigal_300.fasta	37612	ATGGCTGGTAACTCTTTAAA...	0.6758
assembly_prodigal_300.fasta	37692	GGACTTGTTCTCAATCAGGT...	0.6666
assembly_prodigal_300.fasta	37780	ATGAAACTGGCCCTTTGGGA...	0.7707
assembly_prodigal_300.fasta	37785	TCCGTTATGGGCTATGCTGA...	0.7081
assembly_prodigal_300.fasta	37789	CCTCTGTTCATCATCCAGGA...	0.7271
assembly_prodigal_300.fasta	37807	CTCTCTCTCTCTCTCTCTCT...	0.8845
assembly_prodigal_300.fasta	37821	CTTTTTGAGACAAAACTTTA...	0.7161
assembly_prodigal_300.fasta	37850	ATGAGCGCCGGCCCCTTCCT...	0.8329
assembly_prodigal_300.fasta	37907	AGGTGTGACTGTGCTGTGCT...	0.7755
assembly_prodigal_300.fasta	37973	ATGCTTGTCGGAAGCTCCGT...	0.9178
assembly_prodigal_300.fasta	38059	ATGGGCCGATCAGGTGCTTC...	0.7433
assembly_prodigal_300.fasta	38091	TATTTTGTATATTTGTATAT...	0.6847
assembly_prodigal_300.fasta	38131	ATGACATCATTCACGGCAAG...	0.7214
assembly_prodigal_300.fasta	38218	ATGTTTTTATGGCTCGTTAT...	0.8203
assembly_prodigal_300.fasta	38222	ATGCAACAACTGATTCTGAG...	0.8937
assembly_prodigal_300.fasta	38307	ATATATTTATATTCTGGGGC...	0.7144
assembly_prodigal_300.fasta	38413	GTGGCCACTTCCTGTTTCTG...	0.7298
assembly_prodigal_300.fasta	38524	ATGTGGCCTATTTGTGTGCA...	0.7213
assembly_prodigal_300.fasta	38552	ATGCGCCTGCTGGGAATCCT...	0.6906
assembly_prodigal_300.fasta	38564	ATGCCCTCTGACCACTACAT...	0.6942
assembly_prodigal_300.fasta	38565	GTGCGCGATCTCGATCCGCC...	0.7996
assembly_prodigal_300.fasta	38579	ATGACATTCAGGAACACCAA...	0.8816
assembly_prodigal_300.fasta	38614	ATGCATGCCGCTTACATACA...	0.7045
assembly_prodigal_300.fasta	38641	TCACTCTCTCCCTCCTCGCT...	0.7541
assembly_prodigal_300.fasta	38673	ATGAACTCCGGCAGTAATAG...	0.6913
assembly_prodigal_300.fasta	38713	ATGGGAGTACCTCAAGGAGC...	0.8344
assembly_prodigal_300.fasta	38758	TTGGCTGTAATTTCCTTTTT...	0.6795
assembly_prodigal_300.fasta	38761	ATGCTGCCGCTGAAGTCTGA...	0.8991
assembly_prodigal_300.fasta	38780	ATGCTTTTATTACTGATAGA...	0.8857
assembly_prodigal_300.fasta	38855	ATGGACTCCCCACTGCGTCT...	0.7769
assembly_prodigal_300.fasta	38879	TACTTCTTTTATATTAACGC...	0.7711
assembly_prodigal_300.fasta	38912	ATGGGTAACCACGGCAACGG...	0.7850
assembly_prodigal_300.fasta	38999	TTGGACACTGTGGAGCCAAA...	0.7421
assembly_prodigal_300.fasta	39018	TCTCCCAGTTTGCTGTTGAA...	0.6915
assembly_prodigal_300.fasta	39027	GTGGCTGACTATTTCACGAA...	0.7683
assembly_prodigal_300.fasta	39057	ATGTTTTATGTGGCAGGATT...	0.7036
assembly_prodigal_300.fasta	39123	ATGTATCCCCATGGAGATAA...	0.7753
assembly_prodigal_300.fasta	39276	ATGATGCCTCTCTCTCTTTC...	0.7094
assembly_prodigal_300.fasta	39277	ATGCGTAACTACCTCTTGAT...	0.7250
assembly_prodigal_300.fasta	39313	CAGCCTAACGACGTCCTGCT...	0.7425
assembly_prodigal_300.fasta	39377	ATGAATGAAATGCGCTGCTT...	0.6737
assembly_prodigal_300.fasta	39522	ATGATCCTGCGGGTCCTGCG...	0.7740
assembly_prodigal_300.fasta	39641	ATGACGATTGATCGGTCGAT...	0.7632
assembly_prodigal_300.fasta	39678	ATGGCTCCTGCCTATCTGTA...	0.7697
assembly_prodigal_300.fasta	39723	ATGTTTAAATTAATTCAAAC...	0.8129
assembly_prodigal_300.fasta	39731	ATGATGATGGTTCTTGGTGC...	0.7489
assembly_prodigal_300.fasta	39742	ATGTATACCGTCATCACCGC...	0.7003
assembly_prodigal_300.fasta	39790	ATGCACCTCCCTAACATCCA...	0.6677
assembly_prodigal_300.fasta	39863	ATGCGAGGCCCCCGTACAGT...	0.7851
assembly_prodigal_300.fasta	39890	ATGGTGGAGAAATCAGCCGC...	0.6797
assembly_prodigal_300.fasta	39985	ATGCGGGCCGGATTGCATGC...	0.6638
assembly_prodigal_300.fasta	40011	ATGATTAAATTTGCCCTCCA...	0.7657
assembly_prodigal_300.fasta	40022	TTGGCATCACAGAGGCGGCT...	0.7021
assembly_prodigal_300.fasta	40097	ATGTGCTATAACCTTGAATT...	0.6842
assembly_prodigal_300.fasta	40101	ATGTTGAAATCAAGTTTCTC...	0.7182
assembly_prodigal_300.fasta	40119	ATGAAAACACAAGGATTCAA...	0.6974
assembly_prodigal_300.fasta	40126	AGTTCTGACTGTCTGACAGA...	0.6925
assembly_prodigal_300.fasta	40173	ATGAGTCGAGACTTGGCAAC...	0.8157
assembly_prodigal_300.fasta	40331	ATGTGCACGCATCCCAGCGG...	0.7312
assembly_prodigal_300.fasta	40374	GTGACCTTTCCTCTCTTTCT...	0.8579
assembly_prodigal_300.fasta	40379	GTTTCACAAAGTAATGCAAA...	0.7105
assembly_prodigal_300.fasta	40467	GTGGAGATCCCTGGTAGTCT...	0.7019
assembly_prodigal_300.fasta	40783	GTGTCCGACGGTCTCTTCTC...	0.7885
assembly_prodigal_300.fasta	40794	ATGTTCAACTTCAACACCCC...	0.7017
assembly_prodigal_300.fasta	40906	ATGCCACTCTTTTGTTTTAT...	0.7583
assembly_prodigal_300.fasta	40947	ATGGCTAGTCCCATGAGTTT...	0.7942
assembly_prodigal_300.fasta	40973	GTGAAAGTGTTTTTACCTGA...	0.7051
assembly_prodigal_300.fasta	40975	ATGGCTTGAGTGGCTGCTCT...	0.8387
assembly_prodigal_300.fasta	40988	AAGCAGGTAGCGATGGTTTC...	0.6669
assembly_prodigal_300.fasta	41000	ATGGAGACAGTATCTGTCAG...	0.6645
assembly_prodigal_300.fasta	41005	CCAGATACCCAGGTACAACA...	0.6811
assembly_prodigal_300.fasta	41112	ATGCAATGGCTCGGGACCCA...	0.6990
assembly_prodigal_300.fasta	41118	ATGCACATTTTCATCCTGCA...	0.8096
assembly_prodigal_300.fasta	41128	ATGCCAGTATCTGGTTTCTC...	0.6917
assembly_prodigal_300.fasta	41162	ATGAGAAAGAAGCTGGCTGC...	0.6552
assembly_prodigal_300.fasta	41169	TTGAGGGGGGTAGGATTTCC...	0.6738
assembly_prodigal_300.fasta	41231	ATGACTTTGGATCCTATTTC...	0.6670
assembly_prodigal_300.fasta	41241	CGCATTCATCTATCTCTGTT...	0.6794
assembly_prodigal_300.fasta	41284	AGTTGTTTTAGCCGTAACCT...	0.9138
assembly_prodigal_300.fasta	41313	ATGGGGATGGAATACAGGGA...	0.6521
assembly_prodigal_300.fasta	41322	ATGGTTAGTCTCCTTTCCTA...	0.7374
assembly_prodigal_300.fasta	41347	TTGGTTGAGATGCTCGAACA...	0.8719
assembly_prodigal_300.fasta	41363	TCTCTCTCTCTCTCTCTCTC...	0.9547
assembly_prodigal_300.fasta	41367	ATGTTCAGGCCGTCAGATGA...	0.7018
assembly_prodigal_300.fasta	41443	CTAACGTTATGTTTTTTTAC...	0.7928
assembly_prodigal_300.fasta	41538	CACACAAACACACACACAAA...	0.6656
assembly_prodigal_300.fasta	41692	GTGTTGAATCATTGTGTCTT...	0.7913
assembly_prodigal_300.fasta	41705	CACACACACACACACACACA...	0.7065
assembly_prodigal_300.fasta	41714	GTGACTCCGTTGCTCCTTTT...	0.7796
assembly_prodigal_300.fasta	41773	CAGAACATCAATCCACAGTC...	0.6570
assembly_prodigal_300.fasta	41837	ATGTATATTTTACCCTTACG...	0.9267
assembly_prodigal_300.fasta	41940	ATGTCTTCATCCGACCTCTA...	0.8215
assembly_prodigal_300.fasta	41952	ATGTCTTCACCAAAAGTCAG...	0.6509
assembly_prodigal_300.fasta	42056	ATGGATTTCACGGCGTTCCC...	0.7798
assembly_prodigal_300.fasta	42057	TTCTCCGTCTCGCCTTGTTG...	0.7797
assembly_prodigal_300.fasta	42066	ATGTCACGGTTTACTTTCTG...	0.7393
assembly_prodigal_300.fasta	42175	ACCACTGCCGCCACCGCCTC...	0.8930
assembly_prodigal_300.fasta	42176	ATGACAATGTACAAAAATCT...	0.7555
assembly_prodigal_300.fasta	42196	ATGATACAGTATCTGTGGCA...	0.7208
assembly_prodigal_300.fasta	42239	GGCAAAGTGCTGTCTAATCT...	0.7053
assembly_prodigal_300.fasta	42275	GCTGCTATTGATGTAGAGAT...	0.6949
assembly_prodigal_300.fasta	42279	ATGTTCTTATTGACCCTTTA...	0.6661
assembly_prodigal_300.fasta	42312	ATGAAGGTGGAAAGCAAGGC...	0.6594
assembly_prodigal_300.fasta	42396	ATGATTAGTTATGACCAATC...	0.7108
assembly_prodigal_300.fasta	42400	ATGCTGCCTGGTTTTTTTTT...	0.8255
assembly_prodigal_300.fasta	42408	ATGACTGATATTTTTTGAAA...	0.6676
assembly_prodigal_300.fasta	42474	GTGAATGTCTACACCAGCGT...	0.7767
assembly_prodigal_300.fasta	42675	TCTCTCTCTCTCTCTCTCTC...	0.7826
assembly_prodigal_300.fasta	42689	ACACACAAAGGCATACACAT...	0.7077
assembly_prodigal_300.fasta	42690	CTTCCTGCAGATCTCTGGAG...	0.8444
assembly_prodigal_300.fasta	42741	ATGCAAGGTTTCGCTCCTAG...	0.6561
assembly_prodigal_300.fasta	42761	ATGCAAGTACTGCCCTGCCA...	0.6878
assembly_prodigal_300.fasta	42810	ATGAGTACTTATCTGTGTCC...	0.6887
assembly_prodigal_300.fasta	42900	CTCCTTTATTTGCTGTTTAA...	0.7664
assembly_prodigal_300.fasta	42906	ATGAGAAATGCAAATACTAA...	0.8966
assembly_prodigal_300.fasta	42943	TTGTCTTTCTTTTTCTTCTT...	0.7377
assembly_prodigal_300.fasta	42992	CTTTCCCTGCAAAAACAAGT...	0.6943
assembly_prodigal_300.fasta	43002	CACTTCACGAATCTATTACT...	0.7481
assembly_prodigal_300.fasta	43049	GTGGTGTGGGGGGTGGGGGC...	0.6940
assembly_prodigal_300.fasta	43053	TTGCTAGGAGACAGCCAGCG...	0.6568
assembly_prodigal_300.fasta	43068	GTGTTTTATAGATTTTCCTG...	0.8587
assembly_prodigal_300.fasta	43106	GTGATTGGAGGGGGTGCGTC...	0.6560
assembly_prodigal_300.fasta	43113	ATGTGGGTCTACGTGGTGGG...	0.6599
assembly_prodigal_300.fasta	43117	ATGAAGATAATAAACCTATA...	0.8407
assembly_prodigal_300.fasta	43142	ATGTATGTATATGGTCCTTT...	0.7761
assembly_prodigal_300.fasta	43197	GATCTTCTCGGAGGCCGTCA...	0.8124
assembly_prodigal_300.fasta	43219	ATGTGGCGTTACCTTCAGTA...	0.6679
assembly_prodigal_300.fasta	43303	ATGTGTGCTGTCTGTTTTGT...	0.6652
assembly_prodigal_300.fasta	43363	GTGAACGAGTTTCAGGTCCG...	0.7859
assembly_prodigal_300.fasta	43384	GTGGTTCTGGGCTGTGCTGC...	0.7459
assembly_prodigal_300.fasta	43408	ATGGAATTAATCTTTGCAGG...	0.6578
assembly_prodigal_300.fasta	43419	ATGCTAACCTATCTAGTGAC...	0.7714
assembly_prodigal_300.fasta	43427	GTGGACCATCCGGTTACGGA...	0.7961
assembly_prodigal_300.fasta	43458	ATGGCAGGCCGTTACCTTGG...	0.7039
assembly_prodigal_300.fasta	43522	GTGTGTGTGATTAAGGAGTT...	0.7115
assembly_prodigal_300.fasta	43564	GTGGTCCCGTCCTCTGGCCT...	0.8572
assembly_prodigal_300.fasta	43626	ATGTTTACAGACAGAAACAT...	0.6665
assembly_prodigal_300.fasta	43629	TTGGTTGACTACAGCCCTAG...	0.7365
assembly_prodigal_300.fasta	43645	ATGACTAATACCCTTCTCTC...	0.6833
assembly_prodigal_300.fasta	43855	ATGACATTTTCTTTTAATGT...	0.6721
assembly_prodigal_300.fasta	43882	ATGATGACAGTATTAAAAGA...	0.7915
assembly_prodigal_300.fasta	43893	ATGCATCAGGGCTTGTTTCT...	0.8382
assembly_prodigal_300.fasta	43916	ATGCTCTCTGCATCTCTGCG...	0.7826
assembly_prodigal_300.fasta	43948	ATGTGTCTGGCCTGGAAGCT...	0.9521
assembly_prodigal_300.fasta	43949	ATGTTGGGCCTTACTTATCA...	0.7312
assembly_prodigal_300.fasta	43957	ATGCAATTGTTCTCATTAAC...	0.6718
assembly_prodigal_300.fasta	44004	ATGCACTTCTCGGCTTTACT...	0.6870
assembly_prodigal_300.fasta	44020	ATGCCTGCCAGTAACTTTTG...	0.6766
assembly_prodigal_300.fasta	44029	ATGTGCATGTACAGAATCCA...	0.7427
assembly_prodigal_300.fasta	44037	ATGCAGCCACACCAAGCGAC...	0.7912
assembly_prodigal_300.fasta	44140	ATGCTCGAAGGCATAGGAGA...	0.7313
assembly_prodigal_300.fasta	44180	ATGGTGCTATTCCTGGACCG...	0.6735
assembly_prodigal_300.fasta	44315	TCTCTCTCTCTCTCTCTCTC...	0.6792
assembly_prodigal_300.fasta	44319	ATGAGGGTTATCATTCATTG...	0.7038
assembly_prodigal_300.fasta	44364	AAGGATGCGTCTTTTTCCTT...	0.7812
assembly_prodigal_300.fasta	44375	AACATGTTTCTTTTTTTTTT...	0.7241
assembly_prodigal_300.fasta	44417	ATGTCACACAGTTACAAGGT...	0.7869
assembly_prodigal_300.fasta	44704	ATGAACAACACCTTATGTAT...	0.6788
assembly_prodigal_300.fasta	44720	ACACACACACACACACACAC...	0.6677
assembly_prodigal_300.fasta	44734	ATGAGTTTATATCTTATGTC...	0.6627
assembly_prodigal_300.fasta	44790	GTGTCGAAGGTGCTACGCGC...	0.7653
assembly_prodigal_300.fasta	44961	ATGTGGAGCATCATAAAGCT...	0.6690
assembly_prodigal_300.fasta	45043	GGGCTGATTAGTGGGTTGGG...	0.9288
assembly_prodigal_300.fasta	45049	ATGAGTTACCAGCTGTCCCT...	0.7031
assembly_prodigal_300.fasta	45128	ATGACGTTACTTGGCACTAC...	0.7449
assembly_prodigal_300.fasta	45232	GTGGGGATTACCGTGCCAAC...	0.7918
assembly_prodigal_300.fasta	45271	TGTGTCCCGTCGGACATTGG...	0.7815
assembly_prodigal_300.fasta	45361	GTGTTGGGGGGGTTTGGTGA...	0.7725
assembly_prodigal_300.fasta	45401	ATGCTCATTTCTCTGTTGTT...	0.7021
assembly_prodigal_300.fasta	45429	TTGAGGATCAAAGCAGAGGT...	0.7299
assembly_prodigal_300.fasta	45476	ATGCGATTATGTCTTCGCGA...	0.7059
assembly_prodigal_300.fasta	45512	CACTCACACACACACACGCT...	0.6921
assembly_prodigal_300.fasta	45560	ATGTGTAATGAGTTCGTTCT...	0.6646
assembly_prodigal_300.fasta	45580	TTTTCCTCTGCTCCACTCGC...	0.7581
assembly_prodigal_300.fasta	45609	ATGACCTGGAGGGGGTTCAG...	0.6574
assembly_prodigal_300.fasta	45658	ATGAGTAAACACACACACAG...	0.6947
assembly_prodigal_300.fasta	45660	ACACACACACACACACACAT...	0.8286
assembly_prodigal_300.fasta	45693	ATGGCAACTACATTTACATG...	0.6787
assembly_prodigal_300.fasta	45732	CTCTCTCTCTCTCTCTCTCT...	0.9571
assembly_prodigal_300.fasta	45759	TATCTTCCCTGGGTCAATAC...	0.6592
assembly_prodigal_300.fasta	45788	ATGAGGCCCCGCCCCCTGCT...	0.9852
assembly_prodigal_300.fasta	45815	ATGCAACTTCGAATGCTAGG...	0.6971
assembly_prodigal_300.fasta	45899	ATGCAAAGTCTTTATGGTGA...	0.7386
assembly_prodigal_300.fasta	45935	ATGAAAACATACATCTTTCT...	0.8003
assembly_prodigal_300.fasta	45936	ATGATAACTCTTCTCACCGG...	0.6728
assembly_prodigal_300.fasta	46026	TTTGCGCGCCTGCTGCCTTC...	0.7928
assembly_prodigal_300.fasta	46036	CTCTCTCTCTCTCTCTCTCT...	0.9570
assembly_prodigal_300.fasta	46132	ATGACACAGCGCCGCTGCGC...	0.8529
assembly_prodigal_300.fasta	46136	GCCAGCGGGGTGTCGGTCCA...	0.6678
assembly_prodigal_300.fasta	46186	CTTCTTCTTCTTCTCCTCCT...	0.9792
assembly_prodigal_300.fasta	46223	ATGATGGTCCCGGACCTGTG...	0.8523
assembly_prodigal_300.fasta	46228	CTCTTGTTTGCTCATCCAGT...	0.7109
assembly_prodigal_300.fasta	46245	GATCCCGTGTCACTGTGGAG...	0.8849
assembly_prodigal_300.fasta	46317	ATGTCTGTCTGTCTTTCTTA...	0.6814
assembly_prodigal_300.fasta	46444	GTGCGTCTTCTTCCAGGGCA...	0.6777
assembly_prodigal_300.fasta	46491	ATGGTTTGTTTTGCCAAGTC...	0.6870
assembly_prodigal_300.fasta	46582	GTGGTGCACTGTTTCCTGGA...	0.7093
assembly_prodigal_300.fasta	46584	ATGTTCTATATGTTGTATTT...	0.6936
assembly_prodigal_300.fasta	46596	CCTCGTAAATATTTGTTCAA...	0.7740
assembly_prodigal_300.fasta	46667	GTGGGTGTTGGGCTTCGGCA...	0.7256
assembly_prodigal_300.fasta	46695	TTGATTCAGGTTATCATCTG...	0.7424
assembly_prodigal_300.fasta	46762	ATGGCTCTTTCACTTCCCTT...	0.6539
assembly_prodigal_300.fasta	46870	GTGTTCCAGGGAGGGAGGAG...	0.6583
assembly_prodigal_300.fasta	46893	ATGATGAAGATGATGACACA...	0.7386
assembly_prodigal_300.fasta	46930	ATGAATGTGTGTGTGTGTGT...	0.7769
assembly_prodigal_300.fasta	46932	CTCATCTTGTGTAATTTGAT...	0.7285
assembly_prodigal_300.fasta	47042	CAGACTTCTAAACAATTAGT...	0.7396
assembly_prodigal_300.fasta	47089	TTCTGGCGCATCGATCGGTC...	0.7483
assembly_prodigal_300.fasta	47106	CACACACACACACACACACA...	0.6869
assembly_prodigal_300.fasta	47129	ATGGGAGACCCCCCTTCACC...	0.6980
assembly_prodigal_300.fasta	47197	CCTCAAAGGGTGACTATTGG...	0.7082
assembly_prodigal_300.fasta	47226	TTGAGCCATATACAGCGTGC...	0.8017
assembly_prodigal_300.fasta	47242	ATGGACAATGCCTCTCCAAT...	0.6624
assembly_prodigal_300.fasta	47288	ATGCGTTTGAGTATTGAACC...	0.8766
assembly_prodigal_300.fasta	47310	ATGAAAACACAAAGTATAAT...	0.7316
assembly_prodigal_300.fasta	47368	TTTGTCAAGACTGCCTTCAT...	0.7342
assembly_prodigal_300.fasta	47380	GTGCTCCACCAAACAGTCTG...	0.7217
assembly_prodigal_300.fasta	47386	ATGGGTCCCTCCTCGCTGCG...	0.6925
assembly_prodigal_300.fasta	47444	GTGTCCACAGCCCTGAGCGG...	0.6882
assembly_prodigal_300.fasta	47457	CATGTGTGTCTCTTACACAT...	0.6563
assembly_prodigal_300.fasta	47476	ATGCTCTCCTTGTCCAAGTT...	0.6692
assembly_prodigal_300.fasta	47503	ATGGAAATAAAGTGTCACTC...	0.6588
assembly_prodigal_300.fasta	47544	ATGACAGACGCGGCTACCAA...	0.6795
assembly_prodigal_300.fasta	47574	ATGCCCCCACCCAGAGTCTC...	0.7718
assembly_prodigal_300.fasta	47582	ATGCTTGATGCTTCCCTCCT...	0.6990
assembly_prodigal_300.fasta	47601	ATGACACTACTAAGTCAGAC...	0.6909
assembly_prodigal_300.fasta	47622	ATGACTGTGTGTGAGTCCGT...	0.6793
assembly_prodigal_300.fasta	47639	ATGCGCATTTCTCTAGGCAA...	0.6552
assembly_prodigal_300.fasta	47676	GTGTTCAGCCTATTGAAATC...	0.8361
assembly_prodigal_300.fasta	47741	ATGAACCCCTCCCCTTTCTT...	0.6871
assembly_prodigal_300.fasta	47751	ATGCTCTCTCCTCTGGGCAT...	0.9403
assembly_prodigal_300.fasta	47756	ATGATCTCTCCTCTCTGCTC...	0.7697
assembly_prodigal_300.fasta	47773	TGGGCCGATGCTGGCAAGCC...	0.6598
assembly_prodigal_300.fasta	47783	TTGGCTCTGCCCGACTCTAA...	0.6569
assembly_prodigal_300.fasta	47820	CGGCCGCAGTCGCAACCTTC...	0.6750
assembly_prodigal_300.fasta	47963	GTGTATGTGGGTGCATGTTT...	0.7436
assembly_prodigal_300.fasta	47979	CGTTACTCTCTCTCTCTCTC...	0.7435
assembly_prodigal_300.fasta	47988	ATGGCCGTTGGGTTTTCATT...	0.6526
assembly_prodigal_300.fasta	48091	ATGTTGGACCAGTACCTGGA...	0.9532
assembly_prodigal_300.fasta	48154	TATTACCCAATGTCTTCCCA...	0.8700
assembly_prodigal_300.fasta	48159	AGGATTATGTGTCAGTATTC...	0.7467
assembly_prodigal_300.fasta	48279	ATGACGGTTGAAACTCTGCT...	0.8155
assembly_prodigal_300.fasta	48293	ATGTTAATCATCATCCACTT...	0.6684
assembly_prodigal_300.fasta	48354	ATGTTTACGTCAAACACCTT...	0.8968
assembly_prodigal_300.fasta	48414	GTGTTAACACTTCAGGAGCT...	0.7010
assembly_prodigal_300.fasta	48531	TTAATTTCCTCCGCTGTGGT...	0.6531
assembly_prodigal_300.fasta	48678	ATGCCTCGATCGACTCTTGC...	0.8924
assembly_prodigal_300.fasta	48689	ACTGGAGTAATGGGAAACAT...	0.7163
assembly_prodigal_300.fasta	48800	CTCTCTCTGTCTCTCTCTCT...	0.9812
assembly_prodigal_300.fasta	48826	ATGCATTTCCCACACCTACA...	0.6983
assembly_prodigal_300.fasta	48874	ATGATAGCACATGAGCATCC...	0.7657
assembly_prodigal_300.fasta	48903	CTGCTGCTAACCGTTTCCTC...	0.9223
assembly_prodigal_300.fasta	48919	ATGAAATATGTAGTCTACAA...	0.7394
assembly_prodigal_300.fasta	49021	CCTAACCCTAACCCTAACCC...	0.8229
assembly_prodigal_300.fasta	49042	ATGATCCAAAAGCTCCTAAT...	0.7483
assembly_prodigal_300.fasta	49080	ACCGTTTCCTCTGCTCCGTT...	0.7669
assembly_prodigal_300.fasta	49116	GTTGGGGTTCTGTCAGAACA...	0.7949
assembly_prodigal_300.fasta	49146	CCATGTGTTCCTGTCTTTGT...	0.7230
assembly_prodigal_300.fasta	49152	TTACTTTGTTATTGGAATTG...	0.7392
assembly_prodigal_300.fasta	49228	TTGTTCCGGACGGGGCTGGG...	0.6849
assembly_prodigal_300.fasta	49268	TCTCTCTCTGTCTCTCTCTC...	0.6789
assembly_prodigal_300.fasta	49273	ATGTTTCTGTCCGTGAAGGT...	0.6784
assembly_prodigal_300.fasta	49305	GTGACAGTCGAAGTGATCGT...	0.8835
assembly_prodigal_300.fasta	49319	GCTATGAACACTCAGTTTCA...	0.6697
assembly_prodigal_300.fasta	49327	GCCGAAAGTCACGTCTCGGT...	0.7151
assembly_prodigal_300.fasta	49392	ATGTGTGTGTATGTGTGTGT...	0.6562
assembly_prodigal_300.fasta	49432	TTGCTCATCGGCTCCGACTT...	0.7090
assembly_prodigal_300.fasta	49442	TCTCTCTCTCTCTCTCTCTC...	0.7450
assembly_prodigal_300.fasta	49514	ATGGAAGATACATTAGCTGC...	0.8336
assembly_prodigal_300.fasta	49523	GATATCCTCCTCCTCCTCTT...	0.9765
assembly_prodigal_300.fasta	49526	ATGACCCATGCATACCCTCA...	0.6533
assembly_prodigal_300.fasta	49562	GTGAGTCGACATGTAAGCGG...	0.6632
assembly_prodigal_300.fasta	49565	ATGTGTGCTGTTTTATTTAC...	0.6508
assembly_prodigal_300.fasta	49601	CACGTGTGTTGTCTAGACCA...	0.8418
assembly_prodigal_300.fasta	49606	ATGATTGAAGTTTATTCATC...	0.6547
assembly_prodigal_300.fasta	49717	CCTCTCCAATTCTCTCCCCC...	0.6743
assembly_prodigal_300.fasta	49861	TTTCTTTTTCTTTTTCTTTT...	0.7330
assembly_prodigal_300.fasta	49874	CCACCACCTCTTGCTTCTCT...	0.9300
assembly_prodigal_300.fasta	49895	ATGCCCTCACAAGCTGGATT...	0.8721
assembly_prodigal_300.fasta	49934	GTGTGTACTTTTGACACCTC...	0.6522
assembly_prodigal_300.fasta	49935	GTGGTACCGCGGCGAGCACT...	0.7333
assembly_prodigal_300.fasta	50077	ATGGCGTTTCCGAAGGGATG...	0.9296
assembly_prodigal_300.fasta	50098	TGTTGTTCCGTCAGTGAAGA...	0.6575
assembly_prodigal_300.fasta	50122	GTGTATGGTTGGCATCCTTT...	0.7031
assembly_prodigal_300.fasta	50199	GCTTTAATTAGCCACCGCCT...	0.7025
assembly_prodigal_300.fasta	50241	GTGGCTAATGACTCTGAACT...	0.8526
assembly_prodigal_300.fasta	50273	ATGAGACTTAATAAAACTGT...	0.6984
assembly_prodigal_300.fasta	50351	GTGGAAGCTATTTCTCACTT...	0.7004
assembly_prodigal_300.fasta	50434	ATGCTGCTCTGTATTCCAGG...	0.7254
assembly_prodigal_300.fasta	50437	ATGCGGTTCGGCCTGCTGGA...	0.7405
assembly_prodigal_300.fasta	50439	GCATGTGTGTGTGTGTGTGT...	0.6788
assembly_prodigal_300.fasta	50444	AGTTCTTTACTGTGAGCTTT...	0.7198
assembly_prodigal_300.fasta	50448	TCCTCGTCTGTCTGAGACAT...	0.7601
assembly_prodigal_300.fasta	50485	CCAATCCTAGACCCAATGCT...	0.8134
assembly_prodigal_300.fasta	50641	ATGACTCCGGACGGCCAGGC...	0.9325
assembly_prodigal_300.fasta	50679	ATGATAAGGCTTCAGTTTGT...	0.6524
assembly_prodigal_300.fasta	50699	ATGTCAGAGACTCCAGTCCC...	0.9744
assembly_prodigal_300.fasta	50783	ATGAATAGCTGTTTGTTGTT...	0.6549
assembly_prodigal_300.fasta	50877	ATGGTTACATTTCGAATATT...	0.7320
assembly_prodigal_300.fasta	50926	CAGTGCCACAATGTCGATCT...	0.6560
assembly_prodigal_300.fasta	50987	GTGTGGGTGAGAGAGATGCT...	0.8226
assembly_prodigal_300.fasta	51048	ATGCTCATTTCCAGCTCTAT...	0.7704
assembly_prodigal_300.fasta	51054	GTGTGTATTGTTTACGCCGT...	0.7035
assembly_prodigal_300.fasta	51061	ATGATTCCATCTGCACCCGA...	0.7561
assembly_prodigal_300.fasta	51103	TTTGTTGAGTTATGTGCTAC...	0.7370
assembly_prodigal_300.fasta	51146	TACTGCATCATTACTGCAAC...	0.6618
assembly_prodigal_300.fasta	51204	ATGAACTTGAAACAAACAAC...	0.6603
assembly_prodigal_300.fasta	51235	GTGACTGCATCTGCTGTGGG...	0.6867
assembly_prodigal_300.fasta	51296	AGACTTCTCGCAGCATCCGA...	0.9381
assembly_prodigal_300.fasta	51388	ACTGAATTCTCTTCTCAGCT...	0.7439
assembly_prodigal_300.fasta	51389	ATGGAATCTACATTCACTGT...	0.7068
assembly_prodigal_300.fasta	51464	GTGTTTGTCCTCAGGTGTAT...	0.7406
assembly_prodigal_300.fasta	51466	ATGGTTCTCTCAGAAAATCC...	0.6601
assembly_prodigal_300.fasta	51564	ACCTTTGTGCTTTCGGCTTT...	0.7833
assembly_prodigal_300.fasta	51595	GTGCTCAGACTCGTCGTCGG...	0.8770
assembly_prodigal_300.fasta	51600	CCCAACCCACTTCCTTCAGT...	0.8809
assembly_prodigal_300.fasta	51604	GCCTCTCTAGGTTTTGTGGA...	0.8088
assembly_prodigal_300.fasta	51650	ATGCTACTTTCTGCATTTCA...	0.8090
assembly_prodigal_300.fasta	51654	CTCACACATACACATCCTCA...	0.8150
assembly_prodigal_300.fasta	51692	ATGTCTCCTGAAAAAGAAAT...	0.6577
assembly_prodigal_300.fasta	51749	CTCCTCTTCCTCCTCCTCCT...	0.9991
assembly_prodigal_300.fasta	51803	ATGGCATCTGGAATTACCTC...	0.8421
assembly_prodigal_300.fasta	51822	ATGTTTATTACATTAGGTCA...	0.6563
assembly_prodigal_300.fasta	51837	ATGAAAGGCTCAGAAAGACA...	0.6556
assembly_prodigal_300.fasta	51900	ATGGCTGAGCCTGAGGCTCG...	0.6828
assembly_prodigal_300.fasta	51907	ATGAGAGTATACATTTTTAA...	0.6890
assembly_prodigal_300.fasta	51980	GCTAAAGCTACTTCCTCTCA...	0.7422
assembly_prodigal_300.fasta	52024	CTCTTCAATCATTCCTACTC...	0.8781
assembly_prodigal_300.fasta	52055	ATGTCCTCTCACTGGTGGTT...	0.6919
assembly_prodigal_300.fasta	52123	ATGAACCAACTGTCTTTGTC...	0.7749
assembly_prodigal_300.fasta	52126	AGGTCTCATTATTTGTGCCG...	0.6611
assembly_prodigal_300.fasta	52194	TGCCTCACTGTGGGTAGCAG...	0.6680
assembly_prodigal_300.fasta	52223	CTCCACCAGCTAGTCGACCA...	0.8918
assembly_prodigal_300.fasta	52324	GCATTAACCGTTTCCTCTGC...	0.9021
assembly_prodigal_300.fasta	52339	ATGAGTGAATCAGGGATAAA...	0.7426
assembly_prodigal_300.fasta	52348	TGTCTACCTACCTGTCTGTG...	0.7391
assembly_prodigal_300.fasta	52352	ATGGATTCTATCATGCAGAT...	0.7838
assembly_prodigal_300.fasta	52374	ATGCCCTCGCGGGCCGGTTT...	0.6649
assembly_prodigal_300.fasta	52419	ATGGCCCATCGTCCCATGAT...	0.6982
assembly_prodigal_300.fasta	52426	ATGCCGCATCCATCCCCGCT...	0.7999
assembly_prodigal_300.fasta	52463	ATGGGTATTCTAGGAGCAGC...	0.7472
assembly_prodigal_300.fasta	52499	TATCATTCTACCCTTGTGCT...	0.7245
assembly_prodigal_300.fasta	52622	TGCAATGTTTTCTTACCTTT...	0.8301
assembly_prodigal_300.fasta	52679	GTGCGGAGCCCTCGCGACCC...	0.7078
assembly_prodigal_300.fasta	52703	ATGATGTACGGCAAGACACT...	0.7097
assembly_prodigal_300.fasta	52741	TCTCTCTCTCTCTCTCTGTC...	0.6998
assembly_prodigal_300.fasta	52900	ATGCAAATATCAAGCAAATC...	0.7985
assembly_prodigal_300.fasta	52971	ATGGACCCACTCACGTTCAG...	0.8756
assembly_prodigal_300.fasta	52996	GTGTTATCTGCAGGTGACAT...	0.7010
assembly_prodigal_300.fasta	53001	ATGAATGTCAAATTACTGAT...	0.8137
assembly_prodigal_300.fasta	53011	ATGGAAACAAATCCCAAGAC...	0.9252
assembly_prodigal_300.fasta	53030	ATGGCCGTCTTACAAATACA...	0.7292
assembly_prodigal_300.fasta	53074	ATGCAAAAATACTGGTGCTT...	0.7019
assembly_prodigal_300.fasta	53078	ATGTTTATTCTGCATTTATT...	0.7657
assembly_prodigal_300.fasta	53079	ATGACTGAACCTGATCTTTT...	0.7651
assembly_prodigal_300.fasta	53101	ATGACTCAACATAAGGCTCC...	0.6518
assembly_prodigal_300.fasta	53119	ATGTTCTCCAGGCTGCATCA...	0.6511
assembly_prodigal_300.fasta	53138	CCTCCAGCCCCTACTGTCTG...	0.7309
assembly_prodigal_300.fasta	53158	CATCATGTCACTTCATTCAC...	0.6722
assembly_prodigal_300.fasta	53221	GTGAAACCGACCGGCGGGTC...	0.6974
assembly_prodigal_300.fasta	53276	ATGGGAAACCGAGGTATTGG...	0.6571
assembly_prodigal_300.fasta	53315	ATGGAGACTTTTGAAAAAAT...	0.7264
assembly_prodigal_300.fasta	53342	ATGTCTGCCATATTACAGCA...	0.7472
assembly_prodigal_300.fasta	53379	TTCCTGTGAGAAACTAGTGC...	0.6552
assembly_prodigal_300.fasta	53398	ATGGCTTTTATCAGCAGGAG...	0.6969
assembly_prodigal_300.fasta	53421	CTCTTTCGTCTTCTTCTTCT...	0.9526
assembly_prodigal_300.fasta	53447	GTATTCATTTTAATCCTAGA...	0.6629
assembly_prodigal_300.fasta	53490	ATGAAAGTTCTCATGTCTGC...	0.6600
assembly_prodigal_300.fasta	53525	TTGCAGAAGGAGAATTATCA...	0.7278
assembly_prodigal_300.fasta	53554	ATGAGGTTATCATTTGCACA...	0.6836
assembly_prodigal_300.fasta	53572	ATGTCAGCAGCCATCAGAGA...	0.6988
assembly_prodigal_300.fasta	53650	GTGATCGTGGACACGTTCCA...	0.7029
assembly_prodigal_300.fasta	53714	ATGTTTTGTCTTTGTTGCCT...	0.7277
assembly_prodigal_300.fasta	53717	TCTCTCTCTCTCTCTCTCTC...	0.8939
assembly_prodigal_300.fasta	53746	GTGTTTGTTGCCGGTGTTGT...	0.6510
assembly_prodigal_300.fasta	53747	ATGTCACTTCCTGTTTTATA...	0.8136
assembly_prodigal_300.fasta	53857	ATGTGTGTGAAAACCTTCTT...	0.6628
assembly_prodigal_300.fasta	53868	GTGTTTTATTTATTTTATTT...	0.7128
assembly_prodigal_300.fasta	54049	ATGATTTATTATGATCATTT...	0.8497
assembly_prodigal_300.fasta	54083	ATGACTCTTCTTACCTCTTA...	0.6705
assembly_prodigal_300.fasta	54087	CTCTCTATGTCTCTCTCTCT...	0.8495
assembly_prodigal_300.fasta	54112	ATGTGTTTGGAGAACCCACC...	0.7428
assembly_prodigal_300.fasta	54122	ATGGCCCCTGAAGAACCGGC...	0.7006
assembly_prodigal_300.fasta	54155	TTTAATTACGTTCTTGGAGA...	0.7219
assembly_prodigal_300.fasta	54257	ATGCGTTGCGACATATTGCC...	0.6759
assembly_prodigal_300.fasta	54388	ATGATGATATCTGCCAACAA...	0.7319
assembly_prodigal_300.fasta	54389	ATGGGCAGCGTGGGCGTGAT...	0.6863
assembly_prodigal_300.fasta	54405	ATGCCACCTGGTGGTCACGA...	0.8579
assembly_prodigal_300.fasta	54479	GTGGAAGAAGAGACAGAAAA...	0.6672
assembly_prodigal_300.fasta	54685	ATGGGACCATTTTTAAGCCT...	0.7155
assembly_prodigal_300.fasta	54698	ATATATTTATTTAATCTGAT...	0.7310
assembly_prodigal_300.fasta	54749	ATGCACCGTTATAAGCCCTA...	0.6663
assembly_prodigal_300.fasta	54853	ATGGTGCTCTTTCAGAAGAT...	0.7132
assembly_prodigal_300.fasta	54876	ATGGCCGAGCCCCACCTTTA...	0.7167
assembly_prodigal_300.fasta	54917	AAAGGCGACGCCGAGCTGGT...	0.8585
assembly_prodigal_300.fasta	54957	ATGAGGATTCACCCCACCTT...	0.6518
assembly_prodigal_300.fasta	54960	TCTGAATTCAGCCATGGTGC...	0.7524
assembly_prodigal_300.fasta	55032	ATGTTTAGTCTCTCTCAGAG...	0.8149
assembly_prodigal_300.fasta	55076	ATGTTTTCTTTCATTCGTTA...	0.7627
assembly_prodigal_300.fasta	55077	ATGTATGTGCCCACTAGTTT...	0.8198
assembly_prodigal_300.fasta	55165	ATGCATCTCATGTATCCTCC...	0.6823
assembly_prodigal_300.fasta	55206	ATGTACCTGGTTGACATTTG...	0.6678
assembly_prodigal_300.fasta	55288	ATGCGCACTCACACACATGC...	0.6520
assembly_prodigal_300.fasta	55358	ATGTTTTTCCTCTCTGTGCT...	0.9594
assembly_prodigal_300.fasta	55366	ATGACCGTGGAGCTGAAGAT...	0.7166
assembly_prodigal_300.fasta	55415	ATGGAGTGAGAAGTATGATC...	0.7920
assembly_prodigal_300.fasta	55435	AAGATAAAAGAAGTCTTCCT...	0.6621
assembly_prodigal_300.fasta	55468	GTGCCTGAGCCTGTAGTGCC...	0.7345
assembly_prodigal_300.fasta	55485	ATGTTGACAGCCCCTTCTGT...	0.6721
assembly_prodigal_300.fasta	55505	ATGGGATACGCCCCTCTGTG...	0.6549
assembly_prodigal_300.fasta	55525	GGCCTCCAGCTACGCCTCGA...	0.6596
assembly_prodigal_300.fasta	55586	ATGCAGTACTACCTGTACTG...	0.6859
assembly_prodigal_300.fasta	55594	GTCCTGTCTCAGGTCCTGTC...	0.9151
assembly_prodigal_300.fasta	55595	GTGGTCCTGTCTCAGGTCCT...	0.9369
assembly_prodigal_300.fasta	55614	GTGCTCGAAGCCTTCGCTCT...	0.7539
assembly_prodigal_300.fasta	55651	ATGCCGGCCAAGAAGAACGT...	0.7729
assembly_prodigal_300.fasta	55674	ATGTTAGTGTCGTTACTCAC...	0.6853
assembly_prodigal_300.fasta	55700	ATGCAGATGCAGATGGACAC...	0.6848
assembly_prodigal_300.fasta	55733	ACACTTTTACCACTATCTCT...	0.7400
assembly_prodigal_300.fasta	55768	ATGCTGCCGGCCTCCATCCA...	0.7188
assembly_prodigal_300.fasta	55801	ATGTCTTACTATGGATTCAT...	0.6548
assembly_prodigal_300.fasta	55829	AACACTATCAACTACACAAT...	0.7876
assembly_prodigal_300.fasta	55832	TCATTCATCAGATTACTTCC...	0.6887
assembly_prodigal_300.fasta	55924	GCAGGAGAAATTCCTCCTGA...	0.6665
assembly_prodigal_300.fasta	55967	ATGGATGTGACTGGTCCGAC...	0.7204
assembly_prodigal_300.fasta	56003	ATGTTTTCTCACCTCGTCAC...	0.7079
assembly_prodigal_300.fasta	56093	ATGTTATTTTCTGATTCTTT...	0.6738
assembly_prodigal_300.fasta	56157	CATATGTCTACCTGTCTACT...	0.8517
assembly_prodigal_300.fasta	56293	AAACAGTCCCGTTACACTGA...	0.8541
assembly_prodigal_300.fasta	56308	ATGGCTTTTCTCTCCCGGGT...	0.6958
assembly_prodigal_300.fasta	56387	TCCTCTGCTCCGTTAGCATT...	0.9154
assembly_prodigal_300.fasta	56417	TCTCTCCGTCTCTCTCTCTC...	0.9775
assembly_prodigal_300.fasta	56421	ATGATGCATTCATCTCTTCT...	0.6772
assembly_prodigal_300.fasta	56481	GCTTTAGCTGCTCAGTCCCT...	0.6532
assembly_prodigal_300.fasta	56536	GATTATCAGACACTGTGGCT...	0.6635
assembly_prodigal_300.fasta	56546	GTGAAGATCCTCCTCCCACT...	0.7366
assembly_prodigal_300.fasta	56578	GTGGGAGGCGCTCCACGGCT...	0.9988
assembly_prodigal_300.fasta	56622	ATGATGAAAGAGCATGTCCA...	0.7408
assembly_prodigal_300.fasta	56663	ATGGTGACTTTGGTCCAACC...	0.7644
assembly_prodigal_300.fasta	56702	ATGGAAACGGCTGCCTCCAT...	0.6798
assembly_prodigal_300.fasta	56754	TATCAGTTTGTTTTCTCTCT...	0.6660
assembly_prodigal_300.fasta	56780	ATGGATTCTGAATTTTCCCT...	0.7733
assembly_prodigal_300.fasta	56785	TTGGGGGAGGGGGGTTACAC...	0.6996
assembly_prodigal_300.fasta	56831	ATGTCTCTGTTAACAGATTA...	0.7021
assembly_prodigal_300.fasta	56899	GTGGTGTTTGATTTTGTGGT...	0.7782
assembly_prodigal_300.fasta	56929	GCATTTCATTCACCAGGACT...	0.6743
assembly_prodigal_300.fasta	56930	CTTGAATTTTTTGTGCTTTT...	0.6765
assembly_prodigal_300.fasta	56996	ATGGCGCTCATCCCCTCGCA...	0.6815
assembly_prodigal_300.fasta	57037	TATTTTCTTAAATCTAAGAA...	0.6992
assembly_prodigal_300.fasta	57082	TTGCCTTTGCATTTTGACTC...	0.7021
assembly_prodigal_300.fasta	57140	TCTCTCTCTCTCTCTCCTTC...	0.7819
assembly_prodigal_300.fasta	57232	ATGACCCCTGAAGCTCCTAA...	0.6680
assembly_prodigal_300.fasta	57235	CAACCAAGACAACAACTCCC...	0.6660
assembly_prodigal_300.fasta	57299	ATGTGTGTTTTTTTGTGTCT...	0.7531
assembly_prodigal_300.fasta	57303	TTAAAAGAAGTGTTTACCTT...	0.6648
assembly_prodigal_300.fasta	57369	ATGTTTTATAGACTCAACTC...	0.6698
assembly_prodigal_300.fasta	57448	GTGTGTGGGGGGGTGCGCTT...	0.7777
assembly_prodigal_300.fasta	57471	ATGTTAAGTGCTTCGACCTG...	0.6694
assembly_prodigal_300.fasta	57544	ATGACACACTGTCTCTCAGC...	0.7833
assembly_prodigal_300.fasta	57649	ATGCTCTCTCATCCAGCCCT...	0.9836
assembly_prodigal_300.fasta	57736	TCCTCCAGTTCACACCTGGT...	0.6815
assembly_prodigal_300.fasta	57748	ATGGAGCTTTTCTTTAACCC...	0.6703
assembly_prodigal_300.fasta	57784	GTGTGTGTTTGTGTGTGTGT...	0.6533
assembly_prodigal_300.fasta	57902	CCACCAATAGACTCAAACCC...	0.6714
assembly_prodigal_300.fasta	57905	GTGTGTCGTATTCATGATGT...	0.6874
assembly_prodigal_300.fasta	57920	GTGTTGGCGTCCTTTTTCTG...	0.9367
assembly_prodigal_300.fasta	57921	TCCTTTTTGATAAAGCTTAT...	0.7975
assembly_prodigal_300.fasta	57937	ATGTGTAGTATATATATATA...	0.8606
assembly_prodigal_300.fasta	57947	ATGGATGGGGGCTCCGGCCC...	0.7579
assembly_prodigal_300.fasta	57952	ATGAGATATGATGCTGACTT...	0.7554
assembly_prodigal_300.fasta	57993	ATGAAAATCCTCTCTCTCTC...	0.9074
assembly_prodigal_300.fasta	57994	ATGGAGGAGCTCAGGACAGC...	0.6917
assembly_prodigal_300.fasta	58012	ATGTTTGTGCTGTTTCTCCA...	0.6704
assembly_prodigal_300.fasta	58043	CTCTTTTCTCTTTTCTCTTA...	0.6698
assembly_prodigal_300.fasta	58058	TGCTGCTCAGAGCAGATTTG...	0.9595
assembly_prodigal_300.fasta	58178	CGAGTTTATCATATTTTTGA...	0.6602
assembly_prodigal_300.fasta	58198	TTCATCTATCTCTCTCTCTC...	0.7869
assembly_prodigal_300.fasta	58207	TATGTCATCCTGAATCTGTG...	0.7266
assembly_prodigal_300.fasta	58377	ATGCGTCTGCTGCTTCCTGA...	0.7915
assembly_prodigal_300.fasta	58389	ATGCAGCAGTGTCAGCCACT...	0.6855
assembly_prodigal_300.fasta	58453	ATGTTGGCTGATGTGCATTC...	0.6578
assembly_prodigal_300.fasta	58477	CTCTCTCTCTCTCTCTCTCT...	0.8384
assembly_prodigal_300.fasta	58483	ATGGCGGAGTACAGCCAGGC...	0.8837
assembly_prodigal_300.fasta	58485	ATGGCAACTGATGTCCTGAC...	0.8020
assembly_prodigal_300.fasta	58502	AATTATGCTGCGGTTGCTAA...	0.6753
assembly_prodigal_300.fasta	58556	ATGGTCCGTCTCCTCCTCGG...	0.6723
assembly_prodigal_300.fasta	58559	CTTTTTTGTTTGTTCACTCA...	0.6957
assembly_prodigal_300.fasta	58672	GTGAAACAGGAAGTTGGGTT...	0.6812
assembly_prodigal_300.fasta	58765	GTGGTTGCTAGTCATGTATC...	0.8510
assembly_prodigal_300.fasta	58922	TGGCGAGCGCCGGAGCGCCG...	0.7930
assembly_prodigal_300.fasta	58937	ATGGATGGCTGGATGGATGA...	0.6685
assembly_prodigal_300.fasta	58944	ATGTCATCTGCTCCTGCATT...	0.7205
assembly_prodigal_300.fasta	58967	ATGGTTAAAATTTGCTGCAA...	0.6883
assembly_prodigal_300.fasta	59061	ATGGTCATCACCCAGACGGA...	0.6750
assembly_prodigal_300.fasta	59095	ATGCTGTTATATGACTTTGT...	0.7622
assembly_prodigal_300.fasta	59112	ATGAGTACTCTGATGTACCT...	0.6847
assembly_prodigal_300.fasta	59149	ATGATTGTTTCATCTATCAC...	0.6544
assembly_prodigal_300.fasta	59169	ATGATCCAGTACACCAGTGG...	0.6541
assembly_prodigal_300.fasta	59204	ATGCTTCCTGATGTCGTGGA...	0.7431
assembly_prodigal_300.fasta	59245	ATGCCCCTGACGGTCGCCAT...	0.8350
assembly_prodigal_300.fasta	59264	ATGGATGAGTGCATTGAGTT...	0.6799
assembly_prodigal_300.fasta	59295	ATGACTGGCTACCTGCTACA...	0.7464
assembly_prodigal_300.fasta	59312	CTCTCTCTCTCTCTCTCTCT...	0.9915
assembly_prodigal_300.fasta	59367	TATCCCATCAAATCCTTCAA...	0.6902
assembly_prodigal_300.fasta	59375	ATGGCTCATCAAGAGTCTGT...	0.6633
assembly_prodigal_300.fasta	59406	ATGAGCCTGAATCCACTCGA...	0.6626
assembly_prodigal_300.fasta	59459	ATGGAATCCTACCCTGCGGA...	0.6592
assembly_prodigal_300.fasta	59493	TTATTCCTAATTTTCTTTTC...	0.6606
assembly_prodigal_300.fasta	59574	GTGAGTTTTTTGAAGAACCC...	0.6799
assembly_prodigal_300.fasta	59683	GTGTTTAAAGTACAGATTGG...	0.7583
assembly_prodigal_300.fasta	59714	ATGTGATCTGAGGGGGCGGA...	0.8204
assembly_prodigal_300.fasta	59721	ATGGTTGTGGGGTCACTCTG...	0.6639
assembly_prodigal_300.fasta	59749	ATGTTACTATGCCCTCCAGC...	0.6648
assembly_prodigal_300.fasta	59854	CTTGCTGAGGCCCAGTTTAA...	0.7512
assembly_prodigal_300.fasta	59864	ATGCTGCTGGGTCGCAGGAG...	0.6805
assembly_prodigal_300.fasta	59924	CACACACACACACACACACA...	0.6727
assembly_prodigal_300.fasta	59980	ATGGACATTCAGCTGTCCTG...	0.7704
assembly_prodigal_300.fasta	59991	ATGCCTTTAGATGTCACTTC...	0.6531
assembly_prodigal_300.fasta	60001	ATGCACTTTTTAAAAATAAA...	0.6616
assembly_prodigal_300.fasta	60021	ACACTCTCTCACACACACAC...	0.7177
assembly_prodigal_300.fasta	60028	GTGTGTGTGCGTGCGTGCGT...	0.7252
assembly_prodigal_300.fasta	60036	ATGGACTACACTGTTGGTCG...	0.7238
assembly_prodigal_300.fasta	60109	AAGTTTTGGCCAATTGGCAT...	0.7307
assembly_prodigal_300.fasta	60167	GTGGTTTTGAGGGTTTGGCT...	0.7376
assembly_prodigal_300.fasta	60189	ATGATCGTTAAAAGCATCTG...	0.6662
assembly_prodigal_300.fasta	60212	ATGTGTGTTTGTTTACATTC...	0.6812
assembly_prodigal_300.fasta	60237	AGTTTGCTTACCGCTGCAAC...	0.6596
assembly_prodigal_300.fasta	60251	TTATCACAGGAATGTTTGCG...	0.7057
assembly_prodigal_300.fasta	60323	ATGCTGGCAGTCTCTCTCCA...	0.7329
assembly_prodigal_300.fasta	60331	ATGTCACGTTACGCTGATGA...	0.8913
assembly_prodigal_300.fasta	60342	ATGCAAGTCCCTCCCACCCT...	0.8993
assembly_prodigal_300.fasta	60371	ATGCGCGTTGTTGCCGGGTG...	0.7044
assembly_prodigal_300.fasta	60415	ATGCAGATCTTAAGCAATTA...	0.6942
assembly_prodigal_300.fasta	60518	GCCAAAGTAGTTGCAGACGC...	0.7423
assembly_prodigal_300.fasta	60529	ATGGCAGACAGCTGTCTCGC...	0.7549
assembly_prodigal_300.fasta	60532	CTTGGCGGCTGCTTAGACAA...	0.9500
assembly_prodigal_300.fasta	60552	ATGATAGTCTGGCAGTTCAC...	0.6862
assembly_prodigal_300.fasta	60556	GTGAACTCGTGGTTCCTGGC...	0.6880
assembly_prodigal_300.fasta	60581	TTGAACCATCAGTTACACTT...	0.7511
assembly_prodigal_300.fasta	60617	ATGCCTCCAAGTCCTGGACT...	0.7233
assembly_prodigal_300.fasta	60623	GTGATTGCATCGCTTGCCCA...	0.6570
assembly_prodigal_300.fasta	60629	ATGAAGATGTTCAGTGCTTC...	0.6863
assembly_prodigal_300.fasta	60658	TTTCAACAAAACCCGCCCTT...	0.6546
assembly_prodigal_300.fasta	60679	ATGAGCCTGTTTACTGAGCA...	0.7272
assembly_prodigal_300.fasta	60818	ATGTGCGATTCCCAGTCCTT...	0.7523
assembly_prodigal_300.fasta	60819	ATGCATGGACAGAGTGGCTC...	0.7479
assembly_prodigal_300.fasta	60843	ATGAAATTCATACTACCAAG...	0.7400
assembly_prodigal_300.fasta	60845	ATGAAATGCCTAACTGCCCT...	0.7581
assembly_prodigal_300.fasta	61009	ATGCTCCTCTTCCTCCTTCC...	0.9552
assembly_prodigal_300.fasta	61066	GATAACTACCATGCCTCCCA...	0.7200
assembly_prodigal_300.fasta	61076	CTCTCTCTCTCTTACTCTAT...	0.9863
assembly_prodigal_300.fasta	61079	GCCCTACGCCAGCTGTTCCT...	0.7620
assembly_prodigal_300.fasta	61153	CACACTCTTAATGACGGTCA...	0.6587
assembly_prodigal_300.fasta	61158	ATGACTCCTTCATCCATCCT...	0.8542
assembly_prodigal_300.fasta	61165	TGTTTGTGTGTGTGTGTGTG...	0.7042
assembly_prodigal_300.fasta	61204	CTCTCCTTCCCCCATCTTCC...	0.7695
assembly_prodigal_300.fasta	61242	ATGGACCTGCTGAAGATGTT...	0.6872
assembly_prodigal_300.fasta	61256	ATGTGTTGCTGCTGGGAGAT...	0.9046
assembly_prodigal_300.fasta	61304	GTGTGTGTGTGTTTGCAGGC...	0.6703
assembly_prodigal_300.fasta	61369	CCCCGGGTTGTTACTCTTCT...	0.7709
assembly_prodigal_300.fasta	61371	ATGATCCACCACCAACAACA...	0.6646
assembly_prodigal_300.fasta	61432	TTGGAATCTTTGAAGCTCAC...	0.6620
assembly_prodigal_300.fasta	61457	ATGCTTTGTGCTGGGCTCCT...	0.8614
assembly_prodigal_300.fasta	61491	TTGTCTTTTTCCTACAACTC...	0.7210
assembly_prodigal_300.fasta	61493	ATGTTAAAGATGATCTCTCT...	0.9415
assembly_prodigal_300.fasta	61612	TTCTCTATCAGTGAGCCTCC...	0.8631
assembly_prodigal_300.fasta	61684	ATGTTTCTTACCACCAGCGT...	0.6562
assembly_prodigal_300.fasta	61702	ATGTGTGTGTGTGATTTGTT...	0.6990
assembly_prodigal_300.fasta	61773	ATGAGAGAAATGCAGCCAAA...	0.6746
assembly_prodigal_300.fasta	61832	AATTTCACTCTCCCTCTTCT...	0.7123
assembly_prodigal_300.fasta	61838	ATGCCAGCAAAATGCCCCCC...	0.6640
assembly_prodigal_300.fasta	61887	GTGTGTGTGCATGCAGCTCA...	0.8857
assembly_prodigal_300.fasta	61948	ATGACCCCCTCAGTCATTCT...	0.7717
assembly_prodigal_300.fasta	62030	CAAACCCCCCCTCCAGTATT...	0.8373
assembly_prodigal_300.fasta	62060	AATCTCAGTGCCTCTGTCTG...	0.6527
assembly_prodigal_300.fasta	62156	ATGAATTTTTCACCGTCATC...	0.6793
assembly_prodigal_300.fasta	62157	GTGATTCACCAGCAACCTGC...	0.6595
assembly_prodigal_300.fasta	62160	TTTCTTTCCGACGTCACACA...	0.7361
assembly_prodigal_300.fasta	62204	ATGCGCATGCGTATCTGGTT...	0.6513
assembly_prodigal_300.fasta	62282	ATGGAGTTTCATACAGCTTC...	0.6793
assembly_prodigal_300.fasta	62300	GTGGATTCGTCTCACTGTGG...	0.7913
assembly_prodigal_300.fasta	62315	ATGAAGGTCCTGTCTCCCTC...	0.7408
assembly_prodigal_300.fasta	62349	GTGATAGCTGGAGGTGTTTG...	0.7984
assembly_prodigal_300.fasta	62456	ATGCTGTGCCTTGTGCTACT...	0.6766
assembly_prodigal_300.fasta	62459	ATGCTTAAACGTCACCTTGA...	0.6875
assembly_prodigal_300.fasta	62464	ATGTCCAGGACATGTGAAGA...	0.8114
assembly_prodigal_300.fasta	62480	ATGGTTGCAGAGACACACCT...	0.7401
assembly_prodigal_300.fasta	62496	ATGATGACGGATGGACTCTG...	0.6816
assembly_prodigal_300.fasta	62525	ATGATGAGAGCTTGGATTTC...	0.6704
assembly_prodigal_300.fasta	62624	ATGCACATCATACAGCAGCT...	0.6602
assembly_prodigal_300.fasta	62643	GACCCTGCCCTGACCTCTCA...	0.7326
assembly_prodigal_300.fasta	62769	CAGAAGCAAACAACTGATGT...	0.6652
assembly_prodigal_300.fasta	62813	ATGGGGGGTGAAGAAAAGAG...	0.7034
assembly_prodigal_300.fasta	62865	CTTATTCATCTCAAAAGTGA...	0.6509
assembly_prodigal_300.fasta	62881	TCTCCTTTATTGGCCTCGTC...	0.6632
assembly_prodigal_300.fasta	63129	TTGGTGTATGTCAGTTGCAG...	0.6762
assembly_prodigal_300.fasta	63130	GTTACAGTTGGGTCTGTTCT...	0.6902
assembly_prodigal_300.fasta	63167	GTCATATTGCCGCGTATGAG...	0.7003
assembly_prodigal_300.fasta	63190	ATGTCGGCCGCTGGCTCCTC...	0.6534
assembly_prodigal_300.fasta	63232	ATGCTGGCACGCACTCTTCA...	0.6666
assembly_prodigal_300.fasta	63244	ATGATCAAATGTAATAAAAA...	0.7563
assembly_prodigal_300.fasta	63269	ATGCGTGCAGTTTTAGCTCC...	0.7915
assembly_prodigal_300.fasta	63371	ATGGTCCGGCTCCTGCTGGC...	0.6629
assembly_prodigal_300.fasta	63398	CTACTCATCGACACACAGGG...	0.7116
assembly_prodigal_300.fasta	63444	ATGATTCTGCTACGTCAGGT...	0.6952
assembly_prodigal_300.fasta	63547	ATGGTTTTCTCTCCCTCCCT...	0.6626
assembly_prodigal_300.fasta	63642	ATGTGCCTCCGTCCCCTGAG...	0.7186
assembly_prodigal_300.fasta	63707	TCTCTCTCTCTTTCACCTTT...	0.9558
assembly_prodigal_300.fasta	63720	ATTTACTGCCAGACTGACAA...	0.8087
assembly_prodigal_300.fasta	63779	ATGTTCGAAAGGTGTGATAT...	0.9061
assembly_prodigal_300.fasta	63834	ATGCTGGAAATGAGCTCTTA...	0.7225
assembly_prodigal_300.fasta	63836	ATGTCACCTGGAAATGGAGT...	0.8005
assembly_prodigal_300.fasta	63858	ATGACTTTTAGACTCATTTT...	0.7799
assembly_prodigal_300.fasta	63983	CCCACTGAGTCTCCCAGTAT...	0.6590
assembly_prodigal_300.fasta	64019	ATAACACCTGCTCCTCTGAT...	0.8376
assembly_prodigal_300.fasta	64032	TTTCAATCTGGGGCTCCACT...	0.6863
assembly_prodigal_300.fasta	64044	GTGCTGCTGTTGCTCCACAT...	0.6828
assembly_prodigal_300.fasta	64046	TTGACCGAGGTAATAGAGCG...	0.6786
assembly_prodigal_300.fasta	64254	ATGGTTTCAGAATGTGAACC...	0.9119
assembly_prodigal_300.fasta	64257	GTGCCAACCTCTCCTTCTCT...	0.8347
assembly_prodigal_300.fasta	64271	ATGTGCACATGTGCTCCTGT...	0.6932
assembly_prodigal_300.fasta	64299	ATGTATTTTATTACAGCACA...	0.6533
assembly_prodigal_300.fasta	64311	CACACTGAGGAAATCCTCAA...	0.8403
assembly_prodigal_300.fasta	64373	ATGTTTGCTTTTGGCTTTGT...	0.7108
assembly_prodigal_300.fasta	64408	TTGGTGCTGACGTCCAACGC...	0.8645
assembly_prodigal_300.fasta	64436	ATGCCTATCTTTCATCTGCA...	0.6560
assembly_prodigal_300.fasta	64444	ATTTCTCCCTTCCCCCCTCT...	0.8209
assembly_prodigal_300.fasta	64447	ATGAGTCACCACCGCTATAA...	0.6546
assembly_prodigal_300.fasta	64478	ATGGACACTGCACCCTTTTG...	0.6515
assembly_prodigal_300.fasta	64510	TCATATGTACTTTTAATTAC...	0.6751
assembly_prodigal_300.fasta	64576	GCCGACCGCCTGCTGAGAGA...	0.8769
assembly_prodigal_300.fasta	64583	TTTGTCAACCTTAAAGGTGT...	0.7548
assembly_prodigal_300.fasta	64598	ATGGACATCTCCAATGTCCA...	0.8856
assembly_prodigal_300.fasta	64618	ATGCATATGTATGCTGTGGT...	0.6776
assembly_prodigal_300.fasta	64632	AGGAAAGGACGTCTCATGTC...	0.6941
assembly_prodigal_300.fasta	64636	GTGTTTGTTCTTGCAGACTA...	0.7518
assembly_prodigal_300.fasta	64765	ATGTGCGTGTTTGGGTGTGT...	0.7790
assembly_prodigal_300.fasta	64783	ACAATCCCCCCCATCACAGT...	0.8308
assembly_prodigal_300.fasta	64861	ATGTCGGTGATTATTCCCCA...	0.6863
assembly_prodigal_300.fasta	64870	ATGTGCTTTTTAATGATTTC...	0.6959
assembly_prodigal_300.fasta	64878	GTGTATGTGTCCAGCGATGT...	0.6534
assembly_prodigal_300.fasta	64931	AAGGTGGAGCCTGAACTGCT...	0.6660
assembly_prodigal_300.fasta	64961	GAAGATGAGCTTAAGAACCT...	0.7047
assembly_prodigal_300.fasta	65024	GTGGTGGGCGTGGCCGCCGG...	0.7296
assembly_prodigal_300.fasta	65025	GTGGCTAACGTAGCGGTCTG...	0.6765
assembly_prodigal_300.fasta	65037	CTGAATCCTCTTGTTGCCGA...	0.9843
assembly_prodigal_300.fasta	65038	CAGTATTTAGCAGTAGATCT...	0.6777
assembly_prodigal_300.fasta	65056	ATGGAGGGAGACTCTGAGGA...	0.6542
assembly_prodigal_300.fasta	65065	ATGTGGAAACAAGACAGGGT...	0.7609
assembly_prodigal_300.fasta	65086	ATGGGACCTGTTGAACCTGC...	0.8801
assembly_prodigal_300.fasta	65093	ATGAACCCGGATGTGGCGTC...	0.6559
assembly_prodigal_300.fasta	65139	CACACACACACGCACGCACA...	0.6735
assembly_prodigal_300.fasta	65188	ATGGTCAGAGTCGCTATTCA...	0.9465
assembly_prodigal_300.fasta	65199	ATGAGGTTATTGTTCAACAG...	0.7534
assembly_prodigal_300.fasta	65249	ATGATACTGCATGTTTCAGA...	0.7033
assembly_prodigal_300.fasta	65276	GTGGATGTGCTGGCACGAGA...	0.6689
assembly_prodigal_300.fasta	65283	ATGAATGAAAGTATGTGCTC...	0.6548
assembly_prodigal_300.fasta	65284	ATGCACACGTACAGCATAGC...	0.6663
assembly_prodigal_300.fasta	65290	ATGTCCTTATTATTATCCCG...	0.6585
assembly_prodigal_300.fasta	65301	CGATCATTTTGGCTTCTTCG...	0.9032
assembly_prodigal_300.fasta	65335	ATGTTCGTCAACGCCGCAGA...	0.8169
assembly_prodigal_300.fasta	65422	ATGTTGGCCTTGATTCACCC...	0.7309
assembly_prodigal_300.fasta	65433	ATGCACAATGTAACGTACAT...	0.7818
assembly_prodigal_300.fasta	65561	TTCTTCTTCTTCTTCTTCTT...	0.7106
assembly_prodigal_300.fasta	65575	ATGTTAGAGACCCCCTTTAC...	0.7362
assembly_prodigal_300.fasta	65577	ATGAACCTGTGTCCCACAGA...	0.7696
assembly_prodigal_300.fasta	65766	TTTCAAGCGTTCTACCTCTT...	0.8358
assembly_prodigal_300.fasta	65770	ATGTTTCTTTCCGTTAATGA...	0.7762
assembly_prodigal_300.fasta	65888	GTGTCACTGCAGGCCCTCCA...	0.8762
assembly_prodigal_300.fasta	65896	ATGAGCCAATCAATCAGTGC...	0.7872
assembly_prodigal_300.fasta	65909	ATGGACTCTTACTTGAGGAA...	0.6768
assembly_prodigal_300.fasta	65979	ATGGAGTTTCTCTCTCTCTC...	0.7724
assembly_prodigal_300.fasta	66066	ATGTCACTTGAAATCTCTCT...	0.7989
assembly_prodigal_300.fasta	66161	CTTCTTACACAGCACGTGTC...	0.7283
assembly_prodigal_300.fasta	66185	ATGTCGATCTTTGTGTTTGT...	0.7724
assembly_prodigal_300.fasta	66204	ATGAGGCTTTGCACTCACTA...	0.7578
assembly_prodigal_300.fasta	66246	GTGCAGGGTGACTTCTTCTC...	0.6619
assembly_prodigal_300.fasta	66358	ATGGCAGGTATTTTCACCTT...	0.9183
assembly_prodigal_300.fasta	66363	ATGATAACAGCTGGTGTTCT...	0.9069
assembly_prodigal_300.fasta	66422	ATGTCGGGCATCGCGGCCGC...	0.6536
assembly_prodigal_300.fasta	66445	ATGAAGCATCTTTTGTGTCG...	0.6771
assembly_prodigal_300.fasta	66450	CGTGTTTTCCAGTCTCTCTC...	0.7885
assembly_prodigal_300.fasta	66571	CACACACACACACACACACA...	0.6582
assembly_prodigal_300.fasta	66599	ATGAAGCCGTCTGCCATTGT...	0.8665
assembly_prodigal_300.fasta	66696	ATGGAGGTTTCCAACCAGGA...	0.7691
assembly_prodigal_300.fasta	66700	GACGACGCCGCCCCCACTGG...	0.6948
assembly_prodigal_300.fasta	66702	CTGATGTTACTCATCCTTGC...	0.7139
assembly_prodigal_300.fasta	66814	ATGCCAGCAAGCAAACCTCA...	0.7850
assembly_prodigal_300.fasta	66815	GTGAGAGAGAGGCTGGATGA...	0.8390
assembly_prodigal_300.fasta	66884	ATGAATGATTGTCACACCGT...	0.8830
assembly_prodigal_300.fasta	66886	ATGACAACTCTGTTTTTCCC...	0.7092
assembly_prodigal_300.fasta	66910	ATGGCTCTCAATGCCACTGG...	0.7651
assembly_prodigal_300.fasta	66919	ATGGATGGCAGAGCTAAATC...	0.6652
assembly_prodigal_300.fasta	66946	GTGTGTGCCTGTCGCAGACT...	0.6857
assembly_prodigal_300.fasta	66978	GTGTGCAGGGTGATGCTGGT...	0.7992
assembly_prodigal_300.fasta	66981	CTATTTTGGTCATCTTTTGT...	0.7656
assembly_prodigal_300.fasta	67119	ACTGAGACACTCATTACCAC...	0.6689
assembly_prodigal_300.fasta	67295	ATGCACTGCAGTGATTCGTT...	0.6629
assembly_prodigal_300.fasta	67315	GTGATTGATCATAGGGAGCA...	0.7832
assembly_prodigal_300.fasta	67322	ATGAAAGATTCAGTGACCAG...	0.7141
assembly_prodigal_300.fasta	67374	ATGGCCCAGACGCTCAACAG...	0.7020
assembly_prodigal_300.fasta	67427	ATGACAAACACATTGTCCGT...	0.6544
assembly_prodigal_300.fasta	67451	ATGATTCCTTCTGTGTCACC...	0.6751
assembly_prodigal_300.fasta	67568	ATGCTCAAATACTTCGCTCT...	0.8148
assembly_prodigal_300.fasta	67596	ATGATCACGTGTACATCTAT...	0.7803
assembly_prodigal_300.fasta	67654	ATGCTGCCCGACGTTGTCGA...	0.7926
assembly_prodigal_300.fasta	67662	ATGTCCTCCTCCTTCAGGAG...	0.7210
assembly_prodigal_300.fasta	67711	ATGAGGAAAGAGGCACTCCT...	0.8449
assembly_prodigal_300.fasta	67839	TTTTCCTGCAGCGTCTCTGC...	0.8687
assembly_prodigal_300.fasta	67865	ATGGCAAACTGTCTCTCTCT...	0.9252
assembly_prodigal_300.fasta	67888	CATTTATCTTGTTTTATCAT...	0.6641
assembly_prodigal_300.fasta	67897	GTGCCGTCAGCTGTTTGTTG...	0.6504
assembly_prodigal_300.fasta	67900	ATGGCGTCTCTGTTTGCCCA...	0.6740
assembly_prodigal_300.fasta	67905	ATGTACATTCAAATCTCTGC...	0.7086
assembly_prodigal_300.fasta	67907	GTGTCGGCCATTTTGAACAT...	0.8861
assembly_prodigal_300.fasta	67983	ATGCAGGGTCTCTATTCCTC...	0.8785
assembly_prodigal_300.fasta	67999	ATGTACACTGAAACCTGTAC...	0.6831
assembly_prodigal_300.fasta	68077	ATGTGGAACGAGCACCTCGG...	0.6895
assembly_prodigal_300.fasta	68170	ATGGCTTTTTTTCATTTTAT...	0.6543
assembly_prodigal_300.fasta	68199	ATGCTGCACCAACAGCTCCC...	0.6784
assembly_prodigal_300.fasta	68205	GTTCCACTTCCTTTGCTTCT...	0.7952
assembly_prodigal_300.fasta	68219	ATGGCGACGGCTCTACGCGG...	0.8354
assembly_prodigal_300.fasta	68234	ATGATGCTTTATCTGTCTTT...	0.6739
assembly_prodigal_300.fasta	68244	ATGGAAATGCGTAAACCCAC...	0.8530
assembly_prodigal_300.fasta	68287	GTGTGTGTGTGTGTGTGTGT...	0.8502
assembly_prodigal_300.fasta	68290	GTGCTGTCGCTGCTTGTTGC...	0.7700
assembly_prodigal_300.fasta	68304	ATGAACTCTGTGACTCAATC...	0.7351
assembly_prodigal_300.fasta	68395	GTGGGAGAGTCGGGAGAGGT...	0.9032
assembly_prodigal_300.fasta	68403	ATGCTCAGTAGCGTTTCCCC...	0.7818
assembly_prodigal_300.fasta	68412	ATGCTTTTCCACCTTAAAGA...	0.7672
assembly_prodigal_300.fasta	68429	ATGTGCGGTGAACTCTACAA...	0.6635
assembly_prodigal_300.fasta	68499	GACAGCTACCCCGGCCTGCT...	0.7325
assembly_prodigal_300.fasta	68524	ATGTTGAATATTTCTCTCTC...	0.7349
assembly_prodigal_300.fasta	68548	ATGGAGGTTCAGAACCTTCA...	0.6733
assembly_prodigal_300.fasta	68643	ATGCTGCGTTCAGAGTCCTA...	0.7498
assembly_prodigal_300.fasta	68726	ATGCCCATTATTACTGCTAA...	0.6692
assembly_prodigal_300.fasta	68769	ATGAAAATGTCTCTTTCTCT...	0.9010
assembly_prodigal_300.fasta	68799	ATGCTCACAGAGAGATTTAC...	0.8487
assembly_prodigal_300.fasta	68894	ATGTATAGATACCTCAGGAT...	0.6705
assembly_prodigal_300.fasta	68959	ATGTCTTGGAGTGAACTCTT...	0.6598
assembly_prodigal_300.fasta	68978	ATGTTTCTTTTTTTTTCTGC...	0.8572
assembly_prodigal_300.fasta	69007	ATGGTATTTGATGGTCATGT...	0.6621
assembly_prodigal_300.fasta	69045	ATGATTCTGGCTGCACTCAG...	0.6769
assembly_prodigal_300.fasta	69054	AATTTTCAAAGGGTCAATCA...	0.7534
assembly_prodigal_300.fasta	69093	GATTTGTGTATCAGAACTTT...	0.7762
assembly_prodigal_300.fasta	69140	ATGGGCGAGCTCCAGGACCC...	0.8015
assembly_prodigal_300.fasta	69160	ATGCTGGAGCACATTCAGCA...	0.6819
assembly_prodigal_300.fasta	69182	ATGTGGGCGGAACCACTGCC...	0.6744
assembly_prodigal_300.fasta	69242	GTGCAGCTTCTGAATGGTTT...	0.6563
assembly_prodigal_300.fasta	69287	ATGGGCCAGTCTCTCTTCGC...	0.9519
assembly_prodigal_300.fasta	69319	TTGGATTACATTAAAACTAG...	0.6589
assembly_prodigal_300.fasta	69355	ATGAGTCCCTTTGTGGTCAC...	0.8623
assembly_prodigal_300.fasta	69365	ATGCGTGAAACTCGAGCTCC...	0.6874
assembly_prodigal_300.fasta	69383	ATGGACAGATGGCTCCATCT...	0.8206
assembly_prodigal_300.fasta	69389	ATGGGCAGCCACTTCATGGA...	0.6700
assembly_prodigal_300.fasta	69460	ATGATCCCAGCAGGCATCCA...	0.8550
assembly_prodigal_300.fasta	69466	GTGTCTAAAATCCAAAATAA...	0.6805
assembly_prodigal_300.fasta	69512	ATGAAAGGAGGGAAAGAAAG...	0.7562
assembly_prodigal_300.fasta	69560	TTGACCTCGTCCAACATCAC...	0.7833
assembly_prodigal_300.fasta	69580	ATGTTTCCATCTCCTCCCCC...	0.6855
assembly_prodigal_300.fasta	69656	ATGATCTTCTCACCGCTTCT...	0.7307
assembly_prodigal_300.fasta	69658	ATGTCTGATGACGCAGTGAC...	0.6520
assembly_prodigal_300.fasta	69715	ATGGAGTCAGCACATTCAGA...	0.7389
assembly_prodigal_300.fasta	69735	CTTCAAACCTCCGACCTTTG...	0.7562
assembly_prodigal_300.fasta	69745	ATGTCTGACTTATTGGTGTT...	0.6878
assembly_prodigal_300.fasta	69863	ATGATCGGTGCTGCACTTGC...	0.9554
assembly_prodigal_300.fasta	69995	ATGTTTTCATTATCCTGTGA...	0.6623
assembly_prodigal_300.fasta	70096	ATGATCGCGTTGCACACACT...	0.6954
assembly_prodigal_300.fasta	70101	CACTCTACCGAGACTGCACT...	0.7516
assembly_prodigal_300.fasta	70117	ATGTCACCAGACAGGACCGG...	0.6606
assembly_prodigal_300.fasta	70183	ATGGAGCACAGTCCACCTGA...	0.8851
assembly_prodigal_300.fasta	70211	CTCTACAAGCCTGAATTCTC...	0.7310
assembly_prodigal_300.fasta	70257	TTGTCTCTAGTCTTTTTTTT...	0.7117
assembly_prodigal_300.fasta	70259	ACGGTCCTGGCTCCGTTCCT...	0.7177
assembly_prodigal_300.fasta	70376	ATGTGTGTGTGTGTGTGTGT...	0.6638
assembly_prodigal_300.fasta	70467	ATGACTTTATCTGTGCTCTC...	0.6785
assembly_prodigal_300.fasta	70477	ATGGATCTGAACGAGATCGC...	0.8990
assembly_prodigal_300.fasta	70481	CTAGACCCAGTCCTAGACCC...	0.7914
assembly_prodigal_300.fasta	70572	TCTCTCTCTCTCTCTCTCTC...	0.8184
assembly_prodigal_300.fasta	70603	ATGAAAGACTTGAATGTTGT...	0.7863
assembly_prodigal_300.fasta	70704	GTGTGTCCTTCAGGTGTTTG...	0.6545
assembly_prodigal_300.fasta	70714	ATGAAGATGCCTCCCTCTAT...	0.8615
assembly_prodigal_300.fasta	70729	ATAGACTACTACCTAGACTA...	0.7761
assembly_prodigal_300.fasta	70754	CACACACACACACACACACA...	0.8208
assembly_prodigal_300.fasta	70879	ATGCGCGTCTCCAGGAAGGG...	0.6882
assembly_prodigal_300.fasta	70890	ATGAACACACACACACACAC...	0.6883
assembly_prodigal_300.fasta	70921	ATGTGTGTGTTTTCTGTGTG...	0.7038
assembly_prodigal_300.fasta	70971	TGGAGGGCTCTGATTGATAC...	0.7379
assembly_prodigal_300.fasta	70997	GTGAAGCATTTCAAGGCGTT...	0.7421
assembly_prodigal_300.fasta	71025	TTGAGGTCCCGTTGGTCAGC...	0.6944
assembly_prodigal_300.fasta	71096	ATGCGTATTGCCTCCTCAGA...	0.6935
assembly_prodigal_300.fasta	71108	CCAGTCCTAGACCTCGTCCT...	0.7747
assembly_prodigal_300.fasta	71193	ATGTGTCTAACTTGTTTTTC...	0.6598
assembly_prodigal_300.fasta	71226	ATGCGTTTTCATAAATTGTC...	0.6595
assembly_prodigal_300.fasta	71258	AGTGACCCCCTTCACGCCCT...	0.7619
assembly_prodigal_300.fasta	71314	ATGGGAAATCTTCCTTTTCA...	0.6752
assembly_prodigal_300.fasta	71332	CTCTCTCTATGTCTCTCTCT...	0.8907
assembly_prodigal_300.fasta	71344	ATGACCCAAATGCCTTTGCA...	0.9119
assembly_prodigal_300.fasta	71358	ATGACAGTGTTACAATTACA...	0.8397
assembly_prodigal_300.fasta	71427	GTCATTTCAATTATAGATCC...	0.7505
assembly_prodigal_300.fasta	71444	GTCCTGGAGTTCAATGCCAC...	0.7060
assembly_prodigal_300.fasta	71534	ATGCACCTCTGCTACAAAAA...	0.7198
assembly_prodigal_300.fasta	71645	ATGTTTTCCTCACAATGCAC...	0.9012
assembly_prodigal_300.fasta	71683	CACACACACACACACACACA...	0.6896
assembly_prodigal_300.fasta	71727	ATGATGATGTTGTGGTTGTT...	0.9263
assembly_prodigal_300.fasta	71776	ATGATCCCCTTCCAGGCATC...	0.7012
assembly_prodigal_300.fasta	71825	ATCACAGGTAAGTTATATTA...	0.6640
assembly_prodigal_300.fasta	71865	ATGAGACACAGCTTTGGTTC...	0.6842
assembly_prodigal_300.fasta	71893	GAGGTCCTGGTCCTTGACCT...	0.6600
assembly_prodigal_300.fasta	71899	ATGTCAATACAGCAAATGAT...	0.7196
assembly_prodigal_300.fasta	71911	ATGCTGGTTCACGGAGGGTT...	0.7099
assembly_prodigal_300.fasta	71934	GTGCTTGTTAATGCTGAGTC...	0.7221
assembly_prodigal_300.fasta	71947	TGCCAAGCACCTCCGGAAGT...	0.7717
assembly_prodigal_300.fasta	72149	ATGGAACTGAAACATTTCTC...	0.6729
assembly_prodigal_300.fasta	72191	ACACACACACACACACACAC...	0.7928
assembly_prodigal_300.fasta	72231	ATGGGCTATCAGCACTCTAC...	0.6581
assembly_prodigal_300.fasta	72286	ATGAATTCAACTAACCTGCC...	0.7667
assembly_prodigal_300.fasta	72328	GTGGATCCCGCTTTCGCCAC...	0.7071
assembly_prodigal_300.fasta	72382	ATGATCCAGGCTCACACATC...	0.7383
assembly_prodigal_300.fasta	72416	ATGCTGTTCTTCCTAATTTC...	0.6977
assembly_prodigal_300.fasta	72521	ATGCGTGGTATGTCCCTGCC...	0.7206
assembly_prodigal_300.fasta	72571	GTGTGTGTCTACAGTGCGAG...	0.9140
assembly_prodigal_300.fasta	72579	ATGTGGGTGTACAGTGTGGA...	0.6758
assembly_prodigal_300.fasta	72691	ATGGCAAGGATTCAAACTTA...	0.9018
assembly_prodigal_300.fasta	72719	ATGACAACGGCGACTTACAG...	0.6711
assembly_prodigal_300.fasta	72758	ATGCTTCATATTCTCCTCTT...	0.6954
assembly_prodigal_300.fasta	72765	ATGAAATTAGCTTATCGTCG...	0.6524
assembly_prodigal_300.fasta	72812	CCACAGATACAAATACGCCC...	0.6533
assembly_prodigal_300.fasta	72829	ATGAAGGTATTTAAAGTGGA...	0.8911
assembly_prodigal_300.fasta	72979	TTTCCTAAATGGAAGGGCAT...	0.7333
assembly_prodigal_300.fasta	73008	ATGTTATTTGTTGCCATGGT...	0.6939
assembly_prodigal_300.fasta	73022	ATGTACTGCTCCTTTGTACC...	0.6963
assembly_prodigal_300.fasta	73045	GTGACTTTATTCTATCATAA...	0.6587
assembly_prodigal_300.fasta	73063	ATGATCATCATGAACATTAT...	0.6776
assembly_prodigal_300.fasta	73073	ATGCAACTTCACTTTCTACT...	0.7056
assembly_prodigal_300.fasta	73086	ATGTTCTCTGATCCTACTAC...	0.7296
assembly_prodigal_300.fasta	73110	GATTTAGAAATGCTAAGACT...	0.7125
assembly_prodigal_300.fasta	73137	TATTATAATCAAATTTGTCA...	0.7201
assembly_prodigal_300.fasta	73235	ATGTATGTCAGAATACAAGG...	0.7016
assembly_prodigal_300.fasta	73252	ATGTTTCTATGGATCACGGT...	0.8198
assembly_prodigal_300.fasta	73344	GTGGATGAGAGCCCTGCTGA...	0.6548
assembly_prodigal_300.fasta	73378	ATGCACTCTTCTCATTTTTT...	0.7937
assembly_prodigal_300.fasta	73418	TTCACTGACCCCTGCTGGCT...	0.8063
assembly_prodigal_300.fasta	73419	ATGCGTTCACTGACCCCTGC...	0.7013
assembly_prodigal_300.fasta	73426	ATGAGGTACTCTGATGACAA...	0.7433
assembly_prodigal_300.fasta	73449	AAGAAGGATCACTCACTTGC...	0.6693
assembly_prodigal_300.fasta	73468	AACATTACTAATACTGCTCC...	0.7249
assembly_prodigal_300.fasta	73521	ATGTTGTCTTTTTTCTTCTT...	0.6887
assembly_prodigal_300.fasta	73542	ATGACCTTCCCCTGTACGGA...	0.8161
assembly_prodigal_300.fasta	73577	CTTGCTAATTATGTAGCTTT...	0.7669
assembly_prodigal_300.fasta	73620	GTGCTCTTAGCTCTTCTGGT...	0.8198
assembly_prodigal_300.fasta	73634	TCTTTACTGGATACTGGGAA...	0.6929
assembly_prodigal_300.fasta	73688	CCATTCTCCTCTTCTAAATA...	0.8498
assembly_prodigal_300.fasta	73736	ATGGCGTACGACATTTGTGG...	0.8013
assembly_prodigal_300.fasta	73743	GTGTTCCCAGTGTTCCCAGT...	0.6562
assembly_prodigal_300.fasta	73753	GTGTCTCTCACTCTGTCTCT...	0.7057
assembly_prodigal_300.fasta	73782	GTGCTTGAAGCTTACTCAGA...	0.8000
assembly_prodigal_300.fasta	73796	GTCGGACTCCTCCTCGCTGT...	0.6565
assembly_prodigal_300.fasta	73862	AATTACTTTTTTCTAGAGTC...	0.7683
assembly_prodigal_300.fasta	73884	ATGTCGAGGTTTGTTGTTGT...	0.9104
assembly_prodigal_300.fasta	73885	ATGACTTACGTCCTTGTTTC...	0.7376
assembly_prodigal_300.fasta	73953	ATGTGTTGGCAGTGTGGGCG...	0.8446
assembly_prodigal_300.fasta	73997	ATGTCACCGACACTCCTTCC...	0.7326
assembly_prodigal_300.fasta	74075	ATGTCCTCACCTGGCCTCCT...	0.8839
assembly_prodigal_300.fasta	74164	ATTGTGAAACGTGAAGGAAG...	0.8414
assembly_prodigal_300.fasta	74189	TATGATCTCAGTTCTCCTCC...	0.9109
assembly_prodigal_300.fasta	74241	ATGTTGTTTTGTTACCTCGG...	0.8129
assembly_prodigal_300.fasta	74246	ATGAAAGGACAATTTGAACT...	0.7700
assembly_prodigal_300.fasta	74368	ATGAGCGACCCCACCTACTA...	0.8345
assembly_prodigal_300.fasta	74372	CAGATTTCCGTAGGCGCGTC...	0.7293
assembly_prodigal_300.fasta	74380	ATGAACCCTGCTAATGCAAC...	0.7166
assembly_prodigal_300.fasta	74396	ATGCCTTTAATACCCACGGC...	0.7672
assembly_prodigal_300.fasta	74405	ATGGTCCACAATGCAACTGC...	0.8177
assembly_prodigal_300.fasta	74488	ATGGGTTTCTTTCTCTCTCT...	0.7664
assembly_prodigal_300.fasta	74515	ATGGACAAAGCAGAGCCCCA...	0.6778
assembly_prodigal_300.fasta	74522	ATGGGATTCCTGCAGCCCCG...	0.7203
assembly_prodigal_300.fasta	74561	ATGGAGCCAATGAACTTCAT...	0.6639
assembly_prodigal_300.fasta	74563	GTGCTTTCTCATCAGGAAAC...	0.6617
assembly_prodigal_300.fasta	74636	GTGTGTGAGCTTGTGGTGCT...	0.7220
assembly_prodigal_300.fasta	74732	CTGGTACAGCAGGTCCCGGG...	0.6562
assembly_prodigal_300.fasta	74869	ATGTTGTATGAAGCCGAGGA...	0.6650
assembly_prodigal_300.fasta	74911	ATGATTGGTTTTTCAACTCT...	0.7552
assembly_prodigal_300.fasta	74915	ATGTATTTCTTCTTCTCTTT...	0.8011
assembly_prodigal_300.fasta	74928	ATGTCATGCTTGTTCTTTAG...	0.7048
assembly_prodigal_300.fasta	74946	ATGGACCTCATTACCGTCTT...	0.6927
assembly_prodigal_300.fasta	74951	GTGCCTGGCAGTGACATGGA...	0.7910
assembly_prodigal_300.fasta	75145	CAGTATTTAGTAGCTGCACC...	0.7019
assembly_prodigal_300.fasta	75150	GTGTCAATCCTTTCGCATCT...	0.6808
assembly_prodigal_300.fasta	75171	ATGGAAATGTGCTCACCTCT...	0.7071
assembly_prodigal_300.fasta	75189	ATGACTGGTGAACGTCTAAG...	0.7562
assembly_prodigal_300.fasta	75254	TTCAGTCACACTGAACCTTT...	0.6766
assembly_prodigal_300.fasta	75281	ATGCCTCCCATAGTGACCGA...	0.8105
assembly_prodigal_300.fasta	75290	ATGCCCCTAGGTGAGGCACC...	0.7784
assembly_prodigal_300.fasta	75321	ATGTGCTATTCATACACAAG...	0.6781
assembly_prodigal_300.fasta	75349	ATGGCATTGTTCTCACCAGA...	0.6652
assembly_prodigal_300.fasta	75398	ACACAGCGAGCAGGCCCGCC...	0.7140
assembly_prodigal_300.fasta	75547	ATGTCACTCGCTTGTGCTTT...	0.8090
assembly_prodigal_300.fasta	75556	ATGTTTTTGGCCGTTTGTCT...	0.8593
assembly_prodigal_300.fasta	75608	ATGGCTTCTCGGGTGACATT...	0.8335
assembly_prodigal_300.fasta	75627	GATATGTCTTTATATGTTGG...	0.7008
assembly_prodigal_300.fasta	75645	ATGAACACACACACACACAC...	0.6802
assembly_prodigal_300.fasta	75646	ATGTTTGATTTTCAGTCTCT...	0.6597
assembly_prodigal_300.fasta	75701	ATGATATTATTGATCTTCTG...	0.7347
assembly_prodigal_300.fasta	75741	ATGTTTGCCTTGAAGCCTTT...	0.7133
assembly_prodigal_300.fasta	75817	ATGGCCAATGTTCCTTGTCT...	0.6647
assembly_prodigal_300.fasta	75854	ATGAAACCTAGCCGTGCTTT...	0.7118
assembly_prodigal_300.fasta	75873	ATGCTTGTTTATGTGGATTT...	0.7749
assembly_prodigal_300.fasta	75895	CGCCTCAGCGATCCTCTGAC...	0.6697
assembly_prodigal_300.fasta	75952	ATGGAGGATCTCCCTGCGAT...	0.7243
assembly_prodigal_300.fasta	76053	ATGGAGTACTCCAGCTGCTT...	0.7048
assembly_prodigal_300.fasta	76089	ACACACACACACACACACAC...	0.6878
assembly_prodigal_300.fasta	76162	ATGAGCAACATAAGAGAAGT...	0.7327
assembly_prodigal_300.fasta	76286	ATGCATCCTCTCCTCCTGGT...	0.9434
assembly_prodigal_300.fasta	76289	ATGCAGACACTGCGCGGACC...	0.7692
assembly_prodigal_300.fasta	76296	TTTGTGACGCATCACTTCAT...	0.7978
assembly_prodigal_300.fasta	76368	GTTTGGCTAGCTCTCCATTT...	0.7218
assembly_prodigal_300.fasta	76467	ATGTATTTTCAGCCTTTCTC...	0.6583
assembly_prodigal_300.fasta	76519	GTGTTAGAGCCTCGCTTCAA...	0.7923
assembly_prodigal_300.fasta	76546	ATGTTTGTGTTGTGGTCATC...	0.7826
assembly_prodigal_300.fasta	76699	ATGTCTGGAACCTCAAGGAC...	0.6542
assembly_prodigal_300.fasta	76751	ATGGCCTCTTCACGGCGTGG...	0.7021
assembly_prodigal_300.fasta	76888	ATGTGTACATTAACACCCTC...	0.8221
assembly_prodigal_300.fasta	76915	ATGTATGACCTGGTGTCAGA...	0.7376
assembly_prodigal_300.fasta	76966	GTTTGTGCCCCGGGCTCCAC...	0.7642
assembly_prodigal_300.fasta	77076	ATGGCGACGTTGGGACCGGA...	0.7461
assembly_prodigal_300.fasta	77095	ATGTCTTATCTTCCTGATGT...	0.7189
assembly_prodigal_300.fasta	77112	ATGAACTCCCCTCTTGTATC...	0.6792
assembly_prodigal_300.fasta	77150	ATGCAACATTCAGGTCTCCT...	0.6654
assembly_prodigal_300.fasta	77274	ATGATATTTGTTATTCCAGT...	0.7689
assembly_prodigal_300.fasta	77308	ATGCGCTTTGCCAAGATGCC...	0.6761
assembly_prodigal_300.fasta	77314	ATGCATAAAACAGGTTTTAC...	0.6589
assembly_prodigal_300.fasta	77325	ATGATGAGGCAATCAGCCTT...	0.7822
assembly_prodigal_300.fasta	77365	ATGCTGAACATCACAGGAAG...	0.6933
assembly_prodigal_300.fasta	77396	ATGTGTGTCTACTTGCCTGG...	0.6524
assembly_prodigal_300.fasta	77408	ATGCCAGGTCCACAAGCCTC...	0.6993
assembly_prodigal_300.fasta	77446	AAAAAAGGCAGCCAGCCTCA...	0.7147
assembly_prodigal_300.fasta	77453	ATGGCCGACGTGCTTCTGGC...	0.9399
assembly_prodigal_300.fasta	77486	CCTCTTGAGCCCTGTATGGA...	0.7474
assembly_prodigal_300.fasta	77502	ATCCAGAACACAGCAGTGCG...	0.7050
assembly_prodigal_300.fasta	77527	TGTGTGTGTGTGTTGTCTCT...	0.6638
assembly_prodigal_300.fasta	77550	ATGTTTCAGCGGATGGCTTC...	0.8040
assembly_prodigal_300.fasta	77551	GTGTTTCTGTCTCTTTACAT...	0.9331
assembly_prodigal_300.fasta	77563	GTGGTCCTGTTGGTGTCCTA...	0.6817
assembly_prodigal_300.fasta	77580	ATGGCGCACATCATCCCTAG...	0.6714
assembly_prodigal_300.fasta	77584	GGTGTCTCTGTCTGTCCCGG...	0.9702
assembly_prodigal_300.fasta	77622	ATGTGTGGCACTGATGGATA...	0.6570
assembly_prodigal_300.fasta	77657	TCCTCTTCCTCCTCCTCCTC...	0.8069
assembly_prodigal_300.fasta	77685	GTTACTGAAGGTCTCTCTCT...	0.8212
assembly_prodigal_300.fasta	77798	ATGTGCGATGATATTGACTT...	0.9453
assembly_prodigal_300.fasta	77832	ACCGCACCCACCACCGAACC...	0.8083
assembly_prodigal_300.fasta	77840	GAGATTAACAAAGACTTCCT...	0.7920
assembly_prodigal_300.fasta	77847	ATGCTCCCCGTCCTCCACCT...	0.8336
assembly_prodigal_300.fasta	77848	ATGCTCTCCCTCTCGCACTG...	0.7353
assembly_prodigal_300.fasta	77876	GTGAAACAAACGCTGGTGAC...	0.7450
assembly_prodigal_300.fasta	77885	GATCTTCTACTGGTCCTTTA...	0.8225
assembly_prodigal_300.fasta	77889	ATGTGCCAAAACAATCCCAT...	0.7233
assembly_prodigal_300.fasta	77894	ATGTTCAAATTTTGTAATTT...	0.6687
assembly_prodigal_300.fasta	77927	ATGACCCAAACCCCTGGAAT...	0.7001
assembly_prodigal_300.fasta	78106	ATGCCGGTGGCTCGGGCCCG...	0.7382
assembly_prodigal_300.fasta	78113	ATGCCCTTTCACATATTTCA...	0.6812
assembly_prodigal_300.fasta	78144	ATGGGTCCAACACCACCCCA...	0.7385
assembly_prodigal_300.fasta	78162	ATGTCTATGAGGCCAACCTC...	0.7379
assembly_prodigal_300.fasta	78199	GTGGCGCCCCCCCTGCGTCC...	0.6665
assembly_prodigal_300.fasta	78208	CGTCATGGTTTTTATATTCC...	0.7218
assembly_prodigal_300.fasta	78335	ATGCGCTCCGGCTGCCACTG...	0.8682
assembly_prodigal_300.fasta	78341	ATGATGCAACATCAGCTGCT...	0.6729
assembly_prodigal_300.fasta	78379	GTGTGTTTCTCGTTTTTGCT...	0.7076
assembly_prodigal_300.fasta	78408	GTGCCTCTGCCTCCTTTTTC...	0.7838
assembly_prodigal_300.fasta	78483	GATGTGGATGCTGGACGTAC...	0.6570
assembly_prodigal_300.fasta	78512	ATGCTGGATCAACTGGCTAA...	0.6860
assembly_prodigal_300.fasta	78525	ATGGTCCCCTTGAGACCTTT...	0.7655
assembly_prodigal_300.fasta	78535	ATGCACTTGAGCAGGGGTCA...	0.6786
assembly_prodigal_300.fasta	78538	ATGTCTGAAAGTTTTACCAC...	0.8989
assembly_prodigal_300.fasta	78597	TTGGCCTTCCTCCTCCTCCT...	0.6634
assembly_prodigal_300.fasta	78598	TTGACACCCTCTCTCTCTCT...	0.8794
assembly_prodigal_300.fasta	78666	ATGAAAAAGTCTGCAGATTC...	0.6913
assembly_prodigal_300.fasta	78681	ATGAATTCCCTCGTCCAGTT...	0.9361
assembly_prodigal_300.fasta	79052	ATGCAGAGGGATGCAGAGGG...	0.6982
assembly_prodigal_300.fasta	79073	ATGCCAGGTAAACCAGCATT...	0.6997
assembly_prodigal_300.fasta	79104	ATGAATCACTTTTTTTCTGT...	0.6677
assembly_prodigal_300.fasta	79128	ATGCCATTTCCCCTCTCTCA...	0.8406
assembly_prodigal_300.fasta	79174	ATGGCGTTATGTAAACGCCT...	0.7113
assembly_prodigal_300.fasta	79209	TTGAGTCTGATAGCACATAT...	0.8189
assembly_prodigal_300.fasta	79260	ATGATACGCTCAAAGTTTCC...	0.6516
assembly_prodigal_300.fasta	79309	ATGAACGTTTCCCAGGTGGC...	0.7488
assembly_prodigal_300.fasta	79332	ATGAAAGCTCCTAATATCCT...	0.7941
assembly_prodigal_300.fasta	79347	ATGTGCGAAGCTGCAGAAGT...	0.7037
assembly_prodigal_300.fasta	79489	ATGAAAGGCTGGCATTGTGG...	0.8262
assembly_prodigal_300.fasta	79532	GGTTCTACTGGTGTTACTGG...	0.7722
assembly_prodigal_300.fasta	79591	CAAACAATAGCAACTTCCAC...	0.6760
assembly_prodigal_300.fasta	79597	CCACACCTCAAGCCTGACCC...	0.9498
assembly_prodigal_300.fasta	79598	ATGCCACAGCTCAAGCCTGA...	0.9133
assembly_prodigal_300.fasta	79624	ATGCCTACATTGATTTCAAA...	0.6789
assembly_prodigal_300.fasta	79688	ATGTTTGTCTCTCTCCCAGC...	0.6947
assembly_prodigal_300.fasta	79706	CCTATTTGTACGCCTTGTTT...	0.6952
assembly_prodigal_300.fasta	79915	CTGCAATTTTTACTCCACCT...	0.7537
assembly_prodigal_300.fasta	80049	ATCTTTCAACTTTGGTGTAG...	0.7483
assembly_prodigal_300.fasta	80192	ATGAATGACAGCGTTGCAGA...	0.8258
assembly_prodigal_300.fasta	80270	TTGTTATGTGAACAAGGTTC...	0.8714
assembly_prodigal_300.fasta	80340	ATGCTCAATTTCCAAGGCCA...	0.6919
assembly_prodigal_300.fasta	80343	ATGTGCTCACTAGTTGTGGT...	0.7048
assembly_prodigal_300.fasta	80348	ATGATATCCTTAACGTATAT...	0.8926
assembly_prodigal_300.fasta	80409	TTTGTCACCCATCTGTATGT...	0.7647
assembly_prodigal_300.fasta	80418	ATGCTCCTTCTCTCATTACC...	0.9719
assembly_prodigal_300.fasta	80503	ATGACACAATATTTCCGCAC...	0.7155
assembly_prodigal_300.fasta	80530	ATGTTTGTCTTTTCTCCTCC...	0.6810
assembly_prodigal_300.fasta	80544	ATGCGTTGGTCGTTATTCAT...	0.6973
assembly_prodigal_300.fasta	80588	ATGACAGCAGCTGCGACTGA...	0.7507
assembly_prodigal_300.fasta	80648	ATGTCATTACTTCTTTCTGT...	0.6733
assembly_prodigal_300.fasta	80676	GTGGCCTACCCCAACGACTC...	0.6972
assembly_prodigal_300.fasta	80705	ATGCCTGAGCTGCTTCCTTG...	0.6827
assembly_prodigal_300.fasta	80746	ATGCTTGAGTTTTTACTTCC...	0.6969
assembly_prodigal_300.fasta	80867	ATGACTGTTGACCTCACAGT...	0.6667
assembly_prodigal_300.fasta	80874	ATGGGAGGCCTGTGTGAGGA...	0.7017
assembly_prodigal_300.fasta	80899	ATGAAACGCTGTCAGATGCC...	0.7798
assembly_prodigal_300.fasta	80900	ATGATTGTGACTGTACGAGT...	0.6822
assembly_prodigal_300.fasta	81011	ATGTGTCTTCTCTTACGTCC...	0.7090
assembly_prodigal_300.fasta	81052	ATGCACCTCTCTACAGCCTC...	0.6923
assembly_prodigal_300.fasta	81102	TCCACTCAGCTCCAGCTTGT...	0.9352
assembly_prodigal_300.fasta	81141	ATGGCCGCTGCTTTGCCGCC...	0.6625
assembly_prodigal_300.fasta	81156	ATGATATTATATATTGTTAT...	0.7313
assembly_prodigal_300.fasta	81180	ATCATTCCAAATTTAGCTCC...	0.6861
assembly_prodigal_300.fasta	81224	ATGTCTCTGCACCAGCTGAG...	0.6818
assembly_prodigal_300.fasta	81335	ATGTTTGCTCATGACTCCTT...	0.6676
assembly_prodigal_300.fasta	81345	GCTTCTCTCTTGTATCTCTT...	0.6765
assembly_prodigal_300.fasta	81346	ATGTCCCCGAAAGCCGCCTC...	0.9674
assembly_prodigal_300.fasta	81389	ATGTGCGCTCGGACTGGGGG...	0.6677
assembly_prodigal_300.fasta	81435	TTTATCCCTCATTTCACCTG...	0.6597
assembly_prodigal_300.fasta	81450	ATGAATGCTGGTGATGTTTC...	0.6882
assembly_prodigal_300.fasta	81509	CACACACACACGCACACACA...	0.6909
assembly_prodigal_300.fasta	81511	TGCCAGAATTTGACGGTTCA...	0.7159
assembly_prodigal_300.fasta	81597	CCAACTAAGGTTACTAGTAA...	0.6805
assembly_prodigal_300.fasta	81601	GGTTTGTTTACTGCTGCTGA...	0.7145
assembly_prodigal_300.fasta	81634	ATGACCCCCATAGCTCACAA...	0.6957
assembly_prodigal_300.fasta	81743	CCTCTGAACTCTGTGTCTTT...	0.6801
assembly_prodigal_300.fasta	81768	GTGTTTGATCTTACTGTAGA...	0.6935
assembly_prodigal_300.fasta	81818	ATGTTAGTCTCTCTCTTCTT...	0.8190
assembly_prodigal_300.fasta	81830	TACCGCCAGACTGACAACTT...	0.7413
assembly_prodigal_300.fasta	81859	TTTAACCCACTACTAGTGCC...	0.7313
assembly_prodigal_300.fasta	81970	GTGTGTGTGTGTGTGTTTGT...	0.7945
assembly_prodigal_300.fasta	81990	ATGATCTCCATCCTGATCCT...	0.7077
assembly_prodigal_300.fasta	82022	ATGGGTTTGACTCTAGCCCA...	0.6744
assembly_prodigal_300.fasta	82028	GTGTGTCGTGATGTTTTCAA...	0.7433
assembly_prodigal_300.fasta	82052	TCATCTTTTCCTTTTTCTCT...	0.8786
assembly_prodigal_300.fasta	82065	ATGACTGCTATTATTATTAT...	0.6764
assembly_prodigal_300.fasta	82075	ATGCCGTTAACTACCATTTT...	0.6870
assembly_prodigal_300.fasta	82092	ATGAATATGGAGGAGGATGG...	0.6547
assembly_prodigal_300.fasta	82154	ATGAATAGTAGCCTTGGTAA...	0.7867
assembly_prodigal_300.fasta	82182	TCTCTCTCTCTCTCTCTCTC...	0.6694
assembly_prodigal_300.fasta	82293	TTGGCTTGTTTTGGTCTACA...	0.6570
assembly_prodigal_300.fasta	82415	GTGGAGGACGTCTCTCTTTG...	0.6681
assembly_prodigal_300.fasta	82417	ATGTGGGACAAGGAATGGTG...	0.6648
assembly_prodigal_300.fasta	82423	ATGAGGGGAAGTAGAAGAAT...	0.8652
assembly_prodigal_300.fasta	82449	ATGCAGAAATCTCTATACTT...	0.7508
assembly_prodigal_300.fasta	82459	ATGAAGAAGCAGCTGGAGCG...	0.8889
assembly_prodigal_300.fasta	82492	GTCTTATCTCTCTCTCTCTC...	0.8512
assembly_prodigal_300.fasta	82506	ATGCAGATTTCCTCACCTGA...	0.6887
assembly_prodigal_300.fasta	82540	ATGATCACTGACCTCCACGG...	0.6889
assembly_prodigal_300.fasta	82611	ATGTTACATCTGCCATCTGT...	0.7499
assembly_prodigal_300.fasta	82695	ATGTTCAGACTGCTCCTAAT...	0.9070
assembly_prodigal_300.fasta	82737	TTGCAGAGAGACTTGTCCTA...	0.6694
assembly_prodigal_300.fasta	82765	GCACTCCCAGCCTGCCTGGC...	0.8782
assembly_prodigal_300.fasta	82806	CCCTTTCTCTATCTAATCCT...	0.8572
assembly_prodigal_300.fasta	82897	CACTCAGCCTACCTAGCAGC...	0.8448
assembly_prodigal_300.fasta	82920	CTAGATATTGTATTCTGGTT...	0.6562
assembly_prodigal_300.fasta	82996	ATGTCTTTTTTTGTACTGCC...	0.6810
assembly_prodigal_300.fasta	83000	TTCTCTCTCTCTCTCTCTCG...	0.9469
assembly_prodigal_300.fasta	83019	ATGTATGTTTGTGTTTCACT...	0.7264
assembly_prodigal_300.fasta	83055	ATGGAAGCTGCTCAAAACCT...	0.6612
assembly_prodigal_300.fasta	83146	ATGAAAGAGCCAGGGGCCAC...	0.8886
assembly_prodigal_300.fasta	83175	GTGCTCGGCGCCGTGGTTAC...	0.6807
assembly_prodigal_300.fasta	83376	ATGAAGTGTTACGTCTACTT...	0.6915
assembly_prodigal_300.fasta	83377	TTTCCTCCTCACCCCAATGT...	0.6702
assembly_prodigal_300.fasta	83459	ATGAATATGTATCACTTGTG...	0.6866
assembly_prodigal_300.fasta	83465	ATGTCAGAACTGCAGTTTTT...	0.6503
assembly_prodigal_300.fasta	83492	ATGACCGAAGCTCATTTACC...	0.9324
assembly_prodigal_300.fasta	83503	ATGCGTTCACTGTCGTCTCT...	0.8167
assembly_prodigal_300.fasta	83556	GTGCGCTGTGTAGATGGACA...	0.6502
assembly_prodigal_300.fasta	83661	ATGGTGCTTTGGCTAGTTCT...	0.6572
assembly_prodigal_300.fasta	83703	ATGCCCCCTGCAGGCTACCT...	0.6648
assembly_prodigal_300.fasta	83744	ATGCTGACCAGATCTACCTG...	0.7279
assembly_prodigal_300.fasta	83758	ATGCTCTGGCTGAACGTGTA...	0.6518
assembly_prodigal_300.fasta	83783	GTGCTGCTGCCAGTATTACT...	0.6659
assembly_prodigal_300.fasta	83796	ATGTATGAAACTCACAGTGT...	0.8221
assembly_prodigal_300.fasta	83824	GTTGCTGAGGTCTGGCACAC...	0.6561
assembly_prodigal_300.fasta	83829	ATGGTTTGGGAGGATTTTCT...	0.7276
assembly_prodigal_300.fasta	83860	GTGTATGTCTGCAGGGGCAC...	0.7439
assembly_prodigal_300.fasta	83897	TTCACTAAAGACCTTCTGTT...	0.7641
assembly_prodigal_300.fasta	83948	GTGTCTCTGTCTCTCTCTCT...	0.6852
assembly_prodigal_300.fasta	83961	ATGTTTCTCTGTTCCTCTCA...	0.6654
assembly_prodigal_300.fasta	83972	CTCGTCTCTGTGTTGTACAG...	0.7732
assembly_prodigal_300.fasta	84073	ATGTGTGAATCCCATTCTCT...	0.6668
assembly_prodigal_300.fasta	84137	ATGTCTCCGTTCGCGTCTCC...	0.6538
assembly_prodigal_300.fasta	84168	TGTGTGTGTGTGTTAATGTG...	0.7269
assembly_prodigal_300.fasta	84178	ATGAATGAGGAAAAGCCTCC...	0.8433
assembly_prodigal_300.fasta	84193	ATGGCGGGTACTGCTATTGA...	0.7247
assembly_prodigal_300.fasta	84253	ATGCCAAACGGACTAATTAT...	0.6610
assembly_prodigal_300.fasta	84273	ATGGCAGTGAGCGGCCTTCC...	0.7714
assembly_prodigal_300.fasta	84277	ATGTTACCAGCTCACCTCCT...	0.7826
assembly_prodigal_300.fasta	84291	GTGAAGCCTCCTCATCCTCG...	0.7811
assembly_prodigal_300.fasta	84335	ATGTGTGAGGGGTTAAATGC...	0.6539
assembly_prodigal_300.fasta	84365	ATGGATTCAGACTGGCTAAA...	0.7053
assembly_prodigal_300.fasta	84371	ATGATCCACATGTTCCACTG...	0.6645
assembly_prodigal_300.fasta	84394	ATGGACACGCCCCTCACAAC...	0.8310
assembly_prodigal_300.fasta	84401	GTCCAGTCTGTGACGGCGCC...	0.9090
assembly_prodigal_300.fasta	84443	GTGTCATCGTTCTTCTTCGT...	0.7516
assembly_prodigal_300.fasta	84468	ATGGTGAGATATGGTTCAGG...	0.7728
assembly_prodigal_300.fasta	84493	GTGCTCCGCTACGCACACAC...	0.7289
assembly_prodigal_300.fasta	84576	GCCATAAACGGCTACTTCCT...	0.7891
assembly_prodigal_300.fasta	84588	CCCCTCTCTCTCCCTCTCTC...	0.9207
assembly_prodigal_300.fasta	84639	ATGCTCTCAGCTTTTCTGTG...	0.6740
assembly_prodigal_300.fasta	84648	ATGAATACGCACAGTAGACC...	0.7334
assembly_prodigal_300.fasta	84655	ATGCTCCTGCATCTTAGAAA...	0.6527
assembly_prodigal_300.fasta	84690	ATGCGGGCTGTGGAGCAGCT...	0.8921
assembly_prodigal_300.fasta	84770	ACGTTTGCTCAGGCCATTCC...	0.7035
assembly_prodigal_300.fasta	84803	ACGTCAGATGCCCTCTTGAC...	0.6953
assembly_prodigal_300.fasta	84816	ATGACAAGTACTTCACGAGG...	0.8138
assembly_prodigal_300.fasta	84838	GTGGTAAACTTACCTTTCTT...	0.8374
assembly_prodigal_300.fasta	84944	ATGTGTGTATGTGCCTGCGT...	0.6731
assembly_prodigal_300.fasta	84960	CTTTTGAACTCATTTCATCC...	0.7716
assembly_prodigal_300.fasta	85124	CATACACCGCACAGTACACT...	0.6781
assembly_prodigal_300.fasta	85132	GATACAATTGATTTAACTGC...	0.6527
assembly_prodigal_300.fasta	85202	ATGTCAGAGAGCGTGTGTTA...	0.6561
assembly_prodigal_300.fasta	85225	CACCAAAAAACCTCACCACC...	0.8000
assembly_prodigal_300.fasta	85240	CCTCCTGCAGCCAAAAGTCT...	0.9119
assembly_prodigal_300.fasta	85246	CTGTACATTTACTGCCAGAC...	0.8773
assembly_prodigal_300.fasta	85256	ATGTTGCAAACGGAGCCACT...	0.6644
assembly_prodigal_300.fasta	85274	AGTTTTTTTTATTATACCCC...	0.7371
assembly_prodigal_300.fasta	85281	ATGTTTACAGTTTACAGTGT...	0.6940
assembly_prodigal_300.fasta	85332	GTGACGGCGGCTCTTGCTAA...	0.8122
assembly_prodigal_300.fasta	85342	GTGTGGTGCGTGGGAACCCG...	0.7091
assembly_prodigal_300.fasta	85343	TCTCCATCTCTATGTATTCT...	0.8063
assembly_prodigal_300.fasta	85378	GTGATCATCCTCTCAGCACT...	0.9853
assembly_prodigal_300.fasta	85385	TCTAGCAGCCACTTGGACTT...	0.7125
assembly_prodigal_300.fasta	85421	ATGACATTTTCAGTAAACGT...	0.6534
assembly_prodigal_300.fasta	85432	ATGAAGTTACTCTGGATGAC...	0.6561
assembly_prodigal_300.fasta	85439	TTGTCAAAAACAACCACAAA...	0.6533
assembly_prodigal_300.fasta	85487	ATGAGTCAAAGCGCCCCCTT...	0.6844
assembly_prodigal_300.fasta	85628	ATGGGTTCAGGTTACCTCCT...	0.8394
assembly_prodigal_300.fasta	85637	ATGTGTGAGCTGGGTGTGGA...	0.7701
assembly_prodigal_300.fasta	85759	GTGTTTGTGTGTGGGTGGAT...	0.6817
assembly_prodigal_300.fasta	85763	CCTCTTTGTTTCCATCTCCT...	0.7873
assembly_prodigal_300.fasta	85768	AACTCCCTCCTGTTGAGACC...	0.7080
assembly_prodigal_300.fasta	85882	ATGGCCTCTTGTGTCCTCTG...	0.6927
assembly_prodigal_300.fasta	85975	ATGCACAACAGATACAGCAC...	0.6649
assembly_prodigal_300.fasta	85985	ATGTATGAACATCTTGTCTA...	0.7246
assembly_prodigal_300.fasta	86001	CACACACACGCTGACACTCT...	0.6970
assembly_prodigal_300.fasta	86053	GTGCTGCAGGGTGGTGGCAT...	0.6945
assembly_prodigal_300.fasta	86068	ATGCAGGAATTGTTGTGTCT...	0.9088
assembly_prodigal_300.fasta	86097	ATGAAAAATCACTCCTTTCT...	0.6864
assembly_prodigal_300.fasta	86158	GTGGCTATGGTGGTTGCTGC...	0.6679
assembly_prodigal_300.fasta	86185	ATGCATTACCTGGTTAGCAG...	0.7971
assembly_prodigal_300.fasta	86188	ATGAACTCGTCCCGTTTTCT...	0.9314
assembly_prodigal_300.fasta	86218	ATGGATCTCTACAACGACCA...	0.8318
assembly_prodigal_300.fasta	86249	ACCCCCCCCCCCCCCCCCAA...	0.8842
assembly_prodigal_300.fasta	86328	ATGGGGGAATGTGATACCTT...	0.7496
assembly_prodigal_300.fasta	86379	ATGGCCAACAGCTCGTATCG...	0.8039
assembly_prodigal_300.fasta	86386	ATGTCACAGAGGGAATTCAC...	0.7835
assembly_prodigal_300.fasta	86393	CTCTGTCTCTCTCTCTCTCT...	0.8811
assembly_prodigal_300.fasta	86407	ATGGAAAAGTATCTTAATGT...	0.7426
assembly_prodigal_300.fasta	86500	AAAGACCTTGATCTTGACTG...	0.6530
assembly_prodigal_300.fasta	86622	ATGAGAACTCTATTGGTCAG...	0.6940
assembly_prodigal_300.fasta	86717	GTGAAGTTAAAACACACGGA...	0.6800
assembly_prodigal_300.fasta	86744	GTGACTATTGATGATTATGT...	0.7046
assembly_prodigal_300.fasta	86746	ATGTTCCTGCCGTTCATACC...	0.7089
assembly_prodigal_300.fasta	86752	ATGATATCCACGCCTCGTGA...	0.7892
assembly_prodigal_300.fasta	86793	ATGCATGTTCATGTTTTCTT...	0.6828
assembly_prodigal_300.fasta	86841	ATGATCCTGGTCTTGGCACT...	0.6779
assembly_prodigal_300.fasta	86846	CATGTTGACCTTATGACCTT...	0.6571
assembly_prodigal_300.fasta	86882	GTGGGGGTGAGGGGTGGGGT...	0.6881
assembly_prodigal_300.fasta	86884	ATGGATGACGTTCACCAGTC...	0.6760
assembly_prodigal_300.fasta	86913	ATGCGTTTCGTCTGGCTCCG...	0.9628
assembly_prodigal_300.fasta	86938	ATGAAACATGATCTCGTAAT...	0.6857
assembly_prodigal_300.fasta	87056	GGCCTCCGTCTTGTCGCTCT...	0.7009
assembly_prodigal_300.fasta	87093	ATGATTCTCATGCCTCTGTC...	0.6912
assembly_prodigal_300.fasta	87118	CTAACCGTTTCCTCTGCTCC...	0.9553
assembly_prodigal_300.fasta	87237	ATGATACCTAGAGTGCTTCC...	0.6820
assembly_prodigal_300.fasta	87246	ATGATAGAGCCATTTACACA...	0.6860
assembly_prodigal_300.fasta	87263	ATGAAAGATCTCTGTTTTGT...	0.7250
assembly_prodigal_300.fasta	87270	AGTATATTTCCCCTTGTTCT...	0.9377
assembly_prodigal_300.fasta	87362	ATGCTCTGTGTTTTTCCTCC...	0.9576
assembly_prodigal_300.fasta	87385	ATGCTCCTCCAGTCTGTGAT...	0.9058
assembly_prodigal_300.fasta	87455	ATGTTCGTCCGTGCCCTAGC...	0.8078
assembly_prodigal_300.fasta	87462	ATGTCCTTGCTCTCCGTTTT...	0.7760
assembly_prodigal_300.fasta	87474	ATGTTACTGAGGATGCCAAC...	0.6895
assembly_prodigal_300.fasta	87598	ATGTCAAACCACAGAGGCCT...	0.6576
assembly_prodigal_300.fasta	87652	ATGCCAAACTGGCAAGAATA...	0.7723
assembly_prodigal_300.fasta	87810	ATGGTTCTTGGAAAGGCGAT...	0.9610
assembly_prodigal_300.fasta	87828	ATGCTGTTTAAACAAACTCT...	0.7316
assembly_prodigal_300.fasta	87887	ACGATTTGTCAAATGTGACA...	0.7077
assembly_prodigal_300.fasta	87896	ATGCATGTTTACTGGTCTCC...	0.6538
assembly_prodigal_300.fasta	87959	ATGAAAATACATAAACATTT...	0.7232
assembly_prodigal_300.fasta	88008	ATGAACGGCACAACCGAGCA...	0.6884
assembly_prodigal_300.fasta	88032	ATGAACCACAGGTATGAGAA...	0.7568
assembly_prodigal_300.fasta	88053	TCCGTGACTGCGGCGGCACC...	0.6924
assembly_prodigal_300.fasta	88109	GTTGTCACTGTGGATGTCAC...	0.7449
assembly_prodigal_300.fasta	88132	CGCCGCCTCCAGGAGAATCT...	0.6958
assembly_prodigal_300.fasta	88162	ATGGATCTTCTTGTGAAGCA...	0.9384
assembly_prodigal_300.fasta	88256	GTGAGTGTTCCTGTTATTTC...	0.7617
assembly_prodigal_300.fasta	88271	TCACTCTCTCTCTATGTCTC...	0.9315
assembly_prodigal_300.fasta	88312	ATGGTCACGCAGATAGTTGT...	0.6811
assembly_prodigal_300.fasta	88385	ATGGCAAATCATCCTTATCA...	0.6558
assembly_prodigal_300.fasta	88544	ATGACCGTGATTCGTCTCCT...	0.7778
assembly_prodigal_300.fasta	88571	ATGACTGTCACCTTTTCTAT...	0.8239
assembly_prodigal_300.fasta	88596	ATGTTCTTCCTCACCCCTCT...	0.7391
assembly_prodigal_300.fasta	88709	ATGGATAGAGAAGAAAGTGT...	0.7393
assembly_prodigal_300.fasta	88745	ATGGAAGATGTACATCTTGT...	0.7020
assembly_prodigal_300.fasta	88769	ATGGGCGTCCCCCCCGAGGC...	0.9406
assembly_prodigal_300.fasta	88829	TGCAAAGTGCTTTTGTTATT...	0.7603
assembly_prodigal_300.fasta	88890	ATGATTCAGGGTGAAAATTG...	0.8658
assembly_prodigal_300.fasta	88897	ATGGGCCTCGTCACTTCCCT...	0.6506
assembly_prodigal_300.fasta	88912	CGTTTTTTCCCTCCTATTAT...	0.9126
assembly_prodigal_300.fasta	88975	TCGTCCCCCCCACCTGGATC...	0.6764
assembly_prodigal_300.fasta	88994	CTCATATCAGAGTCTACCCT...	0.6634
assembly_prodigal_300.fasta	89012	CGACAAGGTTTGTGCCTACT...	0.6694
assembly_prodigal_300.fasta	89018	GTGGTTCTCATCATCCTGCT...	0.7315
assembly_prodigal_300.fasta	89088	AAATCCCTCCCCACCCCCCC...	0.8380
assembly_prodigal_300.fasta	89119	ATGCACTCCAAACACATACA...	0.6939
assembly_prodigal_300.fasta	89215	ATGGGTGACGCTGACAGTCC...	0.6933
assembly_prodigal_300.fasta	89227	ATGAAGCTCTGCTCTGCTCT...	0.9389
assembly_prodigal_300.fasta	89260	ATTTCTCAATTACATTTGAC...	0.7617
assembly_prodigal_300.fasta	89273	ATGCTTCCTACTATAAAACG...	0.6653
assembly_prodigal_300.fasta	89288	ATGAAAGAGTTTAAGGAGCC...	0.8149
assembly_prodigal_300.fasta	89304	CTCCTCACGCTCTTGTCTCT...	0.9242
assembly_prodigal_300.fasta	89327	ATGAGGACAGCGGTTAAATA...	0.6627
assembly_prodigal_300.fasta	89465	ATGCCCATTTGGTTGGATCA...	0.7668
assembly_prodigal_300.fasta	89556	GTGGTTTTGGAGGCGGGTCT...	0.8148
assembly_prodigal_300.fasta	89686	GAGCCACGACCACGTGACAT...	0.6754
assembly_prodigal_300.fasta	89694	ATGACATGGCAGCCAACGGG...	0.6549
assembly_prodigal_300.fasta	89763	ATGTTTACAGTGGACGGTCT...	0.6531
assembly_prodigal_300.fasta	89819	CTGGCTCGTCCGACTACCCT...	0.7606
assembly_prodigal_300.fasta	89865	ATGATCATAAATGAAATCAA...	0.6602
assembly_prodigal_300.fasta	89926	TGCAGCCTGGCCTCCATCAG...	0.9323
assembly_prodigal_300.fasta	90029	ATGTATGAGGCGCCTTTAAT...	0.6748
assembly_prodigal_300.fasta	90030	ATGGATCATCTCTTATCTGC...	0.8793
assembly_prodigal_300.fasta	90036	ATGGACTCTGACTTAGTCAT...	0.8385
assembly_prodigal_300.fasta	90072	AACACACACACACACACACA...	0.6584
assembly_prodigal_300.fasta	90082	ATGTTCGGAGACTTCTTCGT...	0.7520
assembly_prodigal_300.fasta	90105	GAAAATACCCCCCCCCCCTC...	0.9203
assembly_prodigal_300.fasta	90121	ATGGCCACTGAAACCATAGC...	0.8261
assembly_prodigal_300.fasta	90147	ATGAAAGTTTGCTTGAGCGT...	0.7615
assembly_prodigal_300.fasta	90157	CCCAACATTACCTTTCTGTT...	0.6672
assembly_prodigal_300.fasta	90180	AATGATGCAGACTCATATGT...	0.8001
assembly_prodigal_300.fasta	90216	ATGCAGGACCTGAAGTGTCC...	0.6579
assembly_prodigal_300.fasta	90238	ATGGGAAAAGGCAGGCAGGC...	0.8974
assembly_prodigal_300.fasta	90269	ATGGCTGCCTGCTCCTTCCT...	0.7504
assembly_prodigal_300.fasta	90338	ATGGGTGCAGTGCCTGCCAC...	0.7277
assembly_prodigal_300.fasta	90344	TTGAAGAGAGAATCGTTCGT...	0.9449
assembly_prodigal_300.fasta	90476	ATGATGCAGCCATCGTGCAC...	0.6543
assembly_prodigal_300.fasta	90479	TTCCCTCTGCTCCCAGTGTT...	0.8417
assembly_prodigal_300.fasta	90595	ATGTTTAGCTCCTTCTTCAC...	0.6920
assembly_prodigal_300.fasta	90658	ATGGAGGACATTATACAACA...	0.7205
assembly_prodigal_300.fasta	90665	CTTTTCCTTCTATTTCTCCG...	0.6747
assembly_prodigal_300.fasta	90744	ATGTGTGCTTCCTTCCTCCC...	0.6582
assembly_prodigal_300.fasta	90788	ATGATGGTTGCATGCATGTA...	0.8005
assembly_prodigal_300.fasta	90807	ATGTTACATTTAGTTCAATA...	0.7926
assembly_prodigal_300.fasta	90868	CATAACCCCTCCACTGTTTC...	0.7702
assembly_prodigal_300.fasta	90880	ATGGCCCCACCCACCCTCTC...	0.8318
assembly_prodigal_300.fasta	90903	ATGTTAATTGTGCCTCCTCT...	0.8145
assembly_prodigal_300.fasta	90907	ATGCTCTGCCAAGCAGCGCA...	0.7107
assembly_prodigal_300.fasta	90923	ATGTGTAAATATTTGCTTAC...	0.7360
assembly_prodigal_300.fasta	90951	ATGCTTCAATTGAATGAAAA...	0.9511
assembly_prodigal_300.fasta	90963	ATGCTGACGCGTCCTCTCGT...	0.7031
assembly_prodigal_300.fasta	91026	ATGTGTGATATAACACTCTC...	0.7625
assembly_prodigal_300.fasta	91051	ATGCATATGTGTGTGTGTGT...	0.7544
assembly_prodigal_300.fasta	91054	ATGCTCTCATGTGCTCCAGC...	0.7169
assembly_prodigal_300.fasta	91157	ATGATCGTTACTTCCCACTC...	0.6606
assembly_prodigal_300.fasta	91238	TATTTTGTCACATTGTCACA...	0.6640
assembly_prodigal_300.fasta	91262	ATGACAACACGCAGACTAGA...	0.7178
assembly_prodigal_300.fasta	91296	ATGTGCGCACTAATCATGTC...	0.6859
assembly_prodigal_300.fasta	91327	ATTTACTATGTTTTGAACTT...	0.7380
assembly_prodigal_300.fasta	91442	ATGTGTCGGACGGACTTGTT...	0.7634
assembly_prodigal_300.fasta	91471	ATGAGATGGCACTGGGCTTT...	0.9160
assembly_prodigal_300.fasta	91485	TCTGCTCTGTCTGTGTCTGT...	0.9578
assembly_prodigal_300.fasta	91490	GTCAGTCTCAGACACTCTCA...	0.7546
assembly_prodigal_300.fasta	91530	ATGCTGCTATTGCTACTACT...	0.6576
assembly_prodigal_300.fasta	91551	ATGAATCAAACCATAACTGG...	0.8459
assembly_prodigal_300.fasta	91659	TCAAAGGCAGAGCACATCCA...	0.6705
assembly_prodigal_300.fasta	91762	ATGGTGGCAGGTGGCGACAT...	0.8352
assembly_prodigal_300.fasta	91798	TTTGTATCCTATATTGCAAT...	0.6873
assembly_prodigal_300.fasta	91823	ATGGAGACGTTCATTTACTC...	0.6673
assembly_prodigal_300.fasta	91914	ATGGACGCAACTGCACACGC...	0.7787
assembly_prodigal_300.fasta	91961	ATGGTTCAAACAGACACTCG...	0.6623
assembly_prodigal_300.fasta	91992	ATGGGTATATGGGTTTTTAA...	0.7000
assembly_prodigal_300.fasta	92031	TACGTCTCTAATGATCGCCG...	0.6903
assembly_prodigal_300.fasta	92047	ATGTTTGTGCTTTGGATTCC...	0.8613
assembly_prodigal_300.fasta	92116	ATGGATCGATGTATGGCTCC...	0.7107
assembly_prodigal_300.fasta	92288	ATGGCAAAACATCTGTCACA...	0.7586
assembly_prodigal_300.fasta	92313	GCTACCAGCACTCCCTCTCT...	0.8451
assembly_prodigal_300.fasta	92329	ATGAGAAGGGGTTTGCCAAA...	0.6724
assembly_prodigal_300.fasta	92333	ATGATTGTAGACTCTACAAT...	0.6900
assembly_prodigal_300.fasta	92384	ATTTCACTTCCCCATCCCTT...	0.7062
assembly_prodigal_300.fasta	92431	CACTTTGACGTCCTGCAGCT...	0.9870
assembly_prodigal_300.fasta	92462	TTTGCTCAGGCTCTTCCACC...	0.7696
assembly_prodigal_300.fasta	92523	TTGGCCAATATTTTAGAGAC...	0.6540
assembly_prodigal_300.fasta	92558	ATGTTTCTTGTTCTCTCTTT...	0.6625
assembly_prodigal_300.fasta	92585	ATGCCAGCCAGTTTACCACC...	0.6848
assembly_prodigal_300.fasta	92643	ATGTATTTGTGCACTGGAGC...	0.8381
assembly_prodigal_300.fasta	92653	GCCACATACCTTCTGCTTCA...	0.7833
assembly_prodigal_300.fasta	92709	CAATTCTCCCTGCAGCTTGA...	0.6535
assembly_prodigal_300.fasta	92731	ATGGACCATCCCGATCACCA...	0.8867
assembly_prodigal_300.fasta	92850	ATGAATGATACAGTCTCCTT...	0.6760
assembly_prodigal_300.fasta	92937	ATGCGTCAACTTCAAACAGC...	0.7174
assembly_prodigal_300.fasta	92952	AATTTCCTTGCTGTCAATCC...	0.6693
assembly_prodigal_300.fasta	92981	ATGATGATTTTAATAAGACC...	0.7060
assembly_prodigal_300.fasta	93005	CTGAGCGGCGGTGGCTCCTC...	0.8732
assembly_prodigal_300.fasta	93019	TCTCTCTCTCTCTCTCTCTC...	0.7662
assembly_prodigal_300.fasta	93111	GACCTCCTCCTCTCTGACCT...	0.9999
assembly_prodigal_300.fasta	93113	ATGTTGGCTCTTTATGCAGC...	0.8448
assembly_prodigal_300.fasta	93132	ATGCTAGAAAAAACATTATG...	0.6910
assembly_prodigal_300.fasta	93143	TCTTTGTCTCTTCTGCCTGC...	0.8036
assembly_prodigal_300.fasta	93330	ATGACCAATTTAGAAGGTGT...	0.6581
assembly_prodigal_300.fasta	93360	ATGGTTGATTTAGTTTACCT...	0.6520
assembly_prodigal_300.fasta	93409	ATGCATAGAAACACGCACAC...	0.6622
assembly_prodigal_300.fasta	93505	GTGTTTCTTCAGGAGCGTTA...	0.6998
assembly_prodigal_300.fasta	93506	ATGGCGATGATGATGAAGCT...	0.9247
assembly_prodigal_300.fasta	93515	ATGAAACATTTATCTGACTC...	0.9452
assembly_prodigal_300.fasta	93544	CTCAGCGTCATAAGTCTCGA...	0.7654
assembly_prodigal_300.fasta	93575	ATGCAATCCGTTGTGCATTC...	0.6637
assembly_prodigal_300.fasta	93619	ATGTATGACGTACACATCAT...	0.7328
assembly_prodigal_300.fasta	93764	TTCATATATCGTCTTTCTGG...	0.6848
assembly_prodigal_300.fasta	93806	GTGCAGACCCCCGGTATAGA...	0.7288
assembly_prodigal_300.fasta	93838	ATGGGACCACGTCCACCCAT...	0.8861
assembly_prodigal_300.fasta	93877	ATGCGTCTCTTTCTGTGTGC...	0.7065
assembly_prodigal_300.fasta	93932	ATCGGCCTGTTTTTCCCGGG...	0.8265
assembly_prodigal_300.fasta	94075	ATGGATCTGGACCCAACCGT...	0.7029
assembly_prodigal_300.fasta	94210	CACGAAGGACGCGACGATGA...	0.7211
assembly_prodigal_300.fasta	94217	GTTTGTGTGTATCTAATTTC...	0.8410
assembly_prodigal_300.fasta	94220	GCCGCCGCCGCCGCCGCCGC...	0.9813
assembly_prodigal_300.fasta	94227	ATGTCAGTCTGTCCACAACT...	0.6891
assembly_prodigal_300.fasta	94233	GTGATTCTCCCCCGCAGTCT...	0.6663
assembly_prodigal_300.fasta	94273	ATGGGAACCAAACGGGAACA...	0.8083
assembly_prodigal_300.fasta	94305	ATGCATGCTGCCACCCAGTC...	0.6604
assembly_prodigal_300.fasta	94307	GTGTCCTTGTTTTCCTCACC...	0.9300
assembly_prodigal_300.fasta	94361	ATGCCACAGCGGCTGTCCAT...	0.9683
assembly_prodigal_300.fasta	94368	ATGTTCTCACATCCCGACAG...	0.6755
assembly_prodigal_300.fasta	94374	ATGAAGCTAACCGTAACCGA...	0.8753
assembly_prodigal_300.fasta	94418	CACACACGCACACACGCACA...	0.6946
assembly_prodigal_300.fasta	94445	CTACCTAGCCCCTACGGTAA...	0.8299
assembly_prodigal_300.fasta	94536	ATGACGTCACTCACCTTGAA...	0.6741
assembly_prodigal_300.fasta	94549	GCTATAGCATCGCCTCCTAC...	0.7583
assembly_prodigal_300.fasta	94688	ATGTCGTTTTGGCTTGTGTC...	0.6509
assembly_prodigal_300.fasta	94743	GTGACTCACGTTTTGTTTCC...	0.9095
assembly_prodigal_300.fasta	94750	ATGTCCTTCAGTCTCGCTGT...	0.7626
assembly_prodigal_300.fasta	94756	ATGGCAGTGCTAGCTTCTTT...	0.6851
assembly_prodigal_300.fasta	94803	GTGTATGCAATTCGCAATGC...	0.6705
assembly_prodigal_300.fasta	94810	ATGCTCTCTCCCCCCAGCGG...	0.7823
assembly_prodigal_300.fasta	94901	TTTAATTATTTTTCCCATAA...	0.7296
assembly_prodigal_300.fasta	94911	ATGTTTGAGTTGGCATTGAA...	0.7812
assembly_prodigal_300.fasta	94926	ATGTGTCTTTTGTTTGTGTT...	0.7014
assembly_prodigal_300.fasta	95010	ATGTGTCTCTGTCTGCTTGT...	0.9084
assembly_prodigal_300.fasta	95011	ATGTTAATTGACCTAAAATC...	0.8804
assembly_prodigal_300.fasta	95039	ATGTCGACACACCATTTATC...	0.8418
assembly_prodigal_300.fasta	95048	ATGGTGCTGGTCACTCACCT...	0.6518
assembly_prodigal_300.fasta	95062	ATGACATTTTGCAACAATAA...	0.6911
assembly_prodigal_300.fasta	95081	ATGGCTCCCATCCGTTCTAC...	0.7807
assembly_prodigal_300.fasta	95090	ATGATTATTTCCATTTCCAT...	0.7040
assembly_prodigal_300.fasta	95169	ATGTATTCCCCCACCCTTGC...	0.6913
assembly_prodigal_300.fasta	95170	ATGTTAATGAATGTCTGTCT...	0.7687
assembly_prodigal_300.fasta	95200	ATGACGTCGTCTTCAGTCAC...	0.7324
assembly_prodigal_300.fasta	95217	ATGACTCGGGCTCACATTTC...	0.9355
assembly_prodigal_300.fasta	95303	ATGGATCACTTCAACCTCAC...	0.7099
assembly_prodigal_300.fasta	95310	GTGGTGTTCGTGTCCACGCT...	0.7721
assembly_prodigal_300.fasta	95331	TTGGCTCTTAGTGTCACACA...	0.8199
assembly_prodigal_300.fasta	95354	GCTTATCTGTTTTTTGTTGT...	0.6734
assembly_prodigal_300.fasta	95362	ATGTCAAAAAAATGCTGCCT...	0.7692
assembly_prodigal_300.fasta	95366	ATGCTAACCGTGATGCTAAA...	0.6612
assembly_prodigal_300.fasta	95379	CCGCTCCCTCCGCTAATGTT...	0.7754
assembly_prodigal_300.fasta	95509	ATGCTAGCAGCTTTAGACGA...	0.6958
assembly_prodigal_300.fasta	95520	ATGTGCGCTTTTGGAAATTG...	0.7480
assembly_prodigal_300.fasta	95586	ATGGCAGGTGCCCCGATGTT...	0.8214
assembly_prodigal_300.fasta	95607	ATGAATATTAAAAAGAGCAG...	0.6644
assembly_prodigal_300.fasta	95674	CTCTCTCTCTCTCTCTCTGT...	0.7316
assembly_prodigal_300.fasta	95680	ATGCTCTTATTTCACGCACA...	0.7360
assembly_prodigal_300.fasta	95881	ATGCATTCATTTATTTGTGG...	0.7783
assembly_prodigal_300.fasta	96004	TTGCCTACAGTCGCTGAGGC...	0.8641
assembly_prodigal_300.fasta	96011	GTGAAGTGTCGACTGCTGTT...	0.6804
assembly_prodigal_300.fasta	96058	ATGTCCTCATATTTGAATTT...	0.8225
assembly_prodigal_300.fasta	96064	ACACACACACACACACACAC...	0.6843
assembly_prodigal_300.fasta	96069	ATGAACTTTTCTCCCATTCT...	0.9527
assembly_prodigal_300.fasta	96100	ATGATCAATCTTAATGAGCT...	0.6788
assembly_prodigal_300.fasta	96146	ATGAAACATAAACGGCTTCA...	0.6614
assembly_prodigal_300.fasta	96187	ATGAAACACACAAACACACA...	0.6533
assembly_prodigal_300.fasta	96230	CCCCAAAACGCTGCTCTGTG...	0.7064
assembly_prodigal_300.fasta	96382	GCCATGTTGACCAAAACAAA...	0.7789
assembly_prodigal_300.fasta	96440	CGCGCACACACACACACACA...	0.9248
assembly_prodigal_300.fasta	96466	ATGCCAAAGAACGGTTACCG...	0.8297
assembly_prodigal_300.fasta	96478	GGGGGACACCTGTGTGTTGG...	0.7694
assembly_prodigal_300.fasta	96513	ATGTTTGAACTGAATACGCT...	0.7706
assembly_prodigal_300.fasta	96542	ATGTTGAGGCCTCCTGAACA...	0.7176
assembly_prodigal_300.fasta	96583	CCTCTATCAACATCAGTTCG...	0.7940
assembly_prodigal_300.fasta	96677	ATGGTTGAGGTGCTGGAGGA...	0.7405
assembly_prodigal_300.fasta	96683	CTGAATTTCATTTCTGTTAG...	0.6542
assembly_prodigal_300.fasta	96688	ATGGCCCACATCATCCCTAG...	0.6866
assembly_prodigal_300.fasta	96690	ATGACCCCTAAACCTGTAAA...	0.6822
assembly_prodigal_300.fasta	96741	ATGAAAATGTCACGGACTGT...	0.7303
assembly_prodigal_300.fasta	96746	GTGCATCGTAGTGTGGACCC...	0.7251
assembly_prodigal_300.fasta	96787	GTGGCCTTCGACCCCGGGCA...	0.6738
assembly_prodigal_300.fasta	96842	ATGTGTCCTCAGATTGCCCT...	0.8837
assembly_prodigal_300.fasta	96914	ATGTCTCTCTTTTTCTTTCC...	0.8298
assembly_prodigal_300.fasta	96926	ATGTTGCAAGGTTCTCGTTG...	0.6874
assembly_prodigal_300.fasta	96931	ATGACGTCTGACACATCCCT...	0.6565
assembly_prodigal_300.fasta	96932	GTGCTTTCCCCTCTGGGCCT...	0.9260
assembly_prodigal_300.fasta	96950	ATGGTTTGTCATTTTCTCAA...	0.9193
assembly_prodigal_300.fasta	96978	TCAGTCAAACAGTTGGCTAG...	0.7104
assembly_prodigal_300.fasta	97048	ATGAGAGTGATATTAAAACT...	0.6894
assembly_prodigal_300.fasta	97092	ATGATTCCTGGCATCCTGCA...	0.6865
assembly_prodigal_300.fasta	97097	ATGACATTTGGCATGTTCAT...	0.6655
assembly_prodigal_300.fasta	97134	ATGCTTGATTGACAGAGCTT...	0.6703
assembly_prodigal_300.fasta	97218	ATGAGCGAACAGCGCGGTGT...	0.8121
assembly_prodigal_300.fasta	97221	TTGTCCCATACCCACCATTG...	0.6950
assembly_prodigal_300.fasta	97263	ACACCAGCTGCCTCTGGTGA...	0.8709
assembly_prodigal_300.fasta	97303	ATGAAGGACACACTGGGCAA...	0.7032
assembly_prodigal_300.fasta	97329	TGTTGGCAGAAACCGGAGTC...	0.6678
assembly_prodigal_300.fasta	97393	TCACATCTGTCTGTCCATCT...	0.7463
assembly_prodigal_300.fasta	97415	ATGCCTCCCTCCCTCCCTCT...	0.9850
assembly_prodigal_300.fasta	97443	ATGATATCATCACTTCCTAT...	0.6999
assembly_prodigal_300.fasta	97449	TTGAGGGATGGAGGGAGATT...	0.6805
assembly_prodigal_300.fasta	97467	ATGGGGGGGTGCAAAATCAT...	0.7095
assembly_prodigal_300.fasta	97514	ATGCATCCCCTACCTCCACC...	0.6670
assembly_prodigal_300.fasta	97568	ATGCACAGAATGCAACTGCG...	0.7733
assembly_prodigal_300.fasta	97611	ACACACACACACACACACAC...	0.6509
assembly_prodigal_300.fasta	97631	ATGGTCACTGAGTTCTTCAG...	0.6870
assembly_prodigal_300.fasta	97645	ATGGAAACTCAATGTTCTCG...	0.8671
assembly_prodigal_300.fasta	97665	ATGGCCCATCTCTATCTGTG...	0.8077
assembly_prodigal_300.fasta	97672	ATGTCTCTGTGTTCAGTTGT...	0.7924
assembly_prodigal_300.fasta	97719	ATGACAAAAAAATCATTACT...	0.7125
assembly_prodigal_300.fasta	97738	ATGGTTTATCCTGCTGGTTA...	0.8094
assembly_prodigal_300.fasta	97796	ATGTCATATCTGTTCATATC...	0.7355
assembly_prodigal_300.fasta	97851	CGCCACCGTCACGAGACCAG...	0.6932
assembly_prodigal_300.fasta	97852	GCATTTATTCTCTCTTATCT...	0.6839
assembly_prodigal_300.fasta	97862	ATGGCTCAAATTCCCAACCT...	0.7169
assembly_prodigal_300.fasta	97892	ATGCACATATATAGTCTCGC...	0.7145
assembly_prodigal_300.fasta	97973	ATGGGAGAAGGGAATTGTGT...	0.7867
assembly_prodigal_300.fasta	98017	ATGCTGCTTTACACACACAC...	0.8346
assembly_prodigal_300.fasta	98053	ATGAAGCGTCTGCGTCTGAA...	0.7388
assembly_prodigal_300.fasta	98074	ATGAATGGAATACCATCCAT...	0.7127
assembly_prodigal_300.fasta	98123	GTGCGTCCAGAGCCAATCTT...	0.7104
assembly_prodigal_300.fasta	98164	GCTGCTGCTGCTGCTGCTGC...	0.9275
assembly_prodigal_300.fasta	98171	ATGATTGGGGCCTGTGCCTT...	0.7082
assembly_prodigal_300.fasta	98242	CAATGCCAAGTGTATTTAAA...	0.7527
assembly_prodigal_300.fasta	98413	ATGGGATTTGGTCCCCGGCA...	0.6514
assembly_prodigal_300.fasta	98418	TTAAAAGTGAACGTTAAACC...	0.9506
assembly_prodigal_300.fasta	98420	ATGTCTCTCTCCCTTAAGTA...	0.7187
assembly_prodigal_300.fasta	98457	ATGATTGGTGAAGTCCATCA...	0.8470
assembly_prodigal_300.fasta	98520	TGGTTATGGAGTCTGATGTG...	0.7908
assembly_prodigal_300.fasta	98524	ATGGCTCTCAACCTATGGCC...	0.6826
assembly_prodigal_300.fasta	98542	ATGCCGTGCGATTGGCAAAT...	0.6865
assembly_prodigal_300.fasta	98674	CCACTTTATCTGCCCCCAGT...	0.9156
assembly_prodigal_300.fasta	98698	ATGGTGCAGTTCCTGGATCT...	0.7018
assembly_prodigal_300.fasta	98729	TCTGCTCTGCTCTGTAAAGT...	0.6680
assembly_prodigal_300.fasta	98735	ATGATGGGATTCTCACTTTT...	0.6693
assembly_prodigal_300.fasta	98745	ATGCGTACATACGCACTTGG...	0.6934
assembly_prodigal_300.fasta	98769	GTGGTTGGTGCTGATGTTGT...	0.8711
assembly_prodigal_300.fasta	98937	TTTCTTGTTTTTCCTCTTGT...	0.8913
assembly_prodigal_300.fasta	98953	ATTGATGAGTCTAATGGTGC...	0.6873
assembly_prodigal_300.fasta	98981	GTGTTTCCCCTTCCTCTTTC...	0.6788
assembly_prodigal_300.fasta	98985	ATGAGTCCTTCAGAGAGCAG...	0.6984
assembly_prodigal_300.fasta	99113	ATGGTGATGGTGACGGTGGT...	0.6602
assembly_prodigal_300.fasta	99120	ATGAAATCTCTTTTTTTTTT...	0.9600
assembly_prodigal_300.fasta	99145	ATGGAAATGTCTCTTTTTTT...	0.8377
assembly_prodigal_300.fasta	99159	CTGCTGCTGCTGCTAACCGT...	0.9390
assembly_prodigal_300.fasta	99247	ATCCCTCTCTCCCTCCCTCC...	0.7277
assembly_prodigal_300.fasta	99297	ATGTTGTCTCCTGTCTTCCC...	0.8358
assembly_prodigal_300.fasta	99340	CTGCTAACCGTTTCCTCTGC...	0.9225
assembly_prodigal_300.fasta	99345	ATGGGGCTGGTGTGCACCTT...	0.7732
assembly_prodigal_300.fasta	99347	ATGCTTGAAAAAGCACGAGT...	0.7996
assembly_prodigal_300.fasta	99418	GCAGACCTGGAAGAGCCGGG...	0.8507
assembly_prodigal_300.fasta	99465	ATGACTTTGTGGTTTTGGTT...	0.7027
assembly_prodigal_300.fasta	99473	GATTCTTCCTCTCTCTCTCT...	0.6910
assembly_prodigal_300.fasta	99525	TTGTTCCTAACTTTGGGGCT...	0.7213
assembly_prodigal_300.fasta	99528	TTCTGGGTTTTATTTTTTAC...	0.8118
assembly_prodigal_300.fasta	99569	ATGCTCATTTCCAGCTCTAT...	0.7624
assembly_prodigal_300.fasta	99655	ATGCACAGGAGCTTCATTGA...	0.9735
assembly_prodigal_300.fasta	99733	TATGCTGAGCTCTATTACCT...	0.6617
assembly_prodigal_300.fasta	99751	ATGTCTGAGGGTGCTGAGCC...	0.7887
assembly_prodigal_300.fasta	99780	ATGACAGCGCTGTGACAGGC...	0.6633
assembly_prodigal_300.fasta	99785	TTGGAGACGGCGTTCTTCGT...	0.6604
assembly_prodigal_300.fasta	99861	ATGTTTCCTGATCTTTCTCT...	0.8497
assembly_prodigal_300.fasta	100083	ATGATATCATCTGACCTCCA...	0.7033
assembly_prodigal_300.fasta	100202	ATGGGACGGCTTGTGCATGG...	0.9013
assembly_prodigal_300.fasta	100262	ATGGGTCAGGCCTGTCTGGA...	0.7614
assembly_prodigal_300.fasta	100264	ATGGATGCCGTATTAAAACA...	0.9259
assembly_prodigal_300.fasta	100268	ATGTTTGTTTTATTTATTTA...	0.6958
assembly_prodigal_300.fasta	100332	ATGATCAGAAGACAGTGTTC...	0.7149
assembly_prodigal_300.fasta	100364	GTCTATATATCACCCCAGCT...	0.6520
assembly_prodigal_300.fasta	100399	TCTCTCTTACACACACACAC...	0.7148
assembly_prodigal_300.fasta	100422	ATGTTACAGGTACGCCTCCA...	0.8643
assembly_prodigal_300.fasta	100499	ATGCATCCTCTCCTCTTTTT...	0.7145
assembly_prodigal_300.fasta	100514	ATGCTGTTTTCTTGCATTGC...	0.6973
assembly_prodigal_300.fasta	100586	ATGGGCAGAGACTCTGTTCA...	0.7057
assembly_prodigal_300.fasta	100612	ATGCAGCTGACATTCATATT...	0.8184
assembly_prodigal_300.fasta	100741	ATGACATACTCTATACCCTC...	0.6519
assembly_prodigal_300.fasta	100755	CAGCATGTCCAGGCCCGCCT...	0.7812
assembly_prodigal_300.fasta	100757	ATGGTTACAGCCTCCAAGGC...	0.7416
assembly_prodigal_300.fasta	100906	CCTTCTGACGAGACAGGAAG...	0.6775
assembly_prodigal_300.fasta	100913	CTCCAGGTTTTTTTCAGTAT...	0.7252
assembly_prodigal_300.fasta	100954	ATGCTGCTGTGTCTCATGCG...	0.6788
assembly_prodigal_300.fasta	100955	ATGGCTCTCTTTATGTTATT...	0.8219
assembly_prodigal_300.fasta	100957	GTGAGTCATGCATCGTCCTC...	0.8781
assembly_prodigal_300.fasta	101000	ATGATTCAAGGACAGTATCA...	0.6610
assembly_prodigal_300.fasta	101056	ATGACTCTCGACTCTTTCCT...	0.8042
assembly_prodigal_300.fasta	101073	ATGATTTATTTCCTTTTTTC...	0.7048
assembly_prodigal_300.fasta	101121	ATGCTTTTCACAAACACCCA...	0.7968
assembly_prodigal_300.fasta	101143	ATGGTGAGCTTTAAACTGTG...	0.6944
assembly_prodigal_300.fasta	101167	AATCGCCGGGCTTCAAACTA...	0.6616
assembly_prodigal_300.fasta	101175	CTTCTACTGGTCCTTTATGC...	0.8628
assembly_prodigal_300.fasta	101183	ATGAAGAGGGAGGGAGGGCC...	0.8917
assembly_prodigal_300.fasta	101193	GTGGTCTATGCCTGGTGCAT...	0.6639
assembly_prodigal_300.fasta	101217	ATGGCTTTGTTCTTGCCAGC...	0.7154
assembly_prodigal_300.fasta	101339	ATCCTACTGAGGACAATGGT...	0.6877
assembly_prodigal_300.fasta	101381	CCAGACATTTTCCCTTTAGA...	0.8638
assembly_prodigal_300.fasta	101400	GACAATGACTCTGAGCTATA...	0.6622
assembly_prodigal_300.fasta	101436	ATGTGTCACATCCCAGTCTT...	0.6663
assembly_prodigal_300.fasta	101446	CATGTCTTTCATTTGTCCTC...	0.6555
assembly_prodigal_300.fasta	101487	CCTTCCTCTGTTGCTCCTCC...	0.6980
assembly_prodigal_300.fasta	101529	GGGACTCTGAAAGATGTGGT...	0.7382
assembly_prodigal_300.fasta	101638	ATGATATGAAGTTATGATAA...	0.7835
assembly_prodigal_300.fasta	101647	TACCAATCACCTTCAGTCAT...	0.8369
assembly_prodigal_300.fasta	101673	TCCTTTTTGATAAAGCTTAT...	0.6925
assembly_prodigal_300.fasta	101684	ATGTGTGTGTGTGTGACTCA...	0.6970
assembly_prodigal_300.fasta	101720	ATGACCTATCCTCATTTGGC...	0.7568
assembly_prodigal_300.fasta	101760	TTTATCACACATATTGCACA...	0.6548
assembly_prodigal_300.fasta	101832	ATGTCTACATCCAAACCACT...	0.6983
assembly_prodigal_300.fasta	101899	AACATTTTCTCTGATCAATT...	0.7558
assembly_prodigal_300.fasta	101964	ATGCAAACATCCTACGTGTT...	0.8910
assembly_prodigal_300.fasta	101965	ATGTTTTTACTCAGATATAT...	0.7481
assembly_prodigal_300.fasta	102043	ATGAAACAGCCCTTTGAAGG...	0.6652
assembly_prodigal_300.fasta	102091	ATGTTCCCCAGGCAGCCGTC...	0.7796
assembly_prodigal_300.fasta	102102	ATGAAACTGACAGCTAACAC...	0.8126
assembly_prodigal_300.fasta	102142	GTAACAGACTCTATGAACCT...	0.6740
assembly_prodigal_300.fasta	102200	ATGCTCACTTGTGCATTGCG...	0.7362
assembly_prodigal_300.fasta	102241	ATGCCAATTGTTCCCCCCTT...	0.7176
assembly_prodigal_300.fasta	102275	GTGTGTGTTTGTGTTTCAGA...	0.6959
assembly_prodigal_300.fasta	102277	ATGAAAACAGACACACTGAC...	0.7185
assembly_prodigal_300.fasta	102299	ATGACCCCGTATCCTTTAGT...	0.7863
assembly_prodigal_300.fasta	102324	ATGGAGACGAGGAAACGTCT...	0.6788
assembly_prodigal_300.fasta	102405	ATGGAACGCATTCATCTCTT...	0.6740
assembly_prodigal_300.fasta	102459	GTGAGTTTGAACCAGCAGGA...	0.8802
assembly_prodigal_300.fasta	102474	ATGCGGGCAGCTTATAACTG...	0.7388
assembly_prodigal_300.fasta	102510	ATGCAAAAACTTGCTTTCCT...	0.8698
assembly_prodigal_300.fasta	102559	ATGCTAGCCATGCTAATCTT...	0.7255
assembly_prodigal_300.fasta	102580	CTTCTCCTCACTAACAAAGC...	0.6771
assembly_prodigal_300.fasta	102647	TTGTTAAATTTGGCAACCTT...	0.6570
assembly_prodigal_300.fasta	102659	ACACACACACACACACACAC...	0.7339
assembly_prodigal_300.fasta	102718	GTGAAAACGTATCAGTGGAT...	0.7066
assembly_prodigal_300.fasta	102733	TATTTGACTTTTCCTCAGGT...	0.7271
assembly_prodigal_300.fasta	102742	CATGCAAGAGCTGATTTCAA...	0.7247
assembly_prodigal_300.fasta	102783	GTGCCCTCGTCAGTTCTGTC...	0.7896
assembly_prodigal_300.fasta	102787	ATGAAATATTGCACAGGTCT...	0.7477
assembly_prodigal_300.fasta	102984	ATGAACCATACTTTGGTATT...	0.7132
assembly_prodigal_300.fasta	103027	ATGTACCATCAGAGCGCCAA...	0.7092
assembly_prodigal_300.fasta	103243	ATGCATTTTGAAATACTTTA...	0.6578
assembly_prodigal_300.fasta	103276	TTGCTCCATTATTTTATGAA...	0.7410
assembly_prodigal_300.fasta	103290	ATGGAGGAAGTATCTATTAC...	0.8285
assembly_prodigal_300.fasta	103323	ATGCAGCTCCGCTCTACTCC...	0.8364
assembly_prodigal_300.fasta	103345	ATGGTTCCACTGGTTCCACT...	0.8029
assembly_prodigal_300.fasta	103346	GTTCTACTGGTTCCAATGGT...	0.8028
assembly_prodigal_300.fasta	103378	CATTTGCAAGCTTTTCTCTC...	0.6532
assembly_prodigal_300.fasta	103388	ATGATGCAAGATATGTCTTA...	0.6743
assembly_prodigal_300.fasta	103413	ACACACACAAGTACCTTAAA...	0.7800
assembly_prodigal_300.fasta	103515	GTGAATGAACCAGTCAGTCA...	0.8081
assembly_prodigal_300.fasta	103606	ATGCTACGTGCCTCATATAC...	0.7740
assembly_prodigal_300.fasta	103613	TTCAAACTCTCATCTAACGT...	0.7986
assembly_prodigal_300.fasta	103641	ATGGCTAAGGAATGCATGTA...	0.7089
assembly_prodigal_300.fasta	103649	ATCCAGCTAGCATCCCTCCG...	0.9857
assembly_prodigal_300.fasta	103706	ATGCGCGTGGAATCTGGCTC...	0.8500
assembly_prodigal_300.fasta	103710	ATGTCTTCACTGATTACGTT...	0.8145
assembly_prodigal_300.fasta	103715	ATGGGAGGCAGTGGAGCTGA...	0.6636
assembly_prodigal_300.fasta	103782	ATGGGAGTCGCATCAATGAA...	0.8166
assembly_prodigal_300.fasta	103807	GAGATCACGCTGACGCCGGT...	0.9183
assembly_prodigal_300.fasta	103841	ATGTCTGGGCAGCAGGTCGG...	0.6763
assembly_prodigal_300.fasta	103861	ATGAACTCCTTCACACCGCT...	0.7450
assembly_prodigal_300.fasta	103865	ATGTCCTCCTTCTGCCCTCC...	0.8541
assembly_prodigal_300.fasta	103875	TCAAAGGTTGTTTGTCTTCC...	0.7407
assembly_prodigal_300.fasta	103916	ATGGTTGTTATTGTTGTTGT...	0.6630
assembly_prodigal_300.fasta	104109	ATGTATCCAGGGGTCAGTCG...	0.6621
assembly_prodigal_300.fasta	104160	ATGAGGACCAATGATCAGAC...	0.6956
assembly_prodigal_300.fasta	104175	ATGCTCCTGTCCTCCCGTGT...	0.7338
assembly_prodigal_300.fasta	104189	TTTCTTTCTGCCTCAGCCTT...	0.7418
assembly_prodigal_300.fasta	104289	AGTCTTGCACTCGCCCCAAC...	0.6598
assembly_prodigal_300.fasta	104306	TGGAAAAAGTATTTGCATAA...	0.6951
assembly_prodigal_300.fasta	104329	ATGTACTTGGATGTCTGTTG...	0.7057
assembly_prodigal_300.fasta	104482	ATGGACCAGTTATCTCCATT...	0.7421
assembly_prodigal_300.fasta	104505	ATGTGTGTTGCTTCGTATGC...	0.6570
assembly_prodigal_300.fasta	104530	GTGTGTCTCAGTGAGTCTCA...	0.7169
assembly_prodigal_300.fasta	104586	ATGCTTTCTCCATCCGTTTT...	0.7509
assembly_prodigal_300.fasta	104602	TTGTTTTTGCTGCAGACGAC...	0.8430
assembly_prodigal_300.fasta	104611	TGCGTCGAAAAACTCGCTGT...	0.6789
assembly_prodigal_300.fasta	104625	ATGCTCATTTGTAGCTCTAT...	0.7673
assembly_prodigal_300.fasta	104628	TATTCTAATTATCTGTTAAC...	0.7583
assembly_prodigal_300.fasta	104705	ATGTTGTGTTTTTTAAAGGT...	0.7971
assembly_prodigal_300.fasta	104712	GATCTTAGCGACGCTGATTT...	0.6815
assembly_prodigal_300.fasta	104765	CAAATTACACTTTATAGTTT...	0.6930
assembly_prodigal_300.fasta	104785	ATGAACCCGACTGACCCGTC...	0.8462
assembly_prodigal_300.fasta	104796	CACACACACACACACACACA...	0.6977
assembly_prodigal_300.fasta	104833	ATGACCACACTGCTGGTTTG...	0.7291
assembly_prodigal_300.fasta	104846	ATGCCCCCCCCCCTATTTGT...	0.8874
assembly_prodigal_300.fasta	104940	ATGGCTTCCATCCCTCATCA...	0.9389
assembly_prodigal_300.fasta	105063	ATGTCATGTTTAACTCCAAA...	0.6784
assembly_prodigal_300.fasta	105159	GTGACCGGAGGAGCCAAAGA...	0.6775
assembly_prodigal_300.fasta	105164	ATGAAGCCAGACATCTTTTT...	0.6887
assembly_prodigal_300.fasta	105191	CTTTTCACCACCTGGCTGCA...	0.8499
assembly_prodigal_300.fasta	105239	GTCCAAACAAACACTCTGTA...	0.7449
assembly_prodigal_300.fasta	105339	CTTGGCCTTCCTTCGGCCTT...	0.7955
assembly_prodigal_300.fasta	105349	GTGCAGTGCCTCCATACCTG...	0.7531
assembly_prodigal_300.fasta	105383	GTGTGTGTGTGTGTTGCAGG...	0.7435
assembly_prodigal_300.fasta	105389	TTGGGTTTAAGGAGTCGTGA...	0.6523
assembly_prodigal_300.fasta	105440	ATGAGTGTCGTCAGCTACCA...	0.9558
assembly_prodigal_300.fasta	105445	GTGTGTGTGTGTGCACGCAC...	0.6645
assembly_prodigal_300.fasta	105534	CTATTACACTTTTGTCAGGA...	0.7771
assembly_prodigal_300.fasta	105543	CTTTTATTTCCACATCCAGC...	0.7843
assembly_prodigal_300.fasta	105544	ATGCAACCCCCTCCTCCCCC...	0.8936
assembly_prodigal_300.fasta	105588	CTTCACCCCTCCCTCTCTCA...	0.6607
assembly_prodigal_300.fasta	105599	ATGATTGTGCAGTGTGGTGT...	0.6571
assembly_prodigal_300.fasta	105624	ATGAGTGATGTTGCCCACAT...	0.6500
assembly_prodigal_300.fasta	105626	ATGATTTATCAGGATAATCT...	0.6563
assembly_prodigal_300.fasta	105646	ATGAACATGTGTACGTGTGT...	0.7130
assembly_prodigal_300.fasta	105712	ATGTCTGCCCTGGCAGTCCT...	0.7345
assembly_prodigal_300.fasta	105749	ATGATTCAGTGGTTTAATAT...	0.7485
assembly_prodigal_300.fasta	105799	ATGCTCTGGATCCCCTCTCT...	0.7002
assembly_prodigal_300.fasta	105962	ATGACACCTCTCTCTCTTCC...	0.9270
assembly_prodigal_300.fasta	105974	ATGACCTTGCATCATCAACA...	0.6876
assembly_prodigal_300.fasta	106027	ATGGGTGTGTCAGAGCTCAT...	0.6697
assembly_prodigal_300.fasta	106060	ACCTGGAGACCTCAACTGCA...	0.7319
assembly_prodigal_300.fasta	106125	GTTCTTCAAATGCTTTTAAT...	0.7211
assembly_prodigal_300.fasta	106159	ATGTTGGCTGCAAAGTTTTC...	0.6525
assembly_prodigal_300.fasta	106175	ATGAGATGTATATTAACTGT...	0.8489
assembly_prodigal_300.fasta	106177	ATGGTACTCGATAACATCTA...	0.7112
assembly_prodigal_300.fasta	106220	ATGGACCTAGTTCCCTCTCC...	0.8197
assembly_prodigal_300.fasta	106231	ATGTACTTAGTTACTTTCCA...	0.6701
assembly_prodigal_300.fasta	106363	ATGTCTAAATGTTTCCCCTT...	0.7622
assembly_prodigal_300.fasta	106591	ATGTCGGTGACTCTGCAGGT...	0.6574
assembly_prodigal_300.fasta	106611	GTGGCTCACAGCAAGCAGAT...	0.6517
assembly_prodigal_300.fasta	106621	ATGATTATGCATGAAGCCGA...	0.7620
assembly_prodigal_300.fasta	106675	ATGGTCTACGCGCTCCGTCG...	0.6608
assembly_prodigal_300.fasta	106682	TCAACAGATCCCTCAACAGA...	0.6697
assembly_prodigal_300.fasta	106702	ATGGAAACACACAGTTCACA...	0.6661
assembly_prodigal_300.fasta	106717	ATGCCTGTCTTTTTATTTAT...	0.7175
assembly_prodigal_300.fasta	106760	ATGGAGGAAGACTTAAAAAA...	0.6693
assembly_prodigal_300.fasta	106810	ATGACTCCTCCTCTCATGAA...	0.7868
assembly_prodigal_300.fasta	106813	ATGTTAATTAGCGGCCACAT...	0.9097
assembly_prodigal_300.fasta	106885	ATGATCGAATTTCATGATGT...	0.7019
assembly_prodigal_300.fasta	106911	CTTTATTATTTCCACATCCA...	0.7312
assembly_prodigal_300.fasta	106942	ATGGGGTTCCTTAAAGCTGG...	0.7729
assembly_prodigal_300.fasta	106955	ATGGACTTTTTAGGAGCTCC...	0.6822
assembly_prodigal_300.fasta	106994	ATGCCATGCTTCCTTGAGCA...	0.6876
assembly_prodigal_300.fasta	107141	ATGATTTCCCTCCTGCAGTT...	0.6783
assembly_prodigal_300.fasta	107156	ATGCACTACTCACAGTCCAT...	0.7254
assembly_prodigal_300.fasta	107162	ATGCATCTAACCATCGCCTG...	0.9175
assembly_prodigal_300.fasta	107167	ATGTTTTACCTGTGTAGACT...	0.6613
assembly_prodigal_300.fasta	107228	GCTCTACTGCTGCTGGACCT...	0.7785
assembly_prodigal_300.fasta	107267	AATATTCAGCTCAGATCAGC...	0.6920
assembly_prodigal_300.fasta	107305	ATGAATATCAACACCCCTCG...	0.7173
assembly_prodigal_300.fasta	107308	ATGGCCTCCGTGTCCGAGCT...	0.6975
assembly_prodigal_300.fasta	107384	ATCGAATCCTGGCCCAACGG...	0.6944
assembly_prodigal_300.fasta	107399	ATGAGTAGAGGAGATAATCT...	0.7298
assembly_prodigal_300.fasta	107435	GTTGAGCTTCTTTTCAATCC...	0.8998
assembly_prodigal_300.fasta	107467	ATGTTAGAGAATACATTTTT...	0.7109
assembly_prodigal_300.fasta	107520	GTGGAAAATGTGCGAGCCAG...	0.7121
assembly_prodigal_300.fasta	107541	ATGCCAGCAGCTACAGACTC...	0.8852
assembly_prodigal_300.fasta	107544	GTGATCCTGGCTCTCCTCGT...	0.6556
assembly_prodigal_300.fasta	107580	ATGACTGTATTTTCCTTGTT...	0.7236
assembly_prodigal_300.fasta	107612	ATGAAATGTCCTGCCAAGGA...	0.7727
assembly_prodigal_300.fasta	107647	ATGCAGTATATGTCTAGTGG...	0.6799
assembly_prodigal_300.fasta	107750	ATGAAAATAACTGCTTTACT...	0.6898
assembly_prodigal_300.fasta	107783	GTGGACAACTGGCTTAATCA...	0.7336
assembly_prodigal_300.fasta	107849	TCCCACTGCATGACAACTGT...	0.6818
assembly_prodigal_300.fasta	107850	ATGTCAGCTACGCCTCTCTT...	0.7689
assembly_prodigal_300.fasta	107918	GGTACCAGGATGGTACCGCA...	0.6578
assembly_prodigal_300.fasta	107927	ATGCGTGACCTTGTAATCGT...	0.6581
assembly_prodigal_300.fasta	107943	CACACACACACACACACACA...	0.7490
assembly_prodigal_300.fasta	107950	ATGAGCGAAGAGATATGTCT...	0.7576
assembly_prodigal_300.fasta	107955	ATGCCACACCATGGACAACG...	0.7106
assembly_prodigal_300.fasta	107958	ATGTCTGTGTTAGCTTTCAC...	0.6717
assembly_prodigal_300.fasta	107979	GTGAGACTTGGAGCAAAAGT...	0.6781
assembly_prodigal_300.fasta	108057	GACAACTGTTTCTGGGATTT...	0.6587
assembly_prodigal_300.fasta	108071	ATGTGCTTTCAACTCCACTT...	0.7468
assembly_prodigal_300.fasta	108074	ATGACTAGGTCTCTCCTCGC...	0.6909
assembly_prodigal_300.fasta	108075	ACTCCTGTGCTCACCGTTGG...	0.8239
assembly_prodigal_300.fasta	108132	ACATCCCTGACCCCTAACCC...	0.9864
assembly_prodigal_300.fasta	108166	ATGTTTGTACTCCCAGTGCA...	0.7511
assembly_prodigal_300.fasta	108289	CGCATCATTTTTGTTTTCTC...	0.6944
assembly_prodigal_300.fasta	108326	GTGGGCTCCAGGTCGGAGCC...	0.6804
assembly_prodigal_300.fasta	108410	ATGGCATCCTCTCCTTCAGC...	0.7053
assembly_prodigal_300.fasta	108486	ATGAACGCTTTTAAGAATGC...	0.6894
assembly_prodigal_300.fasta	108491	ATGTTTACTGTTTTTCAGGT...	0.8016
assembly_prodigal_300.fasta	108569	TTTTACTCCCCCCCCTCTCT...	0.8006
assembly_prodigal_300.fasta	108619	TCCTCTGGACTCCTTGGCTC...	0.7313
assembly_prodigal_300.fasta	108667	CAGTTGTCCAGACTGTGGGT...	0.7940
assembly_prodigal_300.fasta	108685	ATGACTTATCCAAGGACACT...	0.7242
assembly_prodigal_300.fasta	108788	ATGAAGAGTCCAGTTCTGCT...	0.7331
assembly_prodigal_300.fasta	108898	ATGAGATCCCCACATGTTCT...	0.9016
assembly_prodigal_300.fasta	108993	ATTTTTATTTCTCTTGCCTT...	0.7533
assembly_prodigal_300.fasta	109027	ATGTATTTAACCCCAGAAAA...	0.6789
assembly_prodigal_300.fasta	109040	ATGGTATCCCTGCCAGTTAA...	0.7048
assembly_prodigal_300.fasta	109052	ATGTGGCTTCTTGGAGATAA...	0.9074
assembly_prodigal_300.fasta	109073	ATGGCATCTTTCCAGATGGA...	0.6921
assembly_prodigal_300.fasta	109111	GTGAGCTCCTACCCGGTTCC...	0.8854
assembly_prodigal_300.fasta	109122	ATGGAGAACAGCCCCGGGGC...	0.7498
assembly_prodigal_300.fasta	109221	ATGTTCTCCTCACAGGTCCT...	0.6517
assembly_prodigal_300.fasta	109252	ATGAATGTACACATTTTTTC...	0.6594
assembly_prodigal_300.fasta	109323	ATGAATTTACAGTCTAACAA...	0.6925
assembly_prodigal_300.fasta	109396	ATGTACTCGGTCTTCTTCCT...	0.6631
assembly_prodigal_300.fasta	109481	ATGAATATCCTCTCTGGAGT...	0.6647
assembly_prodigal_300.fasta	109499	ATGTTGTCGGCTTGGCTTTG...	0.9216
assembly_prodigal_300.fasta	109529	ATGCTTGGCTGTCGCTCTCG...	0.7543
assembly_prodigal_300.fasta	109531	ATGATTCTGTTAGTGTCCCA...	0.6606
assembly_prodigal_300.fasta	109566	ATGATAGATGGCAGTCAGCA...	0.6593
assembly_prodigal_300.fasta	109572	ATGGGTGTAGAGGGATTCAG...	0.7627
assembly_prodigal_300.fasta	109597	ATGATGGACACACAGTGGAA...	0.7555
assembly_prodigal_300.fasta	109652	GTGGAACCAATCGGACGTGC...	0.7284
assembly_prodigal_300.fasta	109672	GTGTGTTACTTCCTGTGCGT...	0.8641
assembly_prodigal_300.fasta	109685	ATGCTTAACAAAACCAACGG...	0.6614
assembly_prodigal_300.fasta	109778	GTGACTCCCGGGGACAGGTT...	0.8682
assembly_prodigal_300.fasta	109845	CAGGTGTTTGTCTTGTTTCG...	0.8575
assembly_prodigal_300.fasta	109880	GAGTGCCTCTCTCCTCCCGG...	0.8782
assembly_prodigal_300.fasta	109927	GTGGCGGCTGGCGTGGTCGT...	0.7945
assembly_prodigal_300.fasta	109976	ACAGCATCCATTTCTATGCC...	0.7216
assembly_prodigal_300.fasta	110076	GTTGCTCATACTGCAGATCT...	0.6596
assembly_prodigal_300.fasta	110097	TCTTCTTCCCTACTGGAGCT...	0.6974
assembly_prodigal_300.fasta	110146	ATGAATTGTTTAGCAGTATT...	0.7607
assembly_prodigal_300.fasta	110147	TTCTCATCTCTGCCGAAAGA...	0.8330
assembly_prodigal_300.fasta	110202	ATGTGGGCGGAACCACTGCC...	0.6507
assembly_prodigal_300.fasta	110246	ATGTTCAACAACATCTCACG...	0.6599
assembly_prodigal_300.fasta	110303	ATGGAAACTATATTCAAAAT...	0.7029
assembly_prodigal_300.fasta	110311	ATGATCTATGTTGTTTTAAA...	0.6714
assembly_prodigal_300.fasta	110356	ATGGCTGCCTCAGAGCAACT...	0.7753
assembly_prodigal_300.fasta	110358	GTGCAGCACTTGTGTATGAA...	0.7126
assembly_prodigal_300.fasta	110374	ATGCTGGCGTGCGTGTCGGC...	0.6835
assembly_prodigal_300.fasta	110376	TTGTACTCAGGTGAATCTCA...	0.7229
assembly_prodigal_300.fasta	110383	ATGGTGTCTAATGCTGCCAA...	0.6517
assembly_prodigal_300.fasta	110409	ATGAATGCTAATCTTCTTTC...	0.7290
assembly_prodigal_300.fasta	110424	ATGCAGCTTGGAACAGGTTC...	0.6930
assembly_prodigal_300.fasta	110434	ATGTTTCTAATTGCCGTTTG...	0.7815
assembly_prodigal_300.fasta	110439	ACCCTAAGAGTTGAGAAGTG...	0.9729
assembly_prodigal_300.fasta	110449	TTCCAGGTCGAATTTAAGAT...	0.7844
assembly_prodigal_300.fasta	110524	ATGAAATGCCACCAAACTCT...	0.6998
assembly_prodigal_300.fasta	110536	ATGCCGAGCACTGTCTGTCC...	0.6931
assembly_prodigal_300.fasta	110549	ATGGTGCAAATCTGGTGTCA...	0.7289
assembly_prodigal_300.fasta	110582	CTCTCTGCGGCTAATTGTAA...	0.6788
assembly_prodigal_300.fasta	110690	GTCTATAACTGTCTTATCGT...	0.6533
assembly_prodigal_300.fasta	110751	ATATCTTTGCATGATTTACA...	0.7324
assembly_prodigal_300.fasta	110790	ATGTGTATTCTCACTTCTCA...	0.6782
assembly_prodigal_300.fasta	110814	ATGGCGTCAGAGGAAGCGGC...	0.7195
assembly_prodigal_300.fasta	110943	ATGGTGGTGGTGAAGGGGGG...	0.7599
assembly_prodigal_300.fasta	110973	ATGTCCATCACGGACGGACA...	0.6987
assembly_prodigal_300.fasta	110979	ATGGCTGAGTATGGGCTGTA...	0.6678
assembly_prodigal_300.fasta	111096	AAGCATCTCCTCCCCTCCTT...	0.7338
assembly_prodigal_300.fasta	111119	GGAGTTGCCGTGGTCACCGT...	0.7457
assembly_prodigal_300.fasta	111129	ATGCACTTCATGAGTTTCTT...	0.7581
assembly_prodigal_300.fasta	111187	ATGTTGTCTTTGAACAACCT...	0.6919
assembly_prodigal_300.fasta	111277	ATGCTTGGACGTACCCCTGC...	0.8980
assembly_prodigal_300.fasta	111320	ATGTGTGAGTACTCTCATCT...	0.6658
assembly_prodigal_300.fasta	111344	GTTCCAAGCACGATTACATT...	0.6521
assembly_prodigal_300.fasta	111365	GACACACCAGAAGAAAAAAT...	0.8465
assembly_prodigal_300.fasta	111391	TCTGACCTGTTGTTTCCGGG...	0.7207
assembly_prodigal_300.fasta	111405	GTGAGCCAGGCCACTAACGG...	0.7385
assembly_prodigal_300.fasta	111431	ATGACAGACTTTAGAGGATG...	0.8741
assembly_prodigal_300.fasta	111448	TCTTCTATTCTGCGTGTACA...	0.8169
assembly_prodigal_300.fasta	111513	ATGATCCTGTCCTCTATCGG...	0.6970
assembly_prodigal_300.fasta	111531	ATGAAAAGATCCAACTGTCA...	0.6791
assembly_prodigal_300.fasta	111584	ATGGGCATTGCTTCGAATGA...	0.7784
assembly_prodigal_300.fasta	111637	ATGCATTATAGGTCCTTAGT...	0.7132
assembly_prodigal_300.fasta	111647	GTGACAGAATTGTATCTCAC...	0.7921
assembly_prodigal_300.fasta	111660	ATGTTTTCAGTAATTGAAAT...	0.6744
assembly_prodigal_300.fasta	111686	ATGCTCAGACAGTTTGCGAT...	0.6961
assembly_prodigal_300.fasta	111709	ATGTCCTCCATCGCCGTGCA...	0.7763
assembly_prodigal_300.fasta	111721	TCTCTCATTGTTCAACCCGC...	0.6678
assembly_prodigal_300.fasta	111736	ATGTACATGGGCCAGCCGCC...	0.9168
assembly_prodigal_300.fasta	111859	CTTACTCTTCTGCCCATTGA...	0.7422
assembly_prodigal_300.fasta	111883	GTGTCGGGGTGGAAGTACAG...	0.7011
assembly_prodigal_300.fasta	111886	ATGACGCCGTTTCCTTCTCG...	0.6669
assembly_prodigal_300.fasta	111937	CTTTTTCACACCGCACTGCT...	0.7561
assembly_prodigal_300.fasta	111975	ATGTGCTGTGGCTACAATAA...	0.8507
assembly_prodigal_300.fasta	111987	ACATTTCATGATTTTATTGA...	0.7039
assembly_prodigal_300.fasta	112001	AACCTTGTCCTGAAGTTTGT...	0.8991
assembly_prodigal_300.fasta	112077	GAAGAGGCGGCAGTTATCCA...	0.6638
assembly_prodigal_300.fasta	112168	ATGCTCTTCAAATCCCTCGC...	0.7157
assembly_prodigal_300.fasta	112289	GCCAAGTATGAGAATCAAGC...	0.8391
assembly_prodigal_300.fasta	112311	ATGTTAAATTGTGACACTAA...	0.6779
assembly_prodigal_300.fasta	112325	ATGAATCAAACCAATCTTCT...	0.7191
assembly_prodigal_300.fasta	112370	ACTACTTTGTTGTTTCCTTC...	0.6544
assembly_prodigal_300.fasta	112388	CAGGCAGAGACTCAGTTGGC...	0.7775
assembly_prodigal_300.fasta	112436	ATGAACACCGGTGCACAAGT...	0.7186
assembly_prodigal_300.fasta	112437	CTGCGCGTCCGACACGCTTT...	0.7348
assembly_prodigal_300.fasta	112439	GCGGCAGTCGATCCCGTCAC...	0.7534
assembly_prodigal_300.fasta	112440	ATGAAAAAGGAAACTGTGCC...	0.6756
assembly_prodigal_300.fasta	112492	ATGGTACTTCACGCTTTTGA...	0.6910
assembly_prodigal_300.fasta	112528	ATGTTTGCACATTTTCCTCC...	0.8210
assembly_prodigal_300.fasta	112582	GTGAAGAGGACAGCTGTGCC...	0.7565
assembly_prodigal_300.fasta	112656	ATGACGATGTGTGGGAGGCA...	0.6642
assembly_prodigal_300.fasta	112666	GTGTGCATTGTGTTGACAGT...	0.7106
assembly_prodigal_300.fasta	112678	GTGCTTCAGGGTGCGATACG...	0.8948
assembly_prodigal_300.fasta	112766	ATGGCCAAGGGCACATTGCA...	0.6899
assembly_prodigal_300.fasta	112782	ATGCTCCTTGAAAGTCAAAA...	0.6669
assembly_prodigal_300.fasta	112797	ATGGGTTTCATGTCTGTGCG...	0.7185
assembly_prodigal_300.fasta	112802	ATGACAGCAGCTCACTCCTC...	0.7823
assembly_prodigal_300.fasta	112805	GTGGGCTCACAGGTCCTGGT...	0.7122
assembly_prodigal_300.fasta	112907	AACGGAACAGATGCTGTTCA...	0.6538
assembly_prodigal_300.fasta	112980	ATGTCTTTCCTCCTGCTGAA...	0.6626
assembly_prodigal_300.fasta	113013	ATGTATGGCAAGCTTAACTC...	0.6944
assembly_prodigal_300.fasta	113031	CTTCTCATCTCCACATCCTT...	0.9344
assembly_prodigal_300.fasta	113068	ATGCTGTACTGTTTTATCTT...	0.7153
assembly_prodigal_300.fasta	113096	GATAAAGACCTTTGCATAAT...	0.8221
assembly_prodigal_300.fasta	113248	ATGAGCTGTAGGATGATTTT...	0.6990
assembly_prodigal_300.fasta	113257	CACATCGACATGTGGACAGG...	0.7537
assembly_prodigal_300.fasta	113260	GTGTTGATGGAGGCTGCTGG...	0.7460
assembly_prodigal_300.fasta	113269	GTGTTTCCCCCCTCTTTCAT...	0.6729
assembly_prodigal_300.fasta	113290	GATCCCGTCTTTGAGCAGAG...	0.7108
assembly_prodigal_300.fasta	113294	TCTTTCTCTCTTTCTTTCTT...	0.7661
assembly_prodigal_300.fasta	113313	CTAGTCCTACACCCAGTCCC...	0.7996
assembly_prodigal_300.fasta	113314	GTCCTTGACTTCGTTCTAGT...	0.8934
assembly_prodigal_300.fasta	113322	CCCGACGAGCCCCAACGCCC...	0.9195
assembly_prodigal_300.fasta	113370	GGTCTGGAATTTCTTCTTCC...	0.7430
assembly_prodigal_300.fasta	113382	GTGGTCGACCTGGTACACCG...	0.7203
assembly_prodigal_300.fasta	113435	ATGACTGATTCGTCACGTTC...	0.7348
assembly_prodigal_300.fasta	113446	ATGGCTCAGTCTGGTTATCA...	0.8843
assembly_prodigal_300.fasta	113462	GTGTGGCTCCACCTTTCCTT...	0.8055
assembly_prodigal_300.fasta	113490	TTGGATAAATGGGCGGACAG...	0.6675
assembly_prodigal_300.fasta	113566	AAACCCCTCTTTGCTGCTCT...	0.7802
assembly_prodigal_300.fasta	113681	ATGGAGACTGGTGGTGGTGG...	0.9642
assembly_prodigal_300.fasta	113721	ATGGTTGTCATGGGTGAAGC...	0.6533
assembly_prodigal_300.fasta	113777	ATGACTCTCTCACAGATACG...	0.7166
assembly_prodigal_300.fasta	113783	TGCAGACAGAAAACCATCAC...	0.6764
assembly_prodigal_300.fasta	113813	ATGTGTCCACAGATGTACTT...	0.6612
assembly_prodigal_300.fasta	113843	ATGTGTCACATCTTTTCCCT...	0.7539
assembly_prodigal_300.fasta	113860	ATGTTATCTGTCCCCCCCAC...	0.6826
assembly_prodigal_300.fasta	113869	ATGCTGATTTCTTTGCACTC...	0.6847
assembly_prodigal_300.fasta	113884	TTTGTGCCAGAACTGTCAGT...	0.8455
assembly_prodigal_300.fasta	113912	TGTATGTCTCTCTATCTGTC...	0.8359
assembly_prodigal_300.fasta	113918	ACACACATACTTGCACGCAC...	0.6918
assembly_prodigal_300.fasta	114026	ATGGATTTTATAGATGACCT...	0.6962
assembly_prodigal_300.fasta	114033	ATGACCCGCCAGGAGGTGCA...	0.7987
assembly_prodigal_300.fasta	114042	ATGTCTATCTCTCTCGTTGA...	0.7391
assembly_prodigal_300.fasta	114059	ATGCTAACTACTACACTAGC...	0.6733
assembly_prodigal_300.fasta	114081	TGTCTACGAGTGTTTTCAGC...	0.6594
assembly_prodigal_300.fasta	114121	ATGGATCTGCTCTGTCTGGT...	0.8687
assembly_prodigal_300.fasta	114206	ATGGTGGATCTGCCTCCTTC...	0.6555
assembly_prodigal_300.fasta	114253	GTGAGCCTTCACCTTGGGGA...	0.6707
assembly_prodigal_300.fasta	114349	ATGTATCCGAATCCGTCTCT...	0.6849
assembly_prodigal_300.fasta	114403	ATGAAATATCCCGCCTCTCT...	0.9464
assembly_prodigal_300.fasta	114407	GTGCTGATAGTTTCCAAATC...	0.7846
assembly_prodigal_300.fasta	114454	ATGAAAAAGAGAGAAAACGT...	0.7080
assembly_prodigal_300.fasta	114455	ATGTTTCCAGATCTATATAT...	0.7876
assembly_prodigal_300.fasta	114489	CTGGACGAGGTGATTGCAGC...	0.8018
assembly_prodigal_300.fasta	114541	ATGTCTTTGTTACTTTATAG...	0.7607
assembly_prodigal_300.fasta	114565	ATGGATGGGGCTGCCTCACC...	0.7706
assembly_prodigal_300.fasta	114602	GCCCATATACCCATTAAGCT...	0.6524
assembly_prodigal_300.fasta	114603	GAGGTTCCCACCTACCTTGA...	0.6527
assembly_prodigal_300.fasta	114664	ATGGACTCTGCTGGCCTGTT...	0.6816
assembly_prodigal_300.fasta	114687	TACCTACTTTCTACTACTTC...	0.7409
assembly_prodigal_300.fasta	114695	CTGAACCATCTCTTTAACCA...	0.6541
assembly_prodigal_300.fasta	114726	ATGCCAATCACTCCACATCT...	0.7323
assembly_prodigal_300.fasta	114768	ATGGCCAATCCCTCTGCCTG...	0.8548
assembly_prodigal_300.fasta	114774	ATGTTCCACAGTGCAGAGAG...	0.9534
assembly_prodigal_300.fasta	114808	ATGTCCCTTGAGTTTGGTTT...	0.7715
assembly_prodigal_300.fasta	114811	GTGCCCCCGCCCCTCCCCAC...	0.6641
assembly_prodigal_300.fasta	114816	ATGGAGAACATCCTCCCCTT...	0.8377
assembly_prodigal_300.fasta	114888	ATGCAGACAACATGTTCTTA...	0.6752
assembly_prodigal_300.fasta	114928	ATGTCTAAGCCTGGTTGTCG...	0.7575
assembly_prodigal_300.fasta	114988	ATGATTGATGATTTATTGGT...	0.6774
assembly_prodigal_300.fasta	115059	ATGAGCTACAGTAGTGAGAT...	0.6738
assembly_prodigal_300.fasta	115162	ATGCTCCTTTTCTGTCTTCT...	0.8518
assembly_prodigal_300.fasta	115227	ATGACACTTGCTGCAGATGA...	0.7486
assembly_prodigal_300.fasta	115284	GTGTTAAATATATTGATATT...	0.7213
assembly_prodigal_300.fasta	115289	ACCAGGATGGTGGTCGTCAT...	0.6557
assembly_prodigal_300.fasta	115344	GTGGACTTCAGTATGCACTG...	0.8837
assembly_prodigal_300.fasta	115424	ATGATTTCCTTCCTCCCATT...	0.7080
assembly_prodigal_300.fasta	115479	ATGAGTACACGGCTGGAGTC...	0.8143
assembly_prodigal_300.fasta	115502	ATGGGTTCTAACGAGTACTT...	0.6510
assembly_prodigal_300.fasta	115540	ATGGAGGAGGGGAAAGGTCC...	0.7273
assembly_prodigal_300.fasta	115652	ATGTTTGAAGTGCTGTGGGC...	0.8297
assembly_prodigal_300.fasta	115668	ATGGAAACGCTAGCGTTTTT...	0.6564
assembly_prodigal_300.fasta	115695	GTGAACTGTCCCTTTACTGT...	0.6632
assembly_prodigal_300.fasta	115768	TTTGTGTCTCTCCTTCCTCC...	0.7849
assembly_prodigal_300.fasta	115804	GTGCCCGCAGTGAACAGTTT...	0.7807
assembly_prodigal_300.fasta	115868	ATGGCCGCGATAGTTTTAGC...	0.8013
assembly_prodigal_300.fasta	115874	ATGTTTAAGGACGGACCACC...	0.7422
assembly_prodigal_300.fasta	115917	ATGGTTACACGCTCATCTCC...	0.6671
assembly_prodigal_300.fasta	115995	CTTTCTTTCTCAGTCTCCTT...	0.8148
assembly_prodigal_300.fasta	116010	ATGGCTTATCAGCTTCTCTC...	0.7547
assembly_prodigal_300.fasta	116066	ATGCCATCTGAACCTCTGCT...	0.7199
assembly_prodigal_300.fasta	116266	ATGTCCTCCAGGCTCCTAGA...	0.7751
assembly_prodigal_300.fasta	116375	ATGGAGACAAACCACCCAAC...	0.7589
assembly_prodigal_300.fasta	116397	GGCCCAAGTGCTTCTCTGGT...	0.8527
assembly_prodigal_300.fasta	116429	CCTCAGGAGTTACGCCACTT...	0.7214
assembly_prodigal_300.fasta	116484	AACCGCTACGTTTCGGACGC...	0.6856
assembly_prodigal_300.fasta	116520	ATGACATTTATCAGCCATTT...	0.8176
assembly_prodigal_300.fasta	116551	ACAAACATTTATTTCTCAGT...	0.6513
assembly_prodigal_300.fasta	116597	ATGTCTGTTGAACAGGTTAC...	0.7793
assembly_prodigal_300.fasta	116709	ATGCTTCTTATTTTTTTTCT...	0.8499
assembly_prodigal_300.fasta	116739	ATGGATCGTGAATACAGACC...	0.8858
assembly_prodigal_300.fasta	116906	ATGGGGCGGAGGGGGGAAGC...	0.8109
assembly_prodigal_300.fasta	116991	GTGTCTCTGTGTGACAGCGT...	0.6658
assembly_prodigal_300.fasta	117049	ATGCACGTGTGCACAGATCT...	0.7105
assembly_prodigal_300.fasta	117064	GTGGCCTCTGCTGAGATTGG...	0.7053
assembly_prodigal_300.fasta	117070	GTAACTTTGCTTGATGAGAT...	0.8599
assembly_prodigal_300.fasta	117074	ATGTTAGAGGAGGCGCTCGT...	0.6809
assembly_prodigal_300.fasta	117075	GTGACGGGGGGATGCCTGGC...	0.8578
assembly_prodigal_300.fasta	117122	GACATGTTTCACTTTCTTCT...	0.8356
assembly_prodigal_300.fasta	117127	ATGACCCCATACCTCCTTCT...	0.8107
assembly_prodigal_300.fasta	117237	ATGGAAGTTACTACCTTTGA...	0.6573
assembly_prodigal_300.fasta	117344	ATGATACCCAGCCAACTGTC...	0.7736
assembly_prodigal_300.fasta	117575	CCTCTCCTCTCCTCTCCTCT...	0.8745
assembly_prodigal_300.fasta	117580	ACACACACACACACACACAC...	0.6578
assembly_prodigal_300.fasta	117793	ATGGTGCTACTTAATAAAGA...	0.6792
assembly_prodigal_300.fasta	117815	ATGTGCGTGCGTTACTCACC...	0.9636
assembly_prodigal_300.fasta	117840	ATGCCGATTTTTCACTTTCA...	0.6808
assembly_prodigal_300.fasta	117884	ATGATGGTTTCTGACCCGGC...	0.6521
assembly_prodigal_300.fasta	117886	ATGGTTGTCGGTGCCAGATG...	0.7388
assembly_prodigal_300.fasta	118014	GTGTCGAGTCGAGTAGGAGC...	0.8025
assembly_prodigal_300.fasta	118107	ATGACATATTTTCTTTCCCT...	0.6845
assembly_prodigal_300.fasta	118113	ATGACCTTTCTAATTCTGCT...	0.7332
assembly_prodigal_300.fasta	118174	ATGGCTGACAGCGACACAGT...	0.6715
assembly_prodigal_300.fasta	118191	CCTCTTCTCCTTTCCAACGC...	0.8970
assembly_prodigal_300.fasta	118199	ATGAGTCAGGAAGCTCCCAC...	0.6873
assembly_prodigal_300.fasta	118328	GTGGATCTGCCCATCAAGTC...	0.7848
assembly_prodigal_300.fasta	118362	GTGACCCATGGACCTCACCT...	0.6652
assembly_prodigal_300.fasta	118372	ATGCCATGGCCACCCGACAC...	0.7775
assembly_prodigal_300.fasta	118422	ATGCCAGAATTATGCAAATC...	0.7504
assembly_prodigal_300.fasta	118490	ATGGATGCCTTCATTACGGG...	0.8998
assembly_prodigal_300.fasta	118497	TTTCTTGAGGGGGGGGGGAG...	0.7021
assembly_prodigal_300.fasta	118544	GTGTGTGACCCCTCGTCTCT...	0.7497
assembly_prodigal_300.fasta	118545	AACCACTACTTTCGTAAACC...	0.7118
assembly_prodigal_300.fasta	118633	ATGGGCAAACCGTGTATATA...	0.6649
assembly_prodigal_300.fasta	118642	ATGTTCATTCATGTTTGTCT...	0.8067
assembly_prodigal_300.fasta	118669	ATGCACACAGCAGGCGAGAA...	0.7696
assembly_prodigal_300.fasta	118687	CCTTCTGTTCTAACTCCTCC...	0.9794
assembly_prodigal_300.fasta	118695	ATGTCTCTCTATGTCTCTCT...	0.9308
assembly_prodigal_300.fasta	118767	ATGCTCAAGATGGGAGTCCC...	0.7360
assembly_prodigal_300.fasta	118782	ATGAATGCCGCAGTCTCCTC...	0.8800
assembly_prodigal_300.fasta	118807	GTGCTTGCCTTTTTGGTGTC...	0.7293
assembly_prodigal_300.fasta	118824	ATGATGGCGTACGACCGCCG...	0.7855
assembly_prodigal_300.fasta	118842	ATGCTCTCCGCTCTATCAGG...	0.7903
assembly_prodigal_300.fasta	118881	ATGGACCAGACGCTGAACGG...	0.6937
assembly_prodigal_300.fasta	118887	AGTCTTCAGACCTTGACACC...	0.7291
assembly_prodigal_300.fasta	119008	ATGTTTCTCTCTTTTCCCTC...	0.7268
assembly_prodigal_300.fasta	119070	ATGCTACAACATACTGTCCC...	0.6704
assembly_prodigal_300.fasta	119132	ATGCTCGGAAAAGAAAAACG...	0.7824
assembly_prodigal_300.fasta	119145	CCCTATAAAACCTTTTTACC...	0.8679
assembly_prodigal_300.fasta	119179	GTGCACCGGCTTCTCGGCTG...	0.7264
assembly_prodigal_300.fasta	119212	ATGAGGTTAATCACTGCACA...	0.7918
assembly_prodigal_300.fasta	119314	ATGGCAGCTCTTCTGTTCCA...	0.6921
assembly_prodigal_300.fasta	119330	ATGTTGGGCCTTACTGATCA...	0.6774
assembly_prodigal_300.fasta	119369	ATGGGATTTGATCACTTGAC...	0.6615
assembly_prodigal_300.fasta	119486	ATGTTCTCTGCAGAGCTTGA...	0.7847
assembly_prodigal_300.fasta	119520	ATGTGCTGCTACAGTAACTA...	0.8464
assembly_prodigal_300.fasta	119553	ATGCTAGTGAACATGGGCAA...	0.6735
assembly_prodigal_300.fasta	119586	ATGCCTCCTACTGGTCCCGG...	0.8165
assembly_prodigal_300.fasta	119610	ATGGCAGGAATTGACCAAAT...	0.7302
assembly_prodigal_300.fasta	119647	ATGATTTGCTTCTTCCAAAA...	0.8255
assembly_prodigal_300.fasta	119725	ATGTCTATCCGACTCGGGGG...	0.6852
assembly_prodigal_300.fasta	119811	ATGGGAGACTTCATACTAAC...	0.7085
assembly_prodigal_300.fasta	119870	GTGTCTGCATCTCCTCCAAC...	0.8177
assembly_prodigal_300.fasta	119873	ATGGCACTCCCGGTACTTGT...	0.6506
assembly_prodigal_300.fasta	119980	ATGAGAGCTGCTGCACGCTG...	0.9382
assembly_prodigal_300.fasta	119989	ACACACACACACACACACAC...	0.6775
assembly_prodigal_300.fasta	120067	ATGCACTGTATGTATTTCCT...	0.7335
assembly_prodigal_300.fasta	120083	ATGTGTGTGACCCCCCTCTC...	0.8027
assembly_prodigal_300.fasta	120126	TTTCACTTTCAATCTTGTTC...	0.6773
assembly_prodigal_300.fasta	120140	TCTCTCTCTCTCTCTCTCTC...	0.8555
assembly_prodigal_300.fasta	120157	ATGCGCAACAACAACGTCCA...	0.7163
assembly_prodigal_300.fasta	120182	GTGAAGCAGCGGTTCTTTGT...	0.7012
assembly_prodigal_300.fasta	120212	ATGATTCAAAGACAACCATT...	0.6981
assembly_prodigal_300.fasta	120230	CCAATCCAGCGTCGATCCGT...	0.7119
assembly_prodigal_300.fasta	120326	AGCATTACTGTTCCCTTGCC...	0.7535
assembly_prodigal_300.fasta	120330	ATGACTGAAAAGACTAGAAT...	0.7353
assembly_prodigal_300.fasta	120376	ATGGTCTCTGCCAGCCCTGT...	0.6714
assembly_prodigal_300.fasta	120404	ATGCTGATTCTGCATTTAAT...	0.9101
assembly_prodigal_300.fasta	120444	ATGGTTGTGGGGCTCTTCTG...	0.6511
assembly_prodigal_300.fasta	120448	ATGGACAACGTAGATGTCTT...	0.8859
assembly_prodigal_300.fasta	120454	GTAGTCACCCAAATTAAGCC...	0.6613
assembly_prodigal_300.fasta	120516	CCCTCCCCCGTCCTCACCCT...	0.7143
assembly_prodigal_300.fasta	120562	GTGGAGCTTGAAGCTGTGGA...	0.7693
assembly_prodigal_300.fasta	120575	ATGGACATGACAACAAATGC...	0.6750
assembly_prodigal_300.fasta	120608	ATGACATTTCTATTGTTCGA...	0.6863
assembly_prodigal_300.fasta	120611	GTGCTTTCGGTCATGGAGAT...	0.7111
assembly_prodigal_300.fasta	120618	ATGGCTGGATACTATTATAA...	0.8792
assembly_prodigal_300.fasta	120627	ATGAATAAAACAAATAAACC...	0.7047
assembly_prodigal_300.fasta	120653	TTCCTCCTCGTCCTCCTCTC...	0.7085
assembly_prodigal_300.fasta	120711	TTCCTCCCCCTGCTGGCGAC...	0.7830
assembly_prodigal_300.fasta	120726	GTGTGTGTGTGTGTGTGTGT...	0.6939
assembly_prodigal_300.fasta	120736	ATGAATGCAGGTGATGTGCT...	0.6541
assembly_prodigal_300.fasta	120769	ATGTGTCTGTGTGATTACCC...	0.9216
assembly_prodigal_300.fasta	120775	TCTACACTTTTTGTTTCCTT...	0.7381
assembly_prodigal_300.fasta	120835	ATGGCGGCGCCCCCTCACCC...	0.7788
assembly_prodigal_300.fasta	120856	ATGAAACTGTACCGGAATGA...	0.6663
assembly_prodigal_300.fasta	120888	ATGGTCTCCTGTGTCCCTCA...	0.7203
assembly_prodigal_300.fasta	121021	TTAGCGAGTGTTTTAACTGC...	0.6936
assembly_prodigal_300.fasta	121044	ATGCCACCCCAACTTATCTC...	0.6652
assembly_prodigal_300.fasta	121056	TTGAGCCGAGCCCTCAACCC...	0.8985
assembly_prodigal_300.fasta	121083	GTGCTTCCTTTTGCTCATAC...	0.6565
assembly_prodigal_300.fasta	121086	GCCTGCTTCCCCCTTACCTC...	0.7288
assembly_prodigal_300.fasta	121159	ATGCCCACTGTCAATAAGCC...	0.6750
assembly_prodigal_300.fasta	121171	GTGTGTGTCTATGTGTTTGC...	0.7184
assembly_prodigal_300.fasta	121184	ATGTTACCTAATTGTAATTT...	0.7981
assembly_prodigal_300.fasta	121189	ATGCTAACCATTCGCTTCTG...	0.9537
assembly_prodigal_300.fasta	121209	ATGTCATCCCCTTTTCCTTG...	0.7296
assembly_prodigal_300.fasta	121246	TCAGATAGATTGTACTGTTG...	0.7557
assembly_prodigal_300.fasta	121409	ATGTATCGCTCACCCTCTTC...	0.7942
assembly_prodigal_300.fasta	121459	ATGCATTTTTATTGTATAAC...	0.7280
assembly_prodigal_300.fasta	121536	GACTTTGCAGTTCCGGCTAC...	0.6509
assembly_prodigal_300.fasta	121541	GTGTCTCTGCAGGTTCTGGT...	0.6566
assembly_prodigal_300.fasta	121542	GTGGCGTTCCAGTTCCAGGA...	0.6620
assembly_prodigal_300.fasta	121547	ATGCAGAAACATCAGGATAT...	0.6877
assembly_prodigal_300.fasta	121628	ATGTTGTTTCTTCTTCTTCT...	0.6507
assembly_prodigal_300.fasta	121722	ATGTCCTTCTTCCCTCCCCG...	0.6668
assembly_prodigal_300.fasta	121741	GTGCGTGGTTTTATGCTTTA...	0.8925
assembly_prodigal_300.fasta	121854	ATGGTGAAAGCCGTGACTGT...	0.7391
assembly_prodigal_300.fasta	121865	ATGTGTTTAGTGGTTAACTT...	0.6994
assembly_prodigal_300.fasta	121876	ATGCTGCATATTGCCCTTCC...	0.7100
assembly_prodigal_300.fasta	121943	ATGAGGTCCAGTTTTGATCT...	0.6706
assembly_prodigal_300.fasta	121971	ATGTTTGCCAATTTAACAGA...	0.7318
assembly_prodigal_300.fasta	122000	ATGAGCAGTACCTCCCTCCC...	0.8202
assembly_prodigal_300.fasta	122017	GTGTTGAGTATTCGGGATGT...	0.7891
assembly_prodigal_300.fasta	122092	GAGCCGATTAAGGATAACCT...	0.6894
assembly_prodigal_300.fasta	122141	ATGCGTCGCTGCTGGACTGC...	0.7119
assembly_prodigal_300.fasta	122149	ATGTTGGTCTTTTATTTAAC...	0.6948
assembly_prodigal_300.fasta	122150	ATGCCACCCCGAGCCCCCCA...	0.9357
assembly_prodigal_300.fasta	122285	CTACTCAGCACTACCTGCAC...	0.9122
assembly_prodigal_300.fasta	122293	ATGTTTCTTCTTCTTCTTCT...	0.7816
assembly_prodigal_300.fasta	122323	ATGGTGTTATTTACAGATGG...	0.6851
assembly_prodigal_300.fasta	122436	ATGATAAATGGAGATACAGC...	0.6920
assembly_prodigal_300.fasta	122439	TTCTTCTTCTTCTTCTTCTT...	0.8184
assembly_prodigal_300.fasta	122445	ATGGATGTTCGTGTGTCAGC...	0.6652
assembly_prodigal_300.fasta	122533	ATGCGCTTCATCGTTTTTCC...	0.6655
assembly_prodigal_300.fasta	122534	ATGACCTCCCTCAACGCCCG...	0.8032
assembly_prodigal_300.fasta	122546	ATGTTCATTAATGAGCCAGT...	0.6817
assembly_prodigal_300.fasta	122547	TTAACTACAGCCGTCACAGA...	0.6656
assembly_prodigal_300.fasta	122590	ATGTTTTTCAGCCCGTGTTT...	0.8578
assembly_prodigal_300.fasta	122623	ATGGATGAATCGAAGTGGGT...	0.9081
assembly_prodigal_300.fasta	122632	ATGTGTTACAGACAAACTCG...	0.6572
assembly_prodigal_300.fasta	122662	ATGAAGCTTTCTCACTGTTT...	0.6511
assembly_prodigal_300.fasta	122668	ATGTGTCTGCCTCTCATACA...	0.7556
assembly_prodigal_300.fasta	122735	GTGGATCGCCTGGCTATGGC...	0.7334
assembly_prodigal_300.fasta	122745	CTCCTTCTCCTCCTCCTTCT...	0.8656
assembly_prodigal_300.fasta	122783	GTGCGCCTTGCTGCTGCCGC...	0.7132
assembly_prodigal_300.fasta	122835	CAGTATATCTGTGTCTTCAG...	0.6820
assembly_prodigal_300.fasta	122869	TTGGGACCTGCACAGGACCC...	0.8817
assembly_prodigal_300.fasta	122871	ATGTTGATCAACCTGACACA...	0.7995
assembly_prodigal_300.fasta	122880	ATGCAACGAATCCGTCATCC...	0.6888
assembly_prodigal_300.fasta	122888	CTTTTCCTTGTCACTAACCT...	0.6965
assembly_prodigal_300.fasta	122909	CTCTCTCTCTCTCTCTCTCT...	0.9069
assembly_prodigal_300.fasta	122914	GACACGAACACACACAAGCA...	0.6924
assembly_prodigal_300.fasta	122993	ATGGTGATTGTTACACTTAC...	0.7396
assembly_prodigal_300.fasta	123138	GTGTTTCCCAACTACCTTAT...	0.7456
assembly_prodigal_300.fasta	123143	ATGTGGTACGAGGCGCTCGC...	0.6849
assembly_prodigal_300.fasta	123148	TTTGTTATCGTTTTCTCGCC...	0.9965
assembly_prodigal_300.fasta	123161	CTGCTTCTCAGTCTTGAACC...	0.8815
assembly_prodigal_300.fasta	123184	GGAATTGTTAAAGTTCCTCA...	0.6737
assembly_prodigal_300.fasta	123264	ATGTCAAACATCAATCTTCT...	0.7257
assembly_prodigal_300.fasta	123276	ATGAATGATGTATTTTCCTC...	0.8765
assembly_prodigal_300.fasta	123364	ATGACGACTTTTTACAGCGT...	0.6955
assembly_prodigal_300.fasta	123388	GTGTTGCTGGCATTTTTGCC...	0.8793
assembly_prodigal_300.fasta	123389	ATGATGTTTATTACACTGCT...	0.7443
assembly_prodigal_300.fasta	123416	GTGGACCTGTGTGTCTGTTG...	0.6936
assembly_prodigal_300.fasta	123441	ATGGGGGAGTGCATACGCTC...	0.6822
assembly_prodigal_300.fasta	123446	CTCAATCTCTCTCTCGCCCT...	0.8072
assembly_prodigal_300.fasta	123500	CTTCTTCTCAGACTCAGAAC...	0.6737
assembly_prodigal_300.fasta	123507	ATGCCCCTCATTGTGTTTGA...	0.6943
assembly_prodigal_300.fasta	123549	GTGATTTCTGTTGTATTCAG...	0.6672
assembly_prodigal_300.fasta	123563	ATGATGTTACTATCTTCTAT...	0.9696
assembly_prodigal_300.fasta	123598	ATGCATTATGCAACAATTAC...	0.7924
assembly_prodigal_300.fasta	123622	ATGCTGTTAACCCTTTCATC...	0.7465
assembly_prodigal_300.fasta	123701	ATGTTGTTCACTGTGGAGAA...	0.7085
assembly_prodigal_300.fasta	123734	ATGCACACACACAACTTCCT...	0.8581
assembly_prodigal_300.fasta	123749	ATGCTGCCTTTTTTTCCCCT...	0.7776
assembly_prodigal_300.fasta	123755	ATGTCTGTCGTTTTTCACCT...	0.9500
assembly_prodigal_300.fasta	123783	ATGACATTACTATCGCAGAC...	0.7544
assembly_prodigal_300.fasta	123822	ATGTGCCAGATGACGCGGGA...	0.8730
assembly_prodigal_300.fasta	123891	TCTCTTCTTCTTCTCTTCAT...	0.7065
assembly_prodigal_300.fasta	123938	GTGGAACGTGATGAGCGTGT...	0.7603
assembly_prodigal_300.fasta	123975	CTTCTCTCTCTCTTTCTTTC...	0.6589
assembly_prodigal_300.fasta	124002	ATGTTCTATATGTTCTATAT...	0.6736
assembly_prodigal_300.fasta	124072	ATGGTTTCCGAGGAGTTGTT...	0.6666
assembly_prodigal_300.fasta	124111	ATGCCTTCTTCAACTCTTGC...	0.8615
assembly_prodigal_300.fasta	124132	ATGGCGCATTTCCACTACAT...	0.6557
assembly_prodigal_300.fasta	124207	ATCATCATCATCATCATCAT...	0.6809
assembly_prodigal_300.fasta	124232	ATGTCGGTCACAGAACCCCC...	0.6826
assembly_prodigal_300.fasta	124238	CATCACCAACAGTCAATGGA...	0.7081
assembly_prodigal_300.fasta	124242	ATGAGAACCGGAGACATCTG...	0.6572
assembly_prodigal_300.fasta	124257	ATGTTAATGAGTGTTTTTCG...	0.6935
assembly_prodigal_300.fasta	124285	GTGGGATATCCCGCGGGCTC...	0.7109
assembly_prodigal_300.fasta	124364	TCTGTCTGTCTGTCTCTGCA...	0.6572
assembly_prodigal_300.fasta	124405	GTGACTCCAAAACATTCAGC...	0.9342
assembly_prodigal_300.fasta	124415	GTGCAGACTTCTTATCCTCC...	0.7487
assembly_prodigal_300.fasta	124544	ATGATTGTAATGGTAATAAT...	0.6984
assembly_prodigal_300.fasta	124596	ATGATGGAGTTCATGTCTGT...	0.6683
assembly_prodigal_300.fasta	124599	TCATCCTCTCCTCTCCTCTC...	0.8136
assembly_prodigal_300.fasta	124604	ATGTCAATCCATTCACTGCT...	0.8269
assembly_prodigal_300.fasta	124605	CTGTCAATTACTGATGCCAG...	0.7368
assembly_prodigal_300.fasta	124712	AAAGTTACTGCCAGGCTCTG...	0.7124
assembly_prodigal_300.fasta	124754	ATGAACCCAGCGCACGCCCA...	0.6662
assembly_prodigal_300.fasta	124756	ATGATTCAACTTCAACATCA...	0.6734
assembly_prodigal_300.fasta	124767	GTAGCATCTTACTTCTTCCT...	0.6643
assembly_prodigal_300.fasta	124784	GTGTTTCTGTCCTGCAGCAA...	0.7692
assembly_prodigal_300.fasta	124791	TTAATGCATATTACTAACTT...	0.9003
assembly_prodigal_300.fasta	124833	TTCAACCCTAGCTTCTTGGC...	0.7071
assembly_prodigal_300.fasta	124837	TCTCTCTCTCTCTCTCTCTC...	0.7887
assembly_prodigal_300.fasta	124859	ATGAATGTCGTGTTGAAAAA...	0.9620
assembly_prodigal_300.fasta	124874	GTGGATCCTTCCTCCAGTCT...	0.7433
assembly_prodigal_300.fasta	124913	ATGCTTCCAATACTTGAACT...	0.6844
assembly_prodigal_300.fasta	124968	ATGGACTCGTCTGGTCGGGT...	0.8086
assembly_prodigal_300.fasta	125018	CTCATCTTGTGTAATTTGAT...	0.7072
assembly_prodigal_300.fasta	125058	ATGCAGCAAAGGCAAGGTAT...	0.7392
assembly_prodigal_300.fasta	125078	GACTTTAACCACGCCCCTCC...	0.8038
assembly_prodigal_300.fasta	125088	GTGTTTGTGGTTAAGCTAGA...	0.8537
assembly_prodigal_300.fasta	125177	GTGTCTGGCACTAGTATTCC...	0.7122
assembly_prodigal_300.fasta	125222	ATGTTCTTTGTCCTCACAGT...	0.6891
assembly_prodigal_300.fasta	125263	ATGTTTCATCTGCGTTTCTC...	0.7571
assembly_prodigal_300.fasta	125331	ATGGCATGTAGCTTATTGTG...	0.6635
assembly_prodigal_300.fasta	125380	ATGAAAAAGGTGCAACTCAT...	0.6615
assembly_prodigal_300.fasta	125436	ATGAAGGACAGTGCAGGCTT...	0.7097
assembly_prodigal_300.fasta	125524	CGTTTCCCGTCTCTAGATAA...	0.8797
assembly_prodigal_300.fasta	125636	CAAACCACCAGACTGGAAAC...	0.6900
assembly_prodigal_300.fasta	125646	TTGCTTTTTCTTTCTTTTTC...	0.7317
assembly_prodigal_300.fasta	125665	ATGCTGGAGGAGGCAGGCTT...	0.9634
assembly_prodigal_300.fasta	125681	ATGACCCCGAATGACAGGAG...	0.7169
assembly_prodigal_300.fasta	125691	ATGATCGATTTACTTACTTT...	0.6883
assembly_prodigal_300.fasta	125716	ATGTGTTACGATGTGCATGA...	0.7928
assembly_prodigal_300.fasta	125738	ATGAAATCCCCGACATCACT...	0.7079
assembly_prodigal_300.fasta	125763	CACGCTCTCTCTTCCTGTTC...	0.6667
assembly_prodigal_300.fasta	125784	GTGTGTGTGTGTGTGTGTGT...	0.6656
assembly_prodigal_300.fasta	125823	TCCGATCTGTTAGCATTAAC...	0.8654
assembly_prodigal_300.fasta	125860	GTGGTGGTGCCACCTATTTC...	0.8366
assembly_prodigal_300.fasta	125891	ATGTTCTCCTACCTGTCAGT...	0.7096
assembly_prodigal_300.fasta	125929	ATGATATTGGTGTTGTGGGG...	0.6780
assembly_prodigal_300.fasta	125979	ATGGAAGAACATCTTTCTTC...	0.7415
assembly_prodigal_300.fasta	125997	ATGAGACCAGAACCAGGATC...	0.7170
assembly_prodigal_300.fasta	126011	GTGTTTCATCTTATTGCTCA...	0.6750
assembly_prodigal_300.fasta	126092	ATGCTTTCGGGAAACCCACC...	0.6515
assembly_prodigal_300.fasta	126189	CCTGTTATCACATATTTTTT...	0.7809
assembly_prodigal_300.fasta	126212	ATGGGCACCTCCCTCGCAGC...	0.7242
assembly_prodigal_300.fasta	126274	ATGAGTGGGAGTGTAGCCCG...	0.8258
assembly_prodigal_300.fasta	126324	ATGTCTGCAAGCACAACCAC...	0.7013
assembly_prodigal_300.fasta	126363	ATGAACTCTAGCTTTGTTAT...	0.7176
assembly_prodigal_300.fasta	126410	ATGAAATGGTATTATGCTGG...	0.6963
assembly_prodigal_300.fasta	126553	GCACCAGCTCTTCAAAAGAA...	0.8638
assembly_prodigal_300.fasta	126569	GTATTTAAGTTTATTCATGT...	0.9257
assembly_prodigal_300.fasta	126582	ATGGTAACCATGGTGATCCA...	0.6601
assembly_prodigal_300.fasta	126724	ATTAAATTAAAAAGTCTCTC...	0.8653
assembly_prodigal_300.fasta	126763	ATGTCCGTATCAGGATGTGT...	0.6502
assembly_prodigal_300.fasta	126804	CAATTGGCAGAAGAAAATAT...	0.7421
assembly_prodigal_300.fasta	126838	ATGCCTGTCATTTTGAACCT...	0.6722
assembly_prodigal_300.fasta	126875	ATGGTCACCTCCTCATTTAT...	0.7658
assembly_prodigal_300.fasta	126914	ATGATTATTGTTTTTACAGT...	0.6851
assembly_prodigal_300.fasta	126955	ATGATGTGTAAAATAGACAG...	0.6613
assembly_prodigal_300.fasta	127010	CTTTGCAACTCGTCCAACAC...	0.6535
assembly_prodigal_300.fasta	127018	ATGTTTGCAGTTTTAAAAAG...	0.7097
assembly_prodigal_300.fasta	127158	CTATTGCTTGTTAATGTTAA...	0.6564
assembly_prodigal_300.fasta	127396	CTTTATGTGTGTGTTTGTAC...	0.6669
assembly_prodigal_300.fasta	127402	CTCTCTCTCTCTCTCTCTCT...	0.9203
assembly_prodigal_300.fasta	127454	GTGGTTCATGACAGTGGACC...	0.6567
assembly_prodigal_300.fasta	127481	ATGACCAAATCTGATTTCAG...	0.6856
assembly_prodigal_300.fasta	127516	ATGGATGGTGGATTCTGTGC...	0.9475
assembly_prodigal_300.fasta	127560	ATGCTGCAGGAGGCACACTT...	0.6850
assembly_prodigal_300.fasta	127596	GACCGCCGCAGCGTAGAAAA...	0.7169
assembly_prodigal_300.fasta	127603	ATGTCCAGACCACTGATCTG...	0.7300
assembly_prodigal_300.fasta	127606	GTTGTTTACATTGCACTGAA...	0.6883
assembly_prodigal_300.fasta	127656	ATGTACCTCTTCCCCTTAGT...	0.7009
assembly_prodigal_300.fasta	127722	CGTCACATATTTGTAATATT...	0.7826
assembly_prodigal_300.fasta	127726	ATGCAGCACCTTCCCTCAGG...	0.6566
assembly_prodigal_300.fasta	127806	AAGCCTACCCTGGACCCAGA...	0.7274
assembly_prodigal_300.fasta	127857	ATGTCAGTGAAAGACGCCTC...	0.6537
assembly_prodigal_300.fasta	127859	ATGTCTTCTCAACTTATGGG...	0.7728
assembly_prodigal_300.fasta	127983	ATGCAGGAGAAACATGAGAA...	0.6618
assembly_prodigal_300.fasta	127984	ATGCTGCTCCTTGGTTCGAC...	0.6819
assembly_prodigal_300.fasta	128021	GTCCACCTGTACCCTCCTGA...	0.7136
assembly_prodigal_300.fasta	128056	ATGATTCTGGTTTTATTGGC...	0.8010
assembly_prodigal_300.fasta	128061	ATGGGTATATTTGCTCAAAA...	0.7033
assembly_prodigal_300.fasta	128070	ATGGAGCGAGCCGACCTGCC...	0.6525
assembly_prodigal_300.fasta	128072	CCTGCTGATGTATTGGGAGT...	0.6798
assembly_prodigal_300.fasta	128126	TTTTCCTCTGCCTTGCTCTA...	0.6560
assembly_prodigal_300.fasta	128152	GTGTTAGGCCTGCAGATCCT...	0.8071
assembly_prodigal_300.fasta	128165	GTGTCCACAGATCTCACCTC...	0.9273
assembly_prodigal_300.fasta	128175	ATGCTTCATTTTCGCGTTGC...	0.6546
assembly_prodigal_300.fasta	128226	TCTGCAGAGCTGAGTGGCTA...	0.7555
assembly_prodigal_300.fasta	128248	ATGTCGATCTACCTGCCATC...	0.8013
assembly_prodigal_300.fasta	128418	ATGTCTCCTTTAATGTGCAC...	0.7740
assembly_prodigal_300.fasta	128436	ACCTTCAGTCCTGCCGTTCA...	0.6800
assembly_prodigal_300.fasta	128440	ATGAATATATGTATATGTCA...	0.7988
assembly_prodigal_300.fasta	128478	GTACACAATATCCTGAAAAA...	0.6509
assembly_prodigal_300.fasta	128486	ATGAGAACTTTTCAAATCCA...	0.7031
assembly_prodigal_300.fasta	128493	ATGATAGTCTGTGAAATACT...	0.6885
assembly_prodigal_300.fasta	128497	AATCTTCTTCTAATCGTCTG...	0.6715
assembly_prodigal_300.fasta	128526	ATGGTGATCGGGGAGGTTCT...	0.8845
assembly_prodigal_300.fasta	128544	ATGGGGTACATGTACATGGG...	0.8773
assembly_prodigal_300.fasta	128557	ATGTACCTCGTCCGTGAACA...	0.7187
assembly_prodigal_300.fasta	128589	ATGGAAAAAAGCAGGTTTCA...	0.7015
assembly_prodigal_300.fasta	128609	TGTTTCCGTGCCTCTCCTTC...	0.6937
assembly_prodigal_300.fasta	128663	GTGTTGTCTGGCGATGACCT...	0.7114
assembly_prodigal_300.fasta	128749	GTGTGTGTGTGTGTGTGTGT...	0.8556
assembly_prodigal_300.fasta	128764	ATGATAACGGCGTTTTTTTC...	0.6729
assembly_prodigal_300.fasta	128794	ATGCTCTTTGATTCTGCCAT...	0.6907
assembly_prodigal_300.fasta	128795	ATGTGTAATCTGTCATCTCT...	0.7226
assembly_prodigal_300.fasta	128805	ATGCTATCACGTTACTATCA...	0.7085
assembly_prodigal_300.fasta	128810	TTCTCCCTTTATGCCTTTCA...	0.6687
assembly_prodigal_300.fasta	128853	GTGGAGTCATGTGACGTGAT...	0.6801
assembly_prodigal_300.fasta	128891	TATTTCAACCTCAGGTTACC...	0.6517
assembly_prodigal_300.fasta	128945	TCTCTCTCTCTCTCTCTCTC...	0.9323
assembly_prodigal_300.fasta	128977	GCCTACCCTATGCAAGCACT...	0.7129
assembly_prodigal_300.fasta	128987	ATGGTCTGGTGGGCTTTTGG...	0.7225
assembly_prodigal_300.fasta	129014	ATGCAGCTGGCTTTGGCCCT...	0.6691
assembly_prodigal_300.fasta	129030	ATGCACCGTTGTATTTGTAT...	0.6556
assembly_prodigal_300.fasta	129078	ATGTTCATCTCTCCTCTCAG...	0.6784
assembly_prodigal_300.fasta	129092	GTTGTATGTGTATTGTTCGT...	0.7952
assembly_prodigal_300.fasta	129096	ATGCCTGCTTTCTTAACTCA...	0.7168
assembly_prodigal_300.fasta	129161	CCTCTCTTCTCTCCTCCTGC...	0.6928
assembly_prodigal_300.fasta	129174	ATGTATTCATACTGCCTCTC...	0.8230
assembly_prodigal_300.fasta	129275	GCTTTTCTAGAAATACCACT...	0.7062
assembly_prodigal_300.fasta	129290	ATGAAAAGTAACTCACCTTG...	0.7488
assembly_prodigal_300.fasta	129293	GGGCCTGTTTTCTTGGCAGT...	0.7968
assembly_prodigal_300.fasta	129296	ATGGTAGTGTACGCAAATAA...	0.6603
assembly_prodigal_300.fasta	129321	ATGACTCTCAAAGACCGAAT...	0.6650
assembly_prodigal_300.fasta	129385	ATGTCAGTTATTCAGCTCCC...	0.7349
assembly_prodigal_300.fasta	129406	ATGTACGTTTGTGTGTGTGT...	0.8151
assembly_prodigal_300.fasta	129454	ATGAAACAACAGTCTGGGTC...	0.7197
assembly_prodigal_300.fasta	129455	ATGCTGCAGCTGGAACCAGA...	0.6532
assembly_prodigal_300.fasta	129467	ATGTACCTTATTGAGCTCGT...	0.6944
assembly_prodigal_300.fasta	129491	GCCATATTTAAACATTTACA...	0.6668
assembly_prodigal_300.fasta	129621	ATGAATCGTCCGTCTCGTCT...	0.8347
assembly_prodigal_300.fasta	129649	ATGTGTTTGGCCTGCCACTG...	0.8216
assembly_prodigal_300.fasta	129652	TCATTTTTGTCCTTTTCTCT...	0.8330
assembly_prodigal_300.fasta	129693	ATGAGTCAGCCGGAGTTCCG...	0.8206
assembly_prodigal_300.fasta	129702	GTGCTGTTTAGTCTCAGTGA...	0.7373
assembly_prodigal_300.fasta	129721	ATGCCTTTTTTAAATTTTTT...	0.7630
assembly_prodigal_300.fasta	129871	GTGCTGGACTCTGGTGATGG...	0.6962
assembly_prodigal_300.fasta	129878	ATGGCGGCTGCTGTCCGCCT...	0.6630
assembly_prodigal_300.fasta	129902	ATGGCAGCTTGCATCTTGCT...	0.8397
assembly_prodigal_300.fasta	129907	TTAGTGGATCTTTATGTTCA...	0.6821
assembly_prodigal_300.fasta	129927	ATGTTAATCGAACTGAAATA...	0.7779
assembly_prodigal_300.fasta	129958	ACACCCGAACTACACCTAAA...	0.6755
assembly_prodigal_300.fasta	129965	CAGGTCAGTAACGGACACAT...	0.6947
assembly_prodigal_300.fasta	129989	ATGAGCATGACAGAGCCTCA...	0.6978
assembly_prodigal_300.fasta	130090	ATGTTCCCTGTTATATGTTC...	0.7374
assembly_prodigal_300.fasta	130095	ATGATTCCAACTTTCCTCAT...	0.6529
assembly_prodigal_300.fasta	130169	ATGCCAAGTGTTCTCTATAT...	0.6669
assembly_prodigal_300.fasta	130207	ATGCTCATTTATTCAATCAA...	0.6599
assembly_prodigal_300.fasta	130239	ATGACAGGGCCGGTGGTTGT...	0.7448
assembly_prodigal_300.fasta	130359	ATGCTGTCTGGGCCGGCAGT...	0.6703
assembly_prodigal_300.fasta	130383	ATGGCTGCTACATCTATATG...	0.8569
assembly_prodigal_300.fasta	130410	GTCAACATCCAAGTCATAAT...	0.6950
assembly_prodigal_300.fasta	130435	ATGGAATATGTCCATGGTCT...	0.8028
assembly_prodigal_300.fasta	130477	ATGTATGCGCTGACATTTAA...	0.7050
assembly_prodigal_300.fasta	130570	GTTCGCGGGCACCCTGGTGT...	0.7938
assembly_prodigal_300.fasta	130650	TGTTTTTTTTATCTTCTGCA...	0.9434
assembly_prodigal_300.fasta	130664	ATGCAAATAGGAGGAAACAG...	0.6709
assembly_prodigal_300.fasta	130686	ATGATAGGGATTTATCTCCA...	0.7885
assembly_prodigal_300.fasta	130772	ATGGATGTTAAACGATGTAT...	0.7001
assembly_prodigal_300.fasta	131081	ATGTGAGACGACATTAGAGG...	0.7703
assembly_prodigal_300.fasta	131254	ATGGAGAATAATGCTGTGTT...	0.7033
assembly_prodigal_300.fasta	131293	ATGTGTTGCATCATGGTTTT...	0.6621
assembly_prodigal_300.fasta	131329	ACCTTCCCTTCTGACCACGA...	0.6525
assembly_prodigal_300.fasta	131382	ACCTTTGTGGGTTTTTCTTT...	0.7514
assembly_prodigal_300.fasta	131386	CAACTGGCCACTGATAGCGT...	0.8847
assembly_prodigal_300.fasta	131542	ATGAGTGTGATCTTTGAAAA...	0.8330
assembly_prodigal_300.fasta	131598	TTGCCCCCCCTCCATGCTCC...	0.7554
assembly_prodigal_300.fasta	131608	GGTGCGTTTGATTTAACCAT...	0.6939
assembly_prodigal_300.fasta	131609	ATGGCACATCTTGATTTGCT...	0.6513
assembly_prodigal_300.fasta	131633	ATGCACTGGTGTGGGTGTGT...	0.7067
assembly_prodigal_300.fasta	131747	ATGTCCGTAGTGGCCAACAC...	0.8888
assembly_prodigal_300.fasta	131755	ATGGTCCCCCTGGCCCACAC...	0.6842
assembly_prodigal_300.fasta	131801	TTGCACTTCAGGACTGGTCC...	0.6802
assembly_prodigal_300.fasta	131862	TTACTGGTTTCTATACTGGA...	0.7476
assembly_prodigal_300.fasta	131925	ATGGTCGGACAGTGCTCCCG...	0.8097
assembly_prodigal_300.fasta	131950	ACCAAAAGAGGCCTGCCGAT...	0.7123
assembly_prodigal_300.fasta	132016	TTGCCGACTCTCTATCAGTC...	0.8729
assembly_prodigal_300.fasta	132017	GTGTGTGCGCTCACACACAC...	0.7196
assembly_prodigal_300.fasta	132027	ATGACGGAGGACAAATACGA...	0.8108
assembly_prodigal_300.fasta	132060	TTGTTCTTTTTTGCCATAGA...	0.6765
assembly_prodigal_300.fasta	132078	ATGTGGACAGACGGCTGCAA...	0.6512
assembly_prodigal_300.fasta	132086	ACACACACACAAACACACAC...	0.8038
assembly_prodigal_300.fasta	132142	TATGTGTGTTATGTTTTATT...	0.7288
assembly_prodigal_300.fasta	132196	ATGTTCCTCTGTAGCTTCGG...	0.6845
assembly_prodigal_300.fasta	132256	ATGACCATTGGCACCGTAGC...	0.6558
assembly_prodigal_300.fasta	132332	ATGTCTGTCCCGATCGTCCC...	0.7556
assembly_prodigal_300.fasta	132361	ATGCTACTCATCAGATACAA...	0.7372
assembly_prodigal_300.fasta	132469	GTGGTGGTGGAGGCTTTACA...	0.7995
assembly_prodigal_300.fasta	132484	ATGGCAACAATGTTGCAGAC...	0.6831
assembly_prodigal_300.fasta	132526	TTATTTGAATGGTTGAGCTG...	0.6710
assembly_prodigal_300.fasta	132555	ATGTTAATCCCTCCATCTGC...	0.6587
assembly_prodigal_300.fasta	132587	CTCTCTAATCTCCGCAATTT...	0.7191
assembly_prodigal_300.fasta	132684	TTGGCTGACAGTTTGATTGA...	0.6921
assembly_prodigal_300.fasta	132717	ATGTGTCTTTTTATATTTGC...	0.6549
assembly_prodigal_300.fasta	132726	TCTGGCGTCTGGGCGGAGCT...	0.7085
assembly_prodigal_300.fasta	132754	GAGGAAAGCGTGCCTGAGCG...	0.7306
assembly_prodigal_300.fasta	132768	ATGGGCTTCAATACCGCACA...	0.7620
assembly_prodigal_300.fasta	132781	ATGGGAGTGACTCAGAGAAC...	0.8147
assembly_prodigal_300.fasta	132796	ATGATCTCTTTTCCTCTCTT...	0.6978
assembly_prodigal_300.fasta	132837	ATGCAAAGTGTGTATTTTGT...	0.7356
assembly_prodigal_300.fasta	132857	GAAGAAAAATATAACCCTCA...	0.6883
assembly_prodigal_300.fasta	132870	GTGATTGGACGATGTGAAGC...	0.8162
assembly_prodigal_300.fasta	132895	ATGGTTGCTCTCGCTTTCTC...	0.9180
assembly_prodigal_300.fasta	132911	ATGTTCACTTTGCTCTTTGA...	0.8005
assembly_prodigal_300.fasta	132937	GTTTCTCATACTGAGAGAAA...	0.8308
assembly_prodigal_300.fasta	133065	ATGCAATATGGTGATGACAT...	0.7028
assembly_prodigal_300.fasta	133072	ATGCAAAACCTCTTTGAACA...	0.6768
assembly_prodigal_300.fasta	133149	ATGTCATGTTTAGATAAACG...	0.7664
assembly_prodigal_300.fasta	133159	GTGACCCTTCCTGTTGTGGC...	0.9806
assembly_prodigal_300.fasta	133269	GTGTGTGTGTGTGTGTGTGT...	0.9807
assembly_prodigal_300.fasta	133291	ATGTACATGGCGGTGAAGAA...	0.8183
assembly_prodigal_300.fasta	133294	ATGTCGAGTGGAGACATGCT...	0.8801
assembly_prodigal_300.fasta	133311	GTGGATGTAATTGTTGTTGC...	0.7134
assembly_prodigal_300.fasta	133383	ATGATGGGTGATGTTACCTG...	0.7330
assembly_prodigal_300.fasta	133489	ACCGTTTCCTCTGCTCCGCT...	0.7518
assembly_prodigal_300.fasta	133510	TCAAACATCTACTTCCTGCA...	0.7434
assembly_prodigal_300.fasta	133588	TTGCATACTTTCTATTCATC...	0.8745
assembly_prodigal_300.fasta	133680	AGTCACCAAGTTTCTACTGG...	0.6899
assembly_prodigal_300.fasta	133682	ATGCTAAGCAGCCCGACGGG...	0.8156
assembly_prodigal_300.fasta	133696	ATGAACACTTTCTCTCTCTC...	0.7565
assembly_prodigal_300.fasta	133715	ACTGTGTGGTCCCATAACTT...	0.6837
assembly_prodigal_300.fasta	133720	ATGGGTGTGAGTATTGTTGT...	0.7416
assembly_prodigal_300.fasta	133751	ATGACAATCCACATTATGCC...	0.7295
assembly_prodigal_300.fasta	133777	AGAGACCCGCGGACCCCCAC...	0.6721
assembly_prodigal_300.fasta	133851	ATGATGTGTTTTTTTTACCT...	0.6992
assembly_prodigal_300.fasta	133859	GTGTGTGTGTGTGTGTGTGT...	0.7143
assembly_prodigal_300.fasta	133879	ATGCACGCACACACCACTCA...	0.6706
assembly_prodigal_300.fasta	133897	ATGTTATCTGGACTGGTTCT...	0.8854
assembly_prodigal_300.fasta	133913	ATGGAGAAGTCCATGATCCT...	0.6972
assembly_prodigal_300.fasta	133930	ATGACTCCTGCTGTCATCTC...	0.6852
assembly_prodigal_300.fasta	134014	CTTTCCCCTTGCTCTACAGG...	0.7060
assembly_prodigal_300.fasta	134041	TTGGTTGGCACCCAGGTCCC...	0.8690
assembly_prodigal_300.fasta	134109	ATGACCTCCATTTTTCAGCA...	0.7031
assembly_prodigal_300.fasta	134133	ATGAGACCTTCTATTGCACA...	0.7575
assembly_prodigal_300.fasta	134134	ATGATGCCTCAGCACACACA...	0.7019
assembly_prodigal_300.fasta	134165	ATGCAGCTGAGGCGTAAAGC...	0.7164
assembly_prodigal_300.fasta	134202	ATGCCCACGACCCTCATTCA...	0.7379
assembly_prodigal_300.fasta	134265	ATGTCTCTCTATGTCTCTCT...	0.8272
assembly_prodigal_300.fasta	134300	ATGGTGATTGAACTAGGTTG...	0.6736
assembly_prodigal_300.fasta	134359	ATGTCACCACATCAGTCGCT...	0.7391
assembly_prodigal_300.fasta	134427	ATGACGGCATACATGACTGA...	0.8285
assembly_prodigal_300.fasta	134451	ATGAAACAGTTGTATCAGTA...	0.9507
assembly_prodigal_300.fasta	134458	ATGAATATCCTCCTCCGTGT...	0.7067
assembly_prodigal_300.fasta	134556	ATGTTATCACGAGCTCGCAA...	0.7252
assembly_prodigal_300.fasta	134569	AAACATAACGTACTTGTGCT...	0.8196
assembly_prodigal_300.fasta	134612	GTGGACAAAGCGTCCGACGG...	0.9452
assembly_prodigal_300.fasta	134621	ATGTCATGTGACTTCCTGTC...	0.6906
assembly_prodigal_300.fasta	134625	ATGTTTAGGTTGGACTACAG...	0.7269
assembly_prodigal_300.fasta	134626	ATGTCTCTCCTTCTGCCTCC...	0.8021
assembly_prodigal_300.fasta	134641	AGAGGAGGTTTTTTTTTAAC...	0.6574
assembly_prodigal_300.fasta	134851	ATGAAGTTAAAATCCGCCCC...	0.6527
assembly_prodigal_300.fasta	134854	ATGTTTACCCAAACTGTACC...	0.8759
assembly_prodigal_300.fasta	134943	ATGCTTTGCCTCTACCAACT...	0.8509
assembly_prodigal_300.fasta	134948	ATGCTCATTTCATATTTCAT...	0.7268
assembly_prodigal_300.fasta	135028	TTATTTATTAGTTTTCTTTG...	0.8556
assembly_prodigal_300.fasta	135031	ATGTTTTCGTCACGCTACGG...	0.6533
assembly_prodigal_300.fasta	135040	CACACATACACTTCATACCC...	0.6697
assembly_prodigal_300.fasta	135043	GTATCCGATGGTATGAGGGG...	0.8622
assembly_prodigal_300.fasta	135177	CGCTATACTGGATTTTGGTC...	0.7449
assembly_prodigal_300.fasta	135191	AAACGTAGTAGTGTCGCACA...	0.6762
assembly_prodigal_300.fasta	135197	ATGACTTCTGCTTCCCCTAA...	0.7940
assembly_prodigal_300.fasta	135237	TTTAATTCTAATTATAACTA...	0.8282
assembly_prodigal_300.fasta	135279	ATGCACTGTACTGCTCTCCT...	0.6509
assembly_prodigal_300.fasta	135286	TCCAGATATGAATACCTAAC...	0.6973
assembly_prodigal_300.fasta	135323	ATGTTTTATTATGAACGTTT...	0.7159
assembly_prodigal_300.fasta	135336	ATGTTTCTTCTTCTTCTTCT...	0.7425
assembly_prodigal_300.fasta	135367	ATGTGGAAAATCCAAAAACT...	0.8418
assembly_prodigal_300.fasta	135387	ATGTCTCTCTCTCTCTCTCT...	0.7996
assembly_prodigal_300.fasta	135404	ATGCAATATGCTGATGGTAT...	0.6608
assembly_prodigal_300.fasta	135408	ATGACGCGCATCGCTTCTCT...	0.8269
assembly_prodigal_300.fasta	135425	ATGTTTTCTGAACTTGTTGC...	0.7074
assembly_prodigal_300.fasta	135450	ATGCTGTTGCTCACCTTCCT...	0.7374
assembly_prodigal_300.fasta	135451	ATGGACGCCCCTCTCATAAA...	0.7261
assembly_prodigal_300.fasta	135509	CCATCATTCACTGCCCTGGT...	0.6612
assembly_prodigal_300.fasta	135514	ATGACTTCCTTTCTCTTCCT...	0.6582
assembly_prodigal_300.fasta	135536	ATGAAATGTGATTACATCTA...	0.9032
assembly_prodigal_300.fasta	135537	CTCTCCCTGAGCCATCTTCA...	0.8140
assembly_prodigal_300.fasta	135616	TTTCCTCCACTCTCTCTCTC...	0.8660
assembly_prodigal_300.fasta	135690	GTAGTTGCAGGAAGGAAGGG...	0.6931
assembly_prodigal_300.fasta	135815	ATGAGCCTTAGTTTGCCCCC...	0.9247
assembly_prodigal_300.fasta	135901	ATGGGAGCCGGTCTCTGGCT...	0.6891
assembly_prodigal_300.fasta	135910	GTGAATTTCACATTTGACAC...	0.6791
assembly_prodigal_300.fasta	135963	ATGTCGGAGTTTGATGCCTA...	0.6866
assembly_prodigal_300.fasta	135975	GTGCTTTGTAAAAGATGGGC...	0.7540
assembly_prodigal_300.fasta	135984	ATGCTGATGTTGGCCAGAAG...	0.7330
assembly_prodigal_300.fasta	136070	ATGCTATCTGTAAAAACTAT...	0.8121
assembly_prodigal_300.fasta	136180	GTAGCTTTTTTACTTTCCTC...	0.7061
assembly_prodigal_300.fasta	136301	ACTCAGTTTAATCAAATCTG...	0.7714
assembly_prodigal_300.fasta	136375	GTGCTCGGTTGCTACACTTC...	0.7887
assembly_prodigal_300.fasta	136450	ATGTGTCTCTTCCTTATTTT...	0.6934
assembly_prodigal_300.fasta	136532	TCTCTCTCTCTCTCTCTCTC...	0.6742
assembly_prodigal_300.fasta	136585	ATGTGGAAGATGCAACTGTT...	0.7264
assembly_prodigal_300.fasta	136615	ATGGCCAGTTCCAGATTTCC...	0.6926
assembly_prodigal_300.fasta	136639	ATGAAGAACTGTCTTAAAGC...	0.8455
assembly_prodigal_300.fasta	136669	GTGTTTTCTCCTAACCTACC...	0.7168
assembly_prodigal_300.fasta	136696	ATGGAACTTCTACGTTTTTA...	0.8438
assembly_prodigal_300.fasta	136789	ATGCAAAACCAACAAGCAAA...	0.6771
assembly_prodigal_300.fasta	136847	ATGACTCCCGCTGATCCACC...	0.7173
assembly_prodigal_300.fasta	136938	GCATTAGATCACAGTCTCAG...	0.6822
assembly_prodigal_300.fasta	136947	CAACAACACAATCTCATCAT...	0.6980
assembly_prodigal_300.fasta	136972	TTGACGCTTAAAAGCAGTGT...	0.6545
assembly_prodigal_300.fasta	136998	ATGGATGATGTCATGGAACG...	0.7263
assembly_prodigal_300.fasta	137034	TCGCACACCAAGCTACTCTT...	0.7038
assembly_prodigal_300.fasta	137155	ATGCAAGGCTATGTTTCTAA...	0.7309
assembly_prodigal_300.fasta	137158	ATGCCCCCTATCCTCCCATT...	0.6522
assembly_prodigal_300.fasta	137166	ATGCATGCATATGCGGTGTA...	0.6606
assembly_prodigal_300.fasta	137229	ATGGCTACCACAGCAGCCCA...	0.7467
assembly_prodigal_300.fasta	137248	GTGTTCCCAGTGTTCCCAGT...	0.9093
assembly_prodigal_300.fasta	137278	ATGGTGAGCCAGTGCCCCCC...	0.9303
assembly_prodigal_300.fasta	137285	GTGCTCGTGAGGGTTGGCGA...	0.7022
assembly_prodigal_300.fasta	137321	ATGTTTAATTCATTTATATT...	0.6702
assembly_prodigal_300.fasta	137322	ATGTGTCTGTGCATTTGTGT...	0.7239
assembly_prodigal_300.fasta	137348	ATGGGCGGCCAACACCTCAC...	0.6891
assembly_prodigal_300.fasta	137359	ATGCATTGTGTGCGTGTGTG...	0.7170
assembly_prodigal_300.fasta	137464	GTGCTAGGAGGGGAAGTATT...	0.7705
assembly_prodigal_300.fasta	137465	ATGATCATTCTCTTTATGTC...	0.6704
assembly_prodigal_300.fasta	137501	TGTTTGCTCTGTGGCCTTTC...	0.8968
assembly_prodigal_300.fasta	137542	ATGTCCAAGAACGTGAACCC...	0.6590
assembly_prodigal_300.fasta	137577	ATGTCTGACGGCCCCCGCTC...	0.8445
assembly_prodigal_300.fasta	137676	CCTCCACAGTCTGTCTCCTT...	0.7277
assembly_prodigal_300.fasta	137678	ATGGGTTTAGTTTGTGAAGA...	0.7148
assembly_prodigal_300.fasta	137704	TCAGCCTACACAAAGGATAC...	0.6584
assembly_prodigal_300.fasta	137719	ATGTATGAGAGGACTGTACA...	0.6869
assembly_prodigal_300.fasta	137738	ATGGAAAAAGTATGGTCTGT...	0.6666
assembly_prodigal_300.fasta	137743	GTTGTTTACCATAACGCACA...	0.6713
assembly_prodigal_300.fasta	137799	ATGGTCTTGACTCTCCTGAA...	0.9257
assembly_prodigal_300.fasta	137921	TTGGCCGTGCTGGGCCAGGA...	0.8317
assembly_prodigal_300.fasta	137946	GTGACAGCTCTAAAGCCCGG...	0.6961
assembly_prodigal_300.fasta	138029	TTCTTTTACTTACAGATATA...	0.8315
assembly_prodigal_300.fasta	138034	ATGACTGGCAGTCATTCTCT...	0.6660
assembly_prodigal_300.fasta	138056	CTTTTAATTCCTATCCACGT...	0.6775
assembly_prodigal_300.fasta	138064	TCAATTCCTTTTGGTTATCT...	0.8408
assembly_prodigal_300.fasta	138103	GTGTGTGTGTGTGTTCAGGC...	0.6900
assembly_prodigal_300.fasta	138111	ATGGCACTAGCACCACTGTT...	0.8748
assembly_prodigal_300.fasta	138122	AGGGCGCCGGGTGCCGGCGT...	0.6727
assembly_prodigal_300.fasta	138139	ATGTCTCTGGTTCTCTCCCA...	0.6974
assembly_prodigal_300.fasta	138190	CGTTCTGTGGTGCCCATCAC...	0.7099
assembly_prodigal_300.fasta	138201	ATGATGCCAAATGACTTGAA...	0.8167
assembly_prodigal_300.fasta	138305	ATGAGTGTATATTTGGTTTT...	0.6601
assembly_prodigal_300.fasta	138368	ACACACACACAAAAGGATGA...	0.6751
assembly_prodigal_300.fasta	138376	ACACACACACACACACACAC...	0.7405
assembly_prodigal_300.fasta	138387	ATGGTAGCAAAGTGTTTAGG...	0.6695
assembly_prodigal_300.fasta	138388	GTGTTAGCGGAGGATTTGGA...	0.6719
assembly_prodigal_300.fasta	138474	ATGGGCAACTCTGCCCGAAG...	0.7202
assembly_prodigal_300.fasta	138495	ATGCGCCTCTACACAGACGC...	0.6589
assembly_prodigal_300.fasta	138513	GTGTGTGCGGCGGCTCTGCG...	0.6622
assembly_prodigal_300.fasta	138563	ACACACACACACACACACAC...	0.6932
assembly_prodigal_300.fasta	138591	ACACACATACACACACACAC...	0.7005
assembly_prodigal_300.fasta	138678	ATGACATTAATTAATTCCAC...	0.8496
assembly_prodigal_300.fasta	138771	ATGCCATTAAAACCTGTGAT...	0.7250
assembly_prodigal_300.fasta	138803	ATGAACTTAACCAGTTCCTC...	0.6550
assembly_prodigal_300.fasta	138853	ATGGGCCCCAGGTGGACAAC...	0.7202
assembly_prodigal_300.fasta	138855	ATGGCCTCCAGGCGGCCGGA...	0.7465
assembly_prodigal_300.fasta	138892	ATGTCATTCACTCGTCTTTC...	0.6740
assembly_prodigal_300.fasta	138922	CCGGCCGTGGAGACCCCCAA...	0.8395
assembly_prodigal_300.fasta	138937	ATGCTGCTCATCTTTACCTT...	0.7190
assembly_prodigal_300.fasta	138963	TTCACCCTTTTTGTTATTCT...	0.7902
assembly_prodigal_300.fasta	138979	ATGATTTGTTCTTTTTCTTT...	0.7191
assembly_prodigal_300.fasta	139023	ATGTTGATGTGCTCTTTAAT...	0.6713
assembly_prodigal_300.fasta	139025	ATGCTTGTTCAAGAAAACAA...	0.7425
assembly_prodigal_300.fasta	139082	ATGGACTTCTCCACCATGAG...	0.7245
assembly_prodigal_300.fasta	139087	ATGTTCGGCAGCGTTTGGGG...	0.6672
assembly_prodigal_300.fasta	139157	ATGAAAACCTGCAATATTTT...	0.6785
assembly_prodigal_300.fasta	139163	TCTTTCTTCTTCTCTTTTTC...	0.7863
assembly_prodigal_300.fasta	139201	TTGTCTCATGTCGACAGTTT...	0.7540
assembly_prodigal_300.fasta	139253	ATGCGGAGGCTGCGTTGTGG...	0.6580
assembly_prodigal_300.fasta	139254	ATTGAAGCTCTTACAATGAT...	0.6938
assembly_prodigal_300.fasta	139279	ATGTTACTAACCTGTCTTGC...	0.7440
assembly_prodigal_300.fasta	139284	ATGATCCTCTTTGACTTCCT...	0.6766
assembly_prodigal_300.fasta	139323	ATGAAACTTTTATTAAACAA...	0.7118
assembly_prodigal_300.fasta	139336	ATGGTGGAGGTGCAGCTGGA...	0.7555
assembly_prodigal_300.fasta	139346	ATGAGACAGATGGTTCTTGT...	0.7623
assembly_prodigal_300.fasta	139366	ATGAAGAGAGGGCAGAGTGT...	0.6711
assembly_prodigal_300.fasta	139396	CGTCGCATCTACCGTCGCAT...	0.9474
assembly_prodigal_300.fasta	139397	GTGACGACGACGATGCGCGC...	0.7305
assembly_prodigal_300.fasta	139430	ATGTATAATCTCCTGCTCAA...	0.7559
assembly_prodigal_300.fasta	139533	ATGGCCTTTATAGGTGTCCT...	0.9175
assembly_prodigal_300.fasta	139640	ATGTCCGTCACCACAGCAAT...	0.7331
assembly_prodigal_300.fasta	139652	ATGGATTCTTATTCTTTCTC...	0.7780
assembly_prodigal_300.fasta	139731	GTGTACCTGTTTGAGTGTGA...	0.8028
assembly_prodigal_300.fasta	139751	GTGAATCAAAGGGATGATCT...	0.6910
assembly_prodigal_300.fasta	139766	ATGCTCCCCCTCCATCTCTT...	0.8738
assembly_prodigal_300.fasta	139897	ATGGACGGCTCTAGGACAAC...	0.8485
assembly_prodigal_300.fasta	139901	GTGTATATAGTACAGTCGGT...	0.6620
assembly_prodigal_300.fasta	139957	GTGGGAGACTTTAATGCCCC...	0.6924
assembly_prodigal_300.fasta	140041	TTGGTCGACCCCTCCCAGCT...	0.6566
assembly_prodigal_300.fasta	140089	GTGGAGGTGCTTTCACACAG...	0.6587
assembly_prodigal_300.fasta	140105	ATGCTGTCTGCCAATGCGCT...	0.7190
assembly_prodigal_300.fasta	140193	ATGCTTGACCATGCTGCGGT...	0.8282
assembly_prodigal_300.fasta	140253	ATGAACTCTCTTTGGTCTTT...	0.7398
assembly_prodigal_300.fasta	140256	ATGTGTCTGGATTTATCTTC...	0.9072
assembly_prodigal_300.fasta	140362	GGCACCTCACTAACAGTGGC...	0.6593
assembly_prodigal_300.fasta	140387	GTGTCCACTCTGTTCGTGTT...	0.9311
assembly_prodigal_300.fasta	140444	CAACGATCCCAAATGGTCCA...	0.6682
assembly_prodigal_300.fasta	140451	ATGCCTGTCAGTGGGCAAGA...	0.8276
assembly_prodigal_300.fasta	140467	ATGTCAGATTATTTCATCTT...	0.8313
assembly_prodigal_300.fasta	140490	ATGTGGTCAGCCGCGGTAAA...	0.6750
assembly_prodigal_300.fasta	140509	ATGTTGTACCTGGAATCTGT...	0.8859
assembly_prodigal_300.fasta	140606	CAAGATGTTCTACTTCCCTC...	0.7080
assembly_prodigal_300.fasta	140732	TTCCTCCCTCTTTCCTCCCA...	0.8547
assembly_prodigal_300.fasta	140829	ATGACCCAATCAATCGTAGC...	0.7820
assembly_prodigal_300.fasta	140891	ATGCCAGAGATCCTCTCCTC...	0.9788
assembly_prodigal_300.fasta	140892	ATGGGTCAGCTGAAGGACGC...	0.9198
assembly_prodigal_300.fasta	140919	CTCTCTCTCTCTCTCTCTCT...	0.8773
assembly_prodigal_300.fasta	140957	GATCATTATCTAGTTTATCA...	0.7247
assembly_prodigal_300.fasta	140967	ATGGATGGAGATGGAGATGA...	0.7008
assembly_prodigal_300.fasta	141053	GTGGAGCTGCTGCCCTTCCT...	0.6515
assembly_prodigal_300.fasta	141065	ATGCTTTCTCATCTTGCAGG...	0.9039
assembly_prodigal_300.fasta	141294	TCTCTCACTCTCTACCTCTC...	0.9406
assembly_prodigal_300.fasta	141295	CTAACCGTTTCCTCTGCTCC...	0.8681
assembly_prodigal_300.fasta	141328	ATGGAATCGGGGAGGGATCC...	0.7028
assembly_prodigal_300.fasta	141434	GCTCCTCTACCCTGCTCCTC...	0.9929
assembly_prodigal_300.fasta	141485	ATGACTTGCACCTGCTACTC...	0.6813
assembly_prodigal_300.fasta	141498	ATGTGCACACACATAAAACA...	0.6851
assembly_prodigal_300.fasta	141513	TTTGCACAATTACACTCAAG...	0.6514
assembly_prodigal_300.fasta	141583	ACAATCACAACTCATCCAGA...	0.6521
assembly_prodigal_300.fasta	141592	TCTCTCTTCAAAGTGAATGA...	0.7091
assembly_prodigal_300.fasta	141606	ATGAACCAACATACAGAGAT...	0.7532
assembly_prodigal_300.fasta	141650	ATGCAACATCGCCAAATCTC...	0.7844
assembly_prodigal_300.fasta	141700	CAGGCAACCACCAAGAGACC...	0.7667
assembly_prodigal_300.fasta	141829	AGTCCCAGCTGTGTGGTGCA...	0.6881
assembly_prodigal_300.fasta	141874	ATGCTTACCCTCTGTGCCAT...	0.7792
assembly_prodigal_300.fasta	141954	ATGTTATCAGTTCTTTACTT...	0.6642
assembly_prodigal_300.fasta	141988	ATGCAAGCTTGGCACATCTC...	0.8429
assembly_prodigal_300.fasta	142132	ATGATAGCTGACCCCACCCT...	0.8307
assembly_prodigal_300.fasta	142142	TCCCTTTCAAGTCCCGCCGT...	0.6593
assembly_prodigal_300.fasta	142192	ATGAGAAAACAGTGTATTCT...	0.7493
assembly_prodigal_300.fasta	142196	ATGTGTCCTGGACAATCTGT...	0.7014
assembly_prodigal_300.fasta	142233	ATGGGCTACTACCTGATCCA...	0.7828
assembly_prodigal_300.fasta	142457	GTGGGGTGGGAGTTTGTGAA...	0.7739
assembly_prodigal_300.fasta	142479	ATGCATCTCCTTTATTCCCT...	0.6593
assembly_prodigal_300.fasta	142480	GTGTTTACACCTGTTCCCCC...	0.7498
assembly_prodigal_300.fasta	142525	ATGTTCCTCCATCCATCCGT...	0.7708
assembly_prodigal_300.fasta	142600	ATGTTTTCAGAACCTGAGCA...	0.6603
assembly_prodigal_300.fasta	142606	ATGATTTACCTTTTTGCAAA...	0.6521
assembly_prodigal_300.fasta	142666	GTGTGTGTTCAGCTTGCTGT...	0.7473
assembly_prodigal_300.fasta	142667	CGTGAAGATCTTCTTCTGTC...	0.6881
assembly_prodigal_300.fasta	142697	TTTCACTTGCCCTTCCTTAT...	0.9032
assembly_prodigal_300.fasta	142762	TTGCGTTTCTTCCTCGGCGG...	0.8665
assembly_prodigal_300.fasta	142792	ATGGGGGGGCTTGCCATGTA...	0.9843
assembly_prodigal_300.fasta	142835	CTTAAGTATTTACAATTCCA...	0.6864
assembly_prodigal_300.fasta	142889	ATGCCTGACTTCCCTCTTCC...	0.8737
assembly_prodigal_300.fasta	142968	AAGGTGTATGCCTCAAACAT...	0.7467
assembly_prodigal_300.fasta	142999	ACACACACACACACACACAC...	0.8835
assembly_prodigal_300.fasta	143067	TCTTTCCTTTCATCTGTTTC...	0.7126
assembly_prodigal_300.fasta	143105	TGTACGTGTGTCAACCCTCT...	0.6675
assembly_prodigal_300.fasta	143125	ATGACGTCCCTCCAGTCGGG...	0.7544
assembly_prodigal_300.fasta	143207	ATGCTAATGCTAAAGCTACA...	0.6707
assembly_prodigal_300.fasta	143230	TTTTCTCTCACCTCCTGTCC...	0.7235
assembly_prodigal_300.fasta	143269	ATGACACATTCTTCGCAGAT...	0.7841
assembly_prodigal_300.fasta	143358	ATGATATCATCTGAATGTGA...	0.6606
assembly_prodigal_300.fasta	143403	TCTCCACCTGTCTCACTCTC...	0.8965
assembly_prodigal_300.fasta	143437	TTTGTTCCTCTCATTCTGTT...	0.8418
assembly_prodigal_300.fasta	143489	CAACCGATCTATGATCGCCT...	0.6627
assembly_prodigal_300.fasta	143521	ATGCTTACTAATCTTCACCT...	0.6685
assembly_prodigal_300.fasta	143530	ATGTTCACATATGAGATTCA...	0.8253
assembly_prodigal_300.fasta	143610	ATGAAAGGTGCCTCTTGCTC...	0.9586
assembly_prodigal_300.fasta	143630	ATGTTTCCTGCCCCTCATGA...	0.6997
assembly_prodigal_300.fasta	143635	CTCTCACGAGCCTGTCTGCC...	0.7553
assembly_prodigal_300.fasta	143723	ATGAATATTAACTCGGCTTT...	0.6835
assembly_prodigal_300.fasta	143762	ATGATATGTGTTTTAAGCTT...	0.6516
assembly_prodigal_300.fasta	143798	ATGGAGCTGCTTTACGCTGG...	0.7057
assembly_prodigal_300.fasta	143879	ATGCCTGCGCTTTGTTTTAT...	0.7312
assembly_prodigal_300.fasta	143957	TTACTGCTCAAACTAACTGT...	0.6678
assembly_prodigal_300.fasta	143981	CTGCACATCCGATTCCATTG...	0.6745
assembly_prodigal_300.fasta	144061	ATGGAAACGTTTAAAGTCCA...	0.7089
assembly_prodigal_300.fasta	144068	ATGTTTGGCTCCACTTGTCA...	0.7320
assembly_prodigal_300.fasta	144070	ATGTCCTTCCCAGCTGTGAA...	0.6617
assembly_prodigal_300.fasta	144089	TTGGGTTTCTTTTCTACTTT...	0.7185
assembly_prodigal_300.fasta	144119	ATGTTAAGAGGGCTGACGTG...	0.6843
assembly_prodigal_300.fasta	144195	ATGTCTCTCTCTCTCTCTCT...	0.7795
assembly_prodigal_300.fasta	144223	CTGCAGCTCCCTGAGCTCCG...	0.7268
assembly_prodigal_300.fasta	144225	TCACCAAGTCTTCGGTATTC...	0.6716
assembly_prodigal_300.fasta	144339	GTGACATTTAAAGTCAAGTC...	0.7314
assembly_prodigal_300.fasta	144374	ATGCATTTGTCCGCAGATGT...	0.6812
assembly_prodigal_300.fasta	144389	ATGTCAAACCAAAACATCCA...	0.7907
assembly_prodigal_300.fasta	144430	GTGGTCCTCTACCGCCAGTC...	0.9417
assembly_prodigal_300.fasta	144439	CTGGACAATTGCAGACAGTT...	0.7951
assembly_prodigal_300.fasta	144502	TACTTTGACATCACCGTCTA...	0.7884
assembly_prodigal_300.fasta	144577	GTGTTTGCCATTACAGCTCT...	0.7311
assembly_prodigal_300.fasta	144587	GTGATTGAGGACAGTTTGTG...	0.7433
assembly_prodigal_300.fasta	144606	GTGTCCCGATCTGAGAGGAG...	0.6614
assembly_prodigal_300.fasta	144609	ATGCAGAGCGCCCTGTATGC...	0.6722
assembly_prodigal_300.fasta	144643	GTGAGGATTCTTGTCGATAA...	0.8200
assembly_prodigal_300.fasta	144836	ATGAATGCACTATCTTTACT...	0.6720
assembly_prodigal_300.fasta	144934	GGCTTAAAACTTTCCTCTTT...	0.6982
assembly_prodigal_300.fasta	144992	ATGATCATCGCTGGGTTTTC...	0.6762
assembly_prodigal_300.fasta	145013	TCCAGAGAGCCCAACAAGAC...	0.7790
assembly_prodigal_300.fasta	145029	ATGATCTCGCTGATTGGAGC...	0.6852
assembly_prodigal_300.fasta	145058	ATGCGCTACAGTTTTGGAGC...	0.6560
assembly_prodigal_300.fasta	145062	ATGTCTCACATTAGGAGCCC...	0.6623
assembly_prodigal_300.fasta	145076	ATGTGTAAAGCCTGGATTAA...	0.7465
assembly_prodigal_300.fasta	145225	CCCCCTAGTGCTTCCTGGTG...	0.8003
assembly_prodigal_300.fasta	145229	ATGTGTTTGCTTTTCTTACA...	0.7379
assembly_prodigal_300.fasta	145307	ATGGCTTCTCGCAAGCCCCG...	0.7272
assembly_prodigal_300.fasta	145417	ATGCAATCAAACGTTTTACC...	0.7211
assembly_prodigal_300.fasta	145500	ATGCTGTTTGGCAGTGACCC...	0.7356
assembly_prodigal_300.fasta	145528	AGTATCTGTCCTGGACTATC...	0.8016
assembly_prodigal_300.fasta	145591	ATGTTTAACCAAGATAAGAC...	0.7787
assembly_prodigal_300.fasta	145653	CTAACAGTACCAGGGCACTA...	0.7606
assembly_prodigal_300.fasta	145754	ACACACACACACACACACAC...	0.7682
assembly_prodigal_300.fasta	145761	ATGTTACAGCTGTACAGTAT...	0.7979
assembly_prodigal_300.fasta	145788	ATGGGGGTGGGTGAAGAGAA...	0.8038
assembly_prodigal_300.fasta	145796	ATGATCTTCTTAACACTTTT...	0.9107
assembly_prodigal_300.fasta	145871	ATGATTTCAACTGTTCCCAC...	0.8043
assembly_prodigal_300.fasta	145872	ATGATGCTCATAGTGACACC...	0.7596
assembly_prodigal_300.fasta	145903	ATGCTGGAGAACTTCCTTAA...	0.6869
assembly_prodigal_300.fasta	145939	CACTTTGCTCTTTTACGCAT...	0.7554
assembly_prodigal_300.fasta	145980	CACTCTCCTGTCTTGACTCA...	0.7016
assembly_prodigal_300.fasta	146152	ATGTTGATTTTTTTAAACCT...	0.8714
assembly_prodigal_300.fasta	146178	ACTTTTGATGTGCCTATAGA...	0.6969
assembly_prodigal_300.fasta	146233	CGACCAACTCTTATGGATCC...	0.7558
assembly_prodigal_300.fasta	146343	TTACGTCTCACAAAACAATC...	0.6534
assembly_prodigal_300.fasta	146497	GTGCTCTGTCTCTTGCCATA...	0.7400
assembly_prodigal_300.fasta	146507	CTTCGCTCTAGCCACTGCCC...	0.7974
assembly_prodigal_300.fasta	146560	GGCCAGCGTCTCTCCGGCTT...	0.9821
assembly_prodigal_300.fasta	146575	GTGTCGGCTACCTTCGCAGC...	0.6946
assembly_prodigal_300.fasta	146578	CCTCCAGCATCTGTCAATCA...	0.6794
assembly_prodigal_300.fasta	146612	CCCTACAACGTCTCCTTCAA...	0.6838
assembly_prodigal_300.fasta	146614	ATGCTCACTGTCACTCAATT...	0.6893
assembly_prodigal_300.fasta	146699	GTGTGTCCAGGTGAGGTTCT...	0.8355
assembly_prodigal_300.fasta	146735	ATGGTGAACGCCACAGATCC...	0.7093
assembly_prodigal_300.fasta	146743	ATGCTGGAGGAGATCTTCAA...	0.6871
assembly_prodigal_300.fasta	146833	GACACAATCATTTACGCCCC...	0.7537
assembly_prodigal_300.fasta	146841	ATGATGAATCCCACCACAAC...	0.8676
assembly_prodigal_300.fasta	146883	ATGGGAATAAACTACTCACA...	0.6618
assembly_prodigal_300.fasta	146936	ATGTTCTCCTCCTCCCAGAG...	0.8600
assembly_prodigal_300.fasta	146994	ATCATTTCTATCCAGCATCA...	0.7291
assembly_prodigal_300.fasta	147035	ATGTTGGACATAGATCGTTA...	0.6949
assembly_prodigal_300.fasta	147061	CTCTCTCTCTCTCTCTCTCT...	0.8943
assembly_prodigal_300.fasta	147076	GATATAACTCAGGTGACTTG...	0.6994
assembly_prodigal_300.fasta	147082	CATCACGGCACTCCCGTCAG...	0.8180
assembly_prodigal_300.fasta	147104	ATGAACACCCCTGACTACAG...	0.6775
assembly_prodigal_300.fasta	147157	ATGCAATTCCTATGTGAATC...	0.8518
assembly_prodigal_300.fasta	147180	TTGCGTGCTCTGGTCGACCC...	0.6829
assembly_prodigal_300.fasta	147214	AGGATATGTCCTGAGGTGGA...	0.8607
assembly_prodigal_300.fasta	147228	ATGTTATACCTTTATTTCTT...	0.6830
assembly_prodigal_300.fasta	147272	GTGTGCCACACACAGTCTTT...	0.6823
assembly_prodigal_300.fasta	147273	CTCTCTCTCTCTCTCTCTCT...	0.7496
assembly_prodigal_300.fasta	147346	ATGGTCCAAGTGTTTAATGT...	0.9635
assembly_prodigal_300.fasta	147348	ATGTCTCTAAAGAATGAAGT...	0.7142
assembly_prodigal_300.fasta	147459	TTGAGTCTCCCCACTCCCCT...	0.8055
assembly_prodigal_300.fasta	147472	TTGGAACATTTCACACATTT...	0.7042
assembly_prodigal_300.fasta	147574	ATGATGGGAGAGGAGGTGGT...	0.7011
assembly_prodigal_300.fasta	147673	CAGCAAGACAAACAGGTTTT...	0.7216
assembly_prodigal_300.fasta	147684	ATGGTGCATAAAACCCTTAT...	0.7965
assembly_prodigal_300.fasta	147773	CTGCTCGCTGGGGGCTCACG...	0.8288
assembly_prodigal_300.fasta	147854	CCTTCTTTACTCACAAATGT...	0.7793
assembly_prodigal_300.fasta	147866	TTTTTCCATTTCCGCTCCCT...	0.9600
assembly_prodigal_300.fasta	147885	ATGTCTGGGGATCCCTCTTC...	0.6981
assembly_prodigal_300.fasta	147909	ATGGTGACAAACACCAGTGA...	0.7707
assembly_prodigal_300.fasta	147953	ATGTTGGAGACGCTGCCAGC...	0.9400
assembly_prodigal_300.fasta	148070	GTGGAGAAGGTGCACATTTT...	0.7272
assembly_prodigal_300.fasta	148094	AATCTCTCCAAAGCGTGTAC...	0.7321
assembly_prodigal_300.fasta	148187	ATGACCTTGTTATTGCCCCT...	0.7084
assembly_prodigal_300.fasta	148272	ATGACCTTTCTTCCATATTT...	0.6529
assembly_prodigal_300.fasta	148284	ATGAGAGGCCTGTCCATTTA...	0.6876
assembly_prodigal_300.fasta	148352	CACATCCTCCTAGTCAGAGA...	0.7085
assembly_prodigal_300.fasta	148368	ACACCCAACGAGATCTACAG...	0.7792
assembly_prodigal_300.fasta	148377	GTGTTGTCTCAGTACCTGGT...	0.6670
assembly_prodigal_300.fasta	148380	GAGGGATGGGAGAGCAGGAT...	0.6576
assembly_prodigal_300.fasta	148435	CTGGTCCTTTATGCAGCCCC...	0.8400
assembly_prodigal_300.fasta	148442	ATGTCACTCTGATCCTTTGA...	0.6827
assembly_prodigal_300.fasta	148457	ATGCAGCTCGACATCATCCT...	0.7213
assembly_prodigal_300.fasta	148458	GTGGTCCTTGTTCTTCTGTC...	0.7870
assembly_prodigal_300.fasta	148471	ATTTCTGCTGCATTGCAGCA...	0.9271
assembly_prodigal_300.fasta	148487	ATGAACCACATCCTTTCATT...	0.6636
assembly_prodigal_300.fasta	148503	ATGGGTCGCGTCACCACTCC...	0.8075
assembly_prodigal_300.fasta	148558	ATGGAGTGGATCTCCTTGAC...	0.8303
assembly_prodigal_300.fasta	148567	ATGTTTGTTGTGTTGAGGAA...	0.6967
assembly_prodigal_300.fasta	148577	ATGTATGCTGTGCAGCATGT...	0.6622
assembly_prodigal_300.fasta	148675	ATGTTTGTGTTCCTTAATGC...	0.7957
assembly_prodigal_300.fasta	148684	ATGCTCCCCTGCACTCCTGA...	0.8534
assembly_prodigal_300.fasta	148754	ATGGACACGGCTGTGCAGGC...	0.7354
assembly_prodigal_300.fasta	148796	ATGTCTCCCGGAGTTTTTAA...	0.9193
assembly_prodigal_300.fasta	148804	GTGGTTCCTCAGGGGTCCCT...	0.7995
assembly_prodigal_300.fasta	148876	ATGAAGAAAGGGAAAGATGG...	0.7717
assembly_prodigal_300.fasta	148886	ATGAGTTTTCACAGATTGCA...	0.7455
assembly_prodigal_300.fasta	148946	ATGCGTGCACACCCTCTCCA...	0.6882
assembly_prodigal_300.fasta	149094	ATGAAAGGGTTTAGACAGTC...	0.7724
assembly_prodigal_300.fasta	149120	ATGAAGCAGTTACCCAGAAT...	0.9229
assembly_prodigal_300.fasta	149178	ATGTTACACCAGAATCACTA...	0.7237
assembly_prodigal_300.fasta	149245	ATGTATTCATACAAGTATCA...	0.6879
assembly_prodigal_300.fasta	149264	CAACTATTAAAGTGTGATAT...	0.7336
assembly_prodigal_300.fasta	149276	GAAACACTCAGCAATTTCTT...	0.7623
assembly_prodigal_300.fasta	149292	ATGCAATTGGCCTTTATGTT...	0.8272
assembly_prodigal_300.fasta	149368	ATGTCGGTCCCGCAACCCCC...	0.7408
assembly_prodigal_300.fasta	149405	GTGGTCCTGCATGATGCCCA...	0.7484
assembly_prodigal_300.fasta	149437	ATGTTGTTGTGTCTGCAGGA...	0.6784
assembly_prodigal_300.fasta	149458	ATGCGTCTATTCCGAGAAAT...	0.6547
assembly_prodigal_300.fasta	149462	AATAGGCTGCTTCATCGCAT...	0.7456
assembly_prodigal_300.fasta	149478	TGGATTGGTCATCAGGGTGG...	0.7309
assembly_prodigal_300.fasta	149525	ATGTTCAGGTTGAGTCAGTG...	0.6525
assembly_prodigal_300.fasta	149549	ATGATTCCTCCTCTTCACAA...	0.7107
assembly_prodigal_300.fasta	149624	ATGAGCTTGCAAGCACAAGC...	0.8932
assembly_prodigal_300.fasta	149749	TTGTTTCTCCTTGTTCTGTT...	0.7354
assembly_prodigal_300.fasta	149793	GTGACCTTTGACCTCTCTGT...	0.6737
assembly_prodigal_300.fasta	149827	ACACACACACACACACACAC...	0.6885
assembly_prodigal_300.fasta	149843	ATAAGCAATTTAATGCCATC...	0.8044
assembly_prodigal_300.fasta	149845	ATGACATTAATCTTGTATTT...	0.7546
assembly_prodigal_300.fasta	149848	ATGTTTTTGCCACAATGTAA...	0.9812
assembly_prodigal_300.fasta	149854	GTGGGGAACCTGGTCTACTA...	0.8272
assembly_prodigal_300.fasta	149860	ATGACAAACTGGTTTCTGTT...	0.7173
assembly_prodigal_300.fasta	149868	ATGACCTCTGACCTCTCTTT...	0.7165
assembly_prodigal_300.fasta	149894	TTTTATTTTTTAAACATTAC...	0.7643
assembly_prodigal_300.fasta	149930	ATGTGCATCGGTGATATTTC...	0.7153
assembly_prodigal_300.fasta	149943	ATGACATCAGCTTGTCAAGA...	0.7473
assembly_prodigal_300.fasta	149967	ATGTTCCTCCCTCTGCTGTT...	0.6573
assembly_prodigal_300.fasta	150049	CTGACACGCCCCTCTAGCTG...	0.9032
assembly_prodigal_300.fasta	150061	TTTTTCCCTCTTTATGTTAA...	0.9095
assembly_prodigal_300.fasta	150106	ATGTTTTATTTTCCAAATCA...	0.7174
assembly_prodigal_300.fasta	150124	GTGCTTCTTCCACATCTGGA...	0.6590
assembly_prodigal_300.fasta	150326	CACACATACCCTAAACTAGA...	0.6725
assembly_prodigal_300.fasta	150337	CCTGATGATCAGGGTGCAAC...	0.6609
assembly_prodigal_300.fasta	150363	GTGACTCCTCCCCCCGACGC...	0.9763
assembly_prodigal_300.fasta	150441	TTGTTTGTTTTTGTTGTTGT...	0.7017
assembly_prodigal_300.fasta	150449	ATGAATGGTTCCCTGGTCTT...	0.7285
assembly_prodigal_300.fasta	150471	ATGATGGAGGACACGGAGCC...	0.9387
assembly_prodigal_300.fasta	150477	ATGTCTGTCTCTGATTTATT...	0.7532
assembly_prodigal_300.fasta	150527	ATGAAAGCTGACCGGCAGTC...	0.6792
assembly_prodigal_300.fasta	150605	ATGAGACCAGAGGAGGATGC...	0.8770
assembly_prodigal_300.fasta	150642	GTGGAGAAATTAGTAATTAA...	0.7072
assembly_prodigal_300.fasta	150677	ATGTGTGTTCAGTTTATCAA...	0.7756
assembly_prodigal_300.fasta	150694	TTATGGTCCGCAAAGACTCA...	0.8008
assembly_prodigal_300.fasta	150721	ATGACCATCCTACTTATGTT...	0.7950
assembly_prodigal_300.fasta	150794	ATGATGCTGGCCCAGAGGCT...	0.6861
assembly_prodigal_300.fasta	150847	GTGGCAGGCGGCCACCACAA...	0.8779
assembly_prodigal_300.fasta	150859	ATGGCCACAGATTTAAGGCT...	0.7860
assembly_prodigal_300.fasta	150866	CTTGAACTCTTTAAACTCTC...	0.6997
assembly_prodigal_300.fasta	150916	TACCTTTTTCCCTGCTTGAT...	0.7504
assembly_prodigal_300.fasta	150926	GTTGAGCGCCAGGGCCACGG...	0.7080
assembly_prodigal_300.fasta	150933	ATGAATCAGGATGTTGGTGA...	0.8909
assembly_prodigal_300.fasta	150956	ATGTCCTCTAACCTTGAATT...	0.7200
assembly_prodigal_300.fasta	150969	ATGCGCAACAACAACGTCCA...	0.8095
assembly_prodigal_300.fasta	151000	ATGCGAGAGGTAGCGGGATC...	0.6984
assembly_prodigal_300.fasta	151001	ATGTTTATCTTAACCTCTCT...	0.6710
assembly_prodigal_300.fasta	151087	TTGGATGGTGGTGTCACTGA...	0.6878
assembly_prodigal_300.fasta	151123	ATGAGTGAAAAAAACAAATT...	0.6991
assembly_prodigal_300.fasta	151190	ATGTGAAAAATTGCCCCCCT...	0.9064
assembly_prodigal_300.fasta	151192	ATGATTTTATTTCTGACCTT...	0.7479
assembly_prodigal_300.fasta	151197	ATGTGGACAGAAAATGCCTC...	0.6859
assembly_prodigal_300.fasta	151340	ATGAACACCCTGCCAGAGGC...	0.8800
assembly_prodigal_300.fasta	151361	ATGTCTTCCGGCTCCACCAC...	0.6531
assembly_prodigal_300.fasta	151438	ATGACGACTCACCAGGGAGC...	0.8538
assembly_prodigal_300.fasta	151524	GTGGTCTACTACTGCGTCTT...	0.8205
assembly_prodigal_300.fasta	151583	ATGCTACACGACAGCACTGT...	0.6670
assembly_prodigal_300.fasta	151709	ATGCAGGACTTCGACCATCA...	0.7067
assembly_prodigal_300.fasta	151750	ATGTTATGCGTGCCTAACAT...	0.6821
assembly_prodigal_300.fasta	151828	TGTGCCATTTCTCAGTCCGT...	0.7268
assembly_prodigal_300.fasta	151884	ATGCTTCTTCCTTATTTGTT...	0.6567
assembly_prodigal_300.fasta	151908	AAATCTCCTGTCCAACCATT...	0.7549
assembly_prodigal_300.fasta	151937	ATGCAAATTATCAACGTTGC...	0.6577
assembly_prodigal_300.fasta	152031	GTGCTGACCCTGCAGTGTCT...	0.8724
assembly_prodigal_300.fasta	152048	ATGCAAGTCGAAGCCCCTTC...	0.6573
assembly_prodigal_300.fasta	152109	ATGGAGTCAGACATCATGCC...	0.7099
assembly_prodigal_300.fasta	152119	ATGCTAAATGTGCCACTTCA...	0.9485
assembly_prodigal_300.fasta	152126	ATGGAGAATGATTATCACTT...	0.7669
assembly_prodigal_300.fasta	152156	ATGTACCTTCTTGGCCTCCT...	0.9357
assembly_prodigal_300.fasta	152169	ATGGTAGCACAGGTTACACC...	0.7970
assembly_prodigal_300.fasta	152192	GTGCATGAATCACAAGCTAC...	0.6959
assembly_prodigal_300.fasta	152222	ATGGACATGGCTGTGCATTT...	0.7695
assembly_prodigal_300.fasta	152298	ATGCATGATGCCGTCTTTGT...	0.8160
assembly_prodigal_300.fasta	152317	GTCTCTGCTGGTTTCCAGTT...	0.8687
assembly_prodigal_300.fasta	152328	ATTTTCACCACCATCATTTA...	0.7466
assembly_prodigal_300.fasta	152433	ATGTATACACACCTTCTGCA...	0.6516
assembly_prodigal_300.fasta	152495	CGGGGGGAGCAGACAGAGGC...	0.6966
assembly_prodigal_300.fasta	152547	ATGTGCTTTTTACCACTGAA...	0.7354
assembly_prodigal_300.fasta	152604	GTGGTTCCTACCGTCTCTGA...	0.9225
assembly_prodigal_300.fasta	152633	ATGGTGACCCTCCCAGAAGC...	0.8243
assembly_prodigal_300.fasta	152648	ATGCTTGTTTCTAAACAGCT...	0.6609
assembly_prodigal_300.fasta	152655	ATGTCCTCAGGTTTCACACT...	0.7531
assembly_prodigal_300.fasta	152717	GATTTCGCTGTATCGCAAAA...	0.6898
assembly_prodigal_300.fasta	152832	AGGCCATCTAACTTCATAGC...	0.6608
assembly_prodigal_300.fasta	153008	CTTTGGGAGAAGAAGGCGTT...	0.9544
assembly_prodigal_300.fasta	153014	ATGTTAATAAAATCTCCTCC...	0.7114
assembly_prodigal_300.fasta	153061	CGGCATGCCGGCCAAACACC...	0.6941
assembly_prodigal_300.fasta	153078	ATGGTTCCCAACAAAACCCT...	0.7556
assembly_prodigal_300.fasta	153093	ATGAAGGAGCGTACCTGGGT...	0.6607
assembly_prodigal_300.fasta	153186	CTTTCTATCTCCCTCCTTTA...	0.8785
assembly_prodigal_300.fasta	153258	ATGGATGTCAACACAGAAAT...	0.6632
assembly_prodigal_300.fasta	153355	ATGTCTAAACAACGTCTTCC...	0.7874
assembly_prodigal_300.fasta	153441	ATGGGGATCTTGCTTCCCCA...	0.6592
assembly_prodigal_300.fasta	153453	ATGTTCACCACACAGTACAC...	0.7820
assembly_prodigal_300.fasta	153467	GTGGTTTTGTACCTGCTCCA...	0.6504
assembly_prodigal_300.fasta	153569	ATGTGGACTCACCTGAACAC...	0.7041
assembly_prodigal_300.fasta	153578	GTGGACTGTCAGAGCGTAGC...	0.7033
assembly_prodigal_300.fasta	153585	ATGGGTATTTACTTGCAAAC...	0.6926
assembly_prodigal_300.fasta	153612	ATGAAAACAGCCAGTTATAC...	0.7638
assembly_prodigal_300.fasta	153613	ATGAACGAGTCGGACTCTGG...	0.8862
assembly_prodigal_300.fasta	153722	CGGTTTAACTCTAACCTCCG...	0.8635
assembly_prodigal_300.fasta	153729	ATGCCTCTGACCATCCATAG...	0.6903
assembly_prodigal_300.fasta	153749	CTTAAAACAACACATATTTG...	0.6526
assembly_prodigal_300.fasta	153851	ATGTCACATGACGCCATACT...	0.7305
assembly_prodigal_300.fasta	153890	GTGAGCTACTACTTCCCTCT...	0.8197
assembly_prodigal_300.fasta	153946	GTGGAGGCAGGGCTAAGGTG...	0.9419
assembly_prodigal_300.fasta	153959	ATGTTAAGACGGACTTTAGC...	0.7067
assembly_prodigal_300.fasta	153985	ATGCCTCTTCCCACTTTTTT...	0.7028
assembly_prodigal_300.fasta	154059	CCTACCGAGCATGGGTCTCC...	0.7316
assembly_prodigal_300.fasta	154084	CCCCCCGTGCTGTCGGTAGT...	0.6567
assembly_prodigal_300.fasta	154197	ACACCAACCTTGCCCTCTCT...	0.7759
assembly_prodigal_300.fasta	154277	ATGTGGCTGCATGTTGGTGT...	0.7073
assembly_prodigal_300.fasta	154361	ATGAAATTTATTGTCCTGGG...	0.8120
assembly_prodigal_300.fasta	154394	ATGTTGAGCTATTCCTTTAA...	0.9706
assembly_prodigal_300.fasta	154419	ATGCATTTCAAATTTTCCGC...	0.7360
assembly_prodigal_300.fasta	154442	GTGTGTGAGCCGGTAAATGT...	0.7164
assembly_prodigal_300.fasta	154485	ATGTTGGGAACCACCAGGTT...	0.6812
assembly_prodigal_300.fasta	154547	ATGCTGCCTCCTCAGGTGAT...	0.7180
assembly_prodigal_300.fasta	154641	GCCAACTATGTCCCCTCCCC...	0.9049
assembly_prodigal_300.fasta	154654	ATGGAGCACCAACAGGCCAT...	0.8347
assembly_prodigal_300.fasta	154692	TCAATCATTGATGAGACCCT...	0.7143
assembly_prodigal_300.fasta	154713	ATGCTAATCGCTCCATCTTT...	0.7601
assembly_prodigal_300.fasta	154905	TGCCGTTGGTTACCTGTAGT...	0.7009
assembly_prodigal_300.fasta	154908	ATGTTTTGTTTCTCTGATTT...	0.7666
assembly_prodigal_300.fasta	155007	ATGATCTTCATCCTGCGGAT...	0.6952
assembly_prodigal_300.fasta	155052	ATGCACTGGCGTCAGCTAAA...	0.6974
assembly_prodigal_300.fasta	155156	ATGCAAAACGATCATCTCTG...	0.7220
assembly_prodigal_300.fasta	155166	ACACACACACACACACACAC...	0.6711
assembly_prodigal_300.fasta	155200	ATGTGTGTATTTTTGTTTTG...	0.6755
assembly_prodigal_300.fasta	155201	ATGGAAAGTGTTGTTCGGGC...	0.6906
assembly_prodigal_300.fasta	155209	ATGGCTTACATCCTCTCTCT...	0.9198
assembly_prodigal_300.fasta	155251	ATGTTGGGACATTCAGCGAC...	0.9464
assembly_prodigal_300.fasta	155252	ATGGTCTTCACTCTCTCCTC...	0.7432
assembly_prodigal_300.fasta	155259	ATGTTCTTTTTTTGTCTATA...	0.8052
assembly_prodigal_300.fasta	155410	ATGGCCTGTCTGAGAGCCAG...	0.7112
assembly_prodigal_300.fasta	155412	ATGATGTGTGTGGGACACAT...	0.8984
assembly_prodigal_300.fasta	155434	ATGAATGTGGATGATCCCTA...	0.7315
assembly_prodigal_300.fasta	155469	GTGGATGTCACTGATTATAC...	0.6948
assembly_prodigal_300.fasta	155491	ATGTTTCACACCCTGCACTT...	0.8076
assembly_prodigal_300.fasta	155493	GTGACATCACCTGCCGCCCC...	0.7167
assembly_prodigal_300.fasta	155518	ATGTGCGCCCCTCCCTGCCT...	0.6667
assembly_prodigal_300.fasta	155540	ATGTGCACAGTGCAAGATAA...	0.6657
assembly_prodigal_300.fasta	155557	TCACTAGATCCGGATTTCTA...	0.6658
assembly_prodigal_300.fasta	155564	ATGCACTTGGATGGTTTCTC...	0.9280
assembly_prodigal_300.fasta	155639	ATGCTCCACTGCTCCACTTT...	0.7926
assembly_prodigal_300.fasta	155727	ATGTCATCACGCTGTCTGAG...	0.6691
assembly_prodigal_300.fasta	155914	ATGTCACCCCACATCCAGCC...	0.7705
assembly_prodigal_300.fasta	156009	GCTGCTCACCTTGGATGTGG...	0.8235
assembly_prodigal_300.fasta	156017	ATGGATGCTAACACCCAACT...	0.7198
assembly_prodigal_300.fasta	156254	ATGGCTACTATCATATTTGA...	0.6577
assembly_prodigal_300.fasta	156488	AGAGACGTGACTTCTTCATT...	0.7249
assembly_prodigal_300.fasta	156515	GTGGCTCATGCGACGGAGGA...	0.7152
assembly_prodigal_300.fasta	156540	GGTTTAAGTGAGCAGCTTAA...	0.6504
assembly_prodigal_300.fasta	156575	TGTGCGCTGTCTTCGATTCG...	0.8698
assembly_prodigal_300.fasta	156604	ATGGTGACAATAATGATGAG...	0.7763
assembly_prodigal_300.fasta	156675	CGGACAATGCTGAAAGAGCA...	0.8399
assembly_prodigal_300.fasta	156816	ATGAACTGTTTGTTCTGTTT...	0.7060
assembly_prodigal_300.fasta	156824	ATGTCCTCCACGTCTAAATC...	0.7507
assembly_prodigal_300.fasta	156830	GTAGCCGTTTCGCCGAGTGA...	0.8167
assembly_prodigal_300.fasta	156851	ATGCAGGCTGCAGGTGAATC...	0.9539
assembly_prodigal_300.fasta	156990	CAGGTCCTAACCACGACCCA...	0.8416
assembly_prodigal_300.fasta	157039	GTGGGAGGTCATCCACCGGC...	0.7656
assembly_prodigal_300.fasta	157119	ATGGACACACATACGCACAT...	0.6709
assembly_prodigal_300.fasta	157172	ATGGTAATGTTTGAAAATCC...	0.7444
assembly_prodigal_300.fasta	157192	TATCTAAATGAAAAAACAGA...	0.7042
assembly_prodigal_300.fasta	157225	ATGAACTATTTATTGAACAA...	0.7082
assembly_prodigal_300.fasta	157246	ATGGCACTCTCCTCTGTCCT...	0.6697
assembly_prodigal_300.fasta	157247	GCATGCATGCCTGCACAGTT...	0.7601
assembly_prodigal_300.fasta	157380	CACCAACTCGGAGCTCTGTT...	0.7326
assembly_prodigal_300.fasta	157611	ACCGTTGATTACAGAAGCTT...	0.6696
assembly_prodigal_300.fasta	157625	ATGCTTCTTTTTTTTTTCTT...	0.6610
assembly_prodigal_300.fasta	157682	ATGGTAGCTGCCCATGAGTT...	0.7242
assembly_prodigal_300.fasta	157685	GTGCCTCCAGATGGTGAGGT...	0.8075
assembly_prodigal_300.fasta	157712	ATGTCTCCAAACCCCACCGT...	0.6778
assembly_prodigal_300.fasta	157725	TTTACAGTAGCTCCCACAAT...	0.6787
assembly_prodigal_300.fasta	157762	ATGTTTGATGGGCTTAAAGA...	0.8484
assembly_prodigal_300.fasta	157826	GTGTTTGGCCTGGCTTCGTC...	0.7402
assembly_prodigal_300.fasta	157862	ATGGCCACCAAGTGCCGCCT...	0.7104
assembly_prodigal_300.fasta	157866	ATGAAGAAGCACCAGTCTGT...	0.6858
assembly_prodigal_300.fasta	157886	CACACACACACACACACACA...	0.7164
assembly_prodigal_300.fasta	157926	ATGACTTCTATTGCTGCCAC...	0.6541
assembly_prodigal_300.fasta	157992	ATGGATGTTGATGTTTTCTG...	0.7995
assembly_prodigal_300.fasta	158095	GTGAAACAACAGCTGACTCC...	0.6510
assembly_prodigal_300.fasta	158103	ATGTTCCTGAATCAGCAGGA...	0.7753
assembly_prodigal_300.fasta	158139	ATGGACGAGGAGGAGGAGCA...	0.7915
assembly_prodigal_300.fasta	158231	TGTTCAGGAGGAGAGATCGG...	0.8579
assembly_prodigal_300.fasta	158237	ATGGCACCCCAATATCACAA...	0.7424
assembly_prodigal_300.fasta	158263	ATGAGGAACGGAGCCGGTCC...	0.6742
assembly_prodigal_300.fasta	158294	GCACCTCCTCCAGAGGAGAA...	0.8616
assembly_prodigal_300.fasta	158298	ATGAAAGGTGCAGCGACCTG...	0.6861
assembly_prodigal_300.fasta	158355	CAGGCTGCTCTTTTGGCGCT...	0.6996
assembly_prodigal_300.fasta	158368	ATGTTCCGTTTTGTTGTTCT...	0.7443
assembly_prodigal_300.fasta	158525	CCTGCCCCCGCCGCCCCCGC...	0.9886
assembly_prodigal_300.fasta	158544	GCGGGAAGCTGCTGGCATGT...	0.7358
assembly_prodigal_300.fasta	158593	CATGATGAGGATGACAAAGC...	0.6605
assembly_prodigal_300.fasta	158602	ATGGTGCGTCTCCAGAGAGT...	0.8217
assembly_prodigal_300.fasta	158618	ATGGTACAGCTTCCCCGCCT...	0.7048
assembly_prodigal_300.fasta	158637	ATGAGCTTTTCTCTCACACC...	0.7104
assembly_prodigal_300.fasta	158645	GTGATAAGCGTCAGCAGACA...	0.6634
assembly_prodigal_300.fasta	158666	ATGTCGCTTGCCACTCATGA...	0.8837
assembly_prodigal_300.fasta	158741	ATGAATCAGCTGATCGGTGC...	0.6666
assembly_prodigal_300.fasta	158743	CTTCCTCCTTTATTTCATTT...	0.7539
assembly_prodigal_300.fasta	158800	ATGTCAGTTTGTACTTTAGC...	0.7263
assembly_prodigal_300.fasta	158805	GTGATTTCTCTCTCCTCTCC...	0.7946
assembly_prodigal_300.fasta	159125	GTGAATTTAATAAATAACAA...	0.9107
assembly_prodigal_300.fasta	159136	ATGGGGGTTGTGACGCTCAA...	0.7058
assembly_prodigal_300.fasta	159232	ATGACAGAGAAGGAGAAAGT...	0.7064
assembly_prodigal_300.fasta	159247	CAGTCTAATTTACATGTGGA...	0.9096
assembly_prodigal_300.fasta	159304	ATGCGGCTGTTCTCTGCGTC...	0.8470
assembly_prodigal_300.fasta	159321	ATGTCACCCTCCTATCTGAA...	0.7757
assembly_prodigal_300.fasta	159354	ATGCTCGTCCCACACATACC...	0.6782
assembly_prodigal_300.fasta	159379	ATGAAAGTGCTGAAAACGAC...	0.7455
assembly_prodigal_300.fasta	159380	CTCTTCTTCCTCCTCTTCCT...	0.9980
assembly_prodigal_300.fasta	159398	ATGGGAGCCATTTGGGTCTA...	0.7585
assembly_prodigal_300.fasta	159424	ATGAACACAAGCTCAGGCTC...	0.6715
assembly_prodigal_300.fasta	159500	ATGTACTTCTTTTGCGTCCT...	0.7734
assembly_prodigal_300.fasta	159503	ATGGACTCTGGTGTAAACAC...	0.6855
assembly_prodigal_300.fasta	159516	AGATGGCTTGCATTTTCTAT...	0.7448
assembly_prodigal_300.fasta	159534	ATGTATCATGTCCTCTTGCT...	0.8671
assembly_prodigal_300.fasta	159611	ATGCTTGTTTATTGGAAAAA...	0.6886
assembly_prodigal_300.fasta	159619	ATGGGACACACACCCCCATA...	0.7774
assembly_prodigal_300.fasta	159684	ATGGAGCCAGAAAGTGTGCA...	0.6853
assembly_prodigal_300.fasta	159788	TCTCAGCGTACAGTAACCCT...	0.6871
assembly_prodigal_300.fasta	159801	ATGCAGAGGAATCCCATGAG...	0.7309
assembly_prodigal_300.fasta	160005	AGTGTCCCAGGCGTGCAGCT...	0.7349
assembly_prodigal_300.fasta	160015	ATGTTCATGTGTATTGATTT...	0.6590
assembly_prodigal_300.fasta	160052	ATGTGTTTTTTTGGGGTTTT...	0.7235
assembly_prodigal_300.fasta	160092	ATGAGTCTCACCTCTCTCAC...	0.6529
assembly_prodigal_300.fasta	160153	ATGACTGACAGTGTCCCTCA...	0.7524
assembly_prodigal_300.fasta	160159	ATGGTGACCGCAGGCCTAAT...	0.8296
assembly_prodigal_300.fasta	160228	ATGCCCGATGCCAACAAAGA...	0.6608
assembly_prodigal_300.fasta	160299	GTGTCGGTAACGTCTCCGTC...	0.8609
assembly_prodigal_300.fasta	160362	ATGATTTATGCGCAAGACAC...	0.8194
assembly_prodigal_300.fasta	160396	ATGGCCCCTTCTCTGTTTTT...	0.6770
assembly_prodigal_300.fasta	160411	ATGGTTAAAAGGCCATTTCA...	0.7466
assembly_prodigal_300.fasta	160482	ATGCTAACAATTGTTGAGCT...	0.6525
assembly_prodigal_300.fasta	160663	ATGCATAAAACCTGCTCAGT...	0.6747
assembly_prodigal_300.fasta	160664	GTGGCGGCGGCGCTGCGTTC...	0.7222
assembly_prodigal_300.fasta	160695	ATGGAAGTGAACGAGCGTCT...	0.7592
assembly_prodigal_300.fasta	160745	CAGAACCAGAACCAGAACCA...	0.7131
assembly_prodigal_300.fasta	160746	TATCACAGTTATTTTCAAAT...	0.6777
assembly_prodigal_300.fasta	160774	ATGGATATATGTTGTCCTCC...	0.8247
assembly_prodigal_300.fasta	160779	GTGCTGGCTGTAACTCGTGG...	0.7552
assembly_prodigal_300.fasta	160792	GTGCTCACTCCTGCCTCCCT...	0.7069
assembly_prodigal_300.fasta	160861	AGCATACTTATCTTCCTCAG...	0.6592
assembly_prodigal_300.fasta	160869	ATGCCTACAGGTATGTTTGC...	0.7596
assembly_prodigal_300.fasta	160870	ATGGAGAGCTGCTCTGCCTG...	0.8103
assembly_prodigal_300.fasta	160898	GGAGGAGGGGGAGGGGAGGA...	0.7151
assembly_prodigal_300.fasta	160980	CTCTTCCTTAAACCTATTCT...	0.6519
assembly_prodigal_300.fasta	161035	ATGTATTCTCTTTCATTTGT...	0.7687
assembly_prodigal_300.fasta	161089	ATGCTAATTGCCTGGGATAT...	0.8909
assembly_prodigal_300.fasta	161155	ATGGAAGTTGCTTGGAAGCT...	0.6535
assembly_prodigal_300.fasta	161195	ATGCGGCTTCATCGACTGGT...	0.7133
assembly_prodigal_300.fasta	161216	GTGTGTGTTGTGTGTGTTAT...	0.7647
assembly_prodigal_300.fasta	161301	ATGGCTTTTGTAATGAGAGG...	0.6837
assembly_prodigal_300.fasta	161458	GTGATCTTCGCTTCCAACTT...	0.7150
assembly_prodigal_300.fasta	161502	ATGGGTTTGCTGCTCAACGG...	0.8608
assembly_prodigal_300.fasta	161504	ATGGTAGACTCTTCTTCAAT...	0.7442
assembly_prodigal_300.fasta	161505	ATGCATTGCTTTCGCTTATT...	0.6942
assembly_prodigal_300.fasta	161519	CGTCTGCAGGACGCGCACAA...	0.9569
assembly_prodigal_300.fasta	161583	GTGTCAATTAAAGCTGCAAG...	0.9132
assembly_prodigal_300.fasta	161607	ATGTTTTCAATATACACATA...	0.6669
assembly_prodigal_300.fasta	161691	ATGGTCTATGAGGACTGCTG...	0.6731
assembly_prodigal_300.fasta	161735	ATGACGACTGGCTCCGCCTC...	0.9496
assembly_prodigal_300.fasta	161744	ATGCCGTACGGTGGTATTGA...	0.6650
assembly_prodigal_300.fasta	161755	ATGGGTTACAGGGTGAGCTC...	0.8460
assembly_prodigal_300.fasta	161762	ATGGATAGTGAGCTTCCATG...	0.7309
assembly_prodigal_300.fasta	161771	TCACCTGCGGGTGTAATGCT...	0.6661
assembly_prodigal_300.fasta	161878	ATGATTCCTTTTAGGCTAAA...	0.8068
assembly_prodigal_300.fasta	161898	GTGGCGCAGGTCTGCTTCTG...	0.8584
assembly_prodigal_300.fasta	161937	ATGACAGCATGTAGACATGA...	0.7205
assembly_prodigal_300.fasta	161993	ATGGATCTTGTTGGTCCCCT...	0.7970
assembly_prodigal_300.fasta	161999	ATCAGGCTCCTCTCCTGTGG...	0.7258
assembly_prodigal_300.fasta	162153	TGGCTGCCGGCCATTGGCGT...	0.6889
assembly_prodigal_300.fasta	162202	ATGCTAGCATTTAGCAGAGT...	0.7207
assembly_prodigal_300.fasta	162269	ATGGACTCTGTAAGTATTCG...	0.6733
assembly_prodigal_300.fasta	162271	GTGGAAGGCTACGCCGCGCC...	0.8092
assembly_prodigal_300.fasta	162289	TACCGCGTCTACCCACAAAT...	0.7862
assembly_prodigal_300.fasta	162355	ATGTCTGATAACAACACACC...	0.7184
assembly_prodigal_300.fasta	162478	GTGGCTATCCTAGGCCAGGG...	0.9152
assembly_prodigal_300.fasta	162482	ATGGCAAACAACCTGTTCAG...	0.7937
assembly_prodigal_300.fasta	162517	GTGCTTAAAAAACCAGCGGC...	0.9277
assembly_prodigal_300.fasta	162523	CCCACCATTGTTGCCACTGA...	0.6720
assembly_prodigal_300.fasta	162528	TTAACCATTCAATCAAAATG...	0.7229
assembly_prodigal_300.fasta	162605	GTGTCCGTCAGGTCCAGCGA...	0.9857
assembly_prodigal_300.fasta	162646	ATGATATGTGATAAGGCGGT...	0.8617
assembly_prodigal_300.fasta	162761	ATGGACCCGGTTCTGGTTCT...	0.7431
assembly_prodigal_300.fasta	162807	GTGTGGAACAGCTCCAGCCT...	0.9170
assembly_prodigal_300.fasta	162975	ATGCTGCTCACTGCCCGTCT...	0.8551
assembly_prodigal_300.fasta	162978	TTGTGTCTGTTCTTCCTCGT...	0.7451
assembly_prodigal_300.fasta	162986	ATGTTGCTCTGTATACTCTT...	0.6692
assembly_prodigal_300.fasta	162992	ATGTTCTTCTTTATCCTACA...	0.7057
assembly_prodigal_300.fasta	163061	GTTGCCAAGGTGACGGCGTT...	0.8319
assembly_prodigal_300.fasta	163145	ATGATGCATGAGGCCGAGCT...	0.6574
assembly_prodigal_300.fasta	163263	ATGGCTGATGGAGAAACTGA...	0.6709
assembly_prodigal_300.fasta	163287	GTGTTCCTGGCCTCTTCTGC...	0.7580
assembly_prodigal_300.fasta	163293	ATGAAGGAGAATAGAGAAGG...	0.8949
assembly_prodigal_300.fasta	163310	TCCCTGATAATGGAGGTAAT...	0.6529
assembly_prodigal_300.fasta	163322	TTGATTGTTCAATCAGCCTG...	0.6828
assembly_prodigal_300.fasta	163359	TCAGACATAGAAGCTGCTCT...	0.7691
assembly_prodigal_300.fasta	163391	ATGCTGCGTTACCACGGCGA...	0.6695
assembly_prodigal_300.fasta	163505	CTGCAGCTCCTACTGGCTGA...	0.9510
assembly_prodigal_300.fasta	163543	ATGTTGCATGTTTATACACT...	0.6647
assembly_prodigal_300.fasta	163547	ATGGCCTTTACTTCGGTCAG...	0.6567
assembly_prodigal_300.fasta	163551	ATGATATCTTCAGTTTCTTA...	0.8847
assembly_prodigal_300.fasta	163554	ATGCAGATCCACACCTCTCC...	0.8741
assembly_prodigal_300.fasta	163671	TTTTTTTTTTTTTGGATGTT...	0.7106
assembly_prodigal_300.fasta	163693	ATGACGTGCATTGTTAAACT...	0.8134
assembly_prodigal_300.fasta	163902	ATGTCTGAGCAACTGAACTG...	0.8286
assembly_prodigal_300.fasta	164032	ATGTTTTGGCTCCGCCCTCT...	0.8748
assembly_prodigal_300.fasta	164065	GTGGCCAAGCCTGACCTAGC...	0.6778
assembly_prodigal_300.fasta	164080	ATGGTCTTTTGCCTGGACCC...	0.7300
assembly_prodigal_300.fasta	164089	ATGACTGGGGCGTACCCTCC...	0.9006
assembly_prodigal_300.fasta	164091	ATGTATATATATTTTGATTT...	0.7054
assembly_prodigal_300.fasta	164093	ATGTCTGCTTCTTTCTGTGT...	0.8528
assembly_prodigal_300.fasta	164208	ATGCCAACAGCTAGGCTTAT...	0.7100
assembly_prodigal_300.fasta	164218	ATGTGTCTGTCTGATTACCC...	0.7322
assembly_prodigal_300.fasta	164309	ATGCTTCCTAGTCTGCCCGC...	0.6977
assembly_prodigal_300.fasta	164370	ATGAGCTTAAATGTGTGTGC...	0.8037
assembly_prodigal_300.fasta	164432	ATTGATATATCAGGTTTTTC...	0.7332
assembly_prodigal_300.fasta	164474	ATGCCTCTTTCTTTTCTCCC...	0.7629
assembly_prodigal_300.fasta	164521	GGAGATGACTCAACTGTCTA...	0.8587
assembly_prodigal_300.fasta	164525	CCGCGGGTCGCCTCGCACGC...	0.8236
assembly_prodigal_300.fasta	164594	ATCGACCCTGCCTCGCATAT...	0.6595
assembly_prodigal_300.fasta	164597	ATGGCAGAGACGGTGTTTTT...	0.6887
assembly_prodigal_300.fasta	164601	ATGCAGTGTTATTTTATTAC...	0.6809
assembly_prodigal_300.fasta	164643	TCTTCTACTTTCTGTGAACT...	0.8074
assembly_prodigal_300.fasta	164672	ATGTGTATTATGGAAAAGGT...	0.9004
assembly_prodigal_300.fasta	164726	TTCGACACCCCATCCCAACG...	0.7670
assembly_prodigal_300.fasta	164768	AATCGACCTCCTCGATCGCC...	0.7060
assembly_prodigal_300.fasta	164801	ATGGGAAATAAAGCTCTGGA...	0.7236
assembly_prodigal_300.fasta	164868	CTGTTAATGTCTCTCGCCCT...	0.9699
assembly_prodigal_300.fasta	164919	TCATTGGTTTTTGTCCTTTT...	0.7209
assembly_prodigal_300.fasta	165006	ATGCTATCTCAAGTCGACAG...	0.6699
assembly_prodigal_300.fasta	165014	ATGATAGAAAGCATTAACAT...	0.6619
assembly_prodigal_300.fasta	165041	GCAGGTGCGTCCTTCCTCGC...	0.6702
assembly_prodigal_300.fasta	165114	ATGTTTACAGATCTTCCTCC...	0.7391
assembly_prodigal_300.fasta	165128	AGATGTAGACCCATTCCTAG...	0.7664
assembly_prodigal_300.fasta	165151	GTGCTTTTCTTTCTTGTGAC...	0.7895
assembly_prodigal_300.fasta	165187	TTGGCGGCCAGCTGGGCTTC...	0.7311
assembly_prodigal_300.fasta	165228	AAATTAGACAATGTGCGTCT...	0.6728
assembly_prodigal_300.fasta	165235	ATGGCCACAGTGCTGAGTGT...	0.6782
assembly_prodigal_300.fasta	165254	ATGTGCCATGGATTCCATTC...	0.7425
assembly_prodigal_300.fasta	165274	GCTCTGGGCATCGAGATCGT...	0.7474
assembly_prodigal_300.fasta	165276	CTGCTGTCTCTTTACTCTAA...	0.7879
assembly_prodigal_300.fasta	165289	CTTCACCTTCTGCTTCTGTT...	0.9227
assembly_prodigal_300.fasta	165403	TTGCTTCCTCGTAACGGGCA...	0.6955
assembly_prodigal_300.fasta	165426	GTTTATGAAGAAAATGACTT...	0.7009
assembly_prodigal_300.fasta	165450	ATGTTGGCATGGCTCACTTT...	0.6672
assembly_prodigal_300.fasta	165490	TTTGCTGACGACACCCATCT...	0.6960
assembly_prodigal_300.fasta	165599	CTCTCTCTTTCTCTCTCTCT...	0.8123
assembly_prodigal_300.fasta	165636	ATGGTCCTGGTCCTGGTCCT...	0.8634
assembly_prodigal_300.fasta	165646	ATGGATCGCCTCCTCCTTCC...	0.8822
assembly_prodigal_300.fasta	165709	CTTCTACTGGTCCTTTATGC...	0.7202
assembly_prodigal_300.fasta	165757	GTGTGTGTCTCTCTGTCCTA...	0.7120
assembly_prodigal_300.fasta	165800	CCTCATGTGTTGATGACTCC...	0.6817
assembly_prodigal_300.fasta	165803	CTCGCTCCTCGTCACTCCAT...	0.8106
assembly_prodigal_300.fasta	165859	ATGGAAAATCCTGGACAGTT...	0.7304
assembly_prodigal_300.fasta	165894	ATGGAGATCAGTAAAGGTCA...	0.8145
assembly_prodigal_300.fasta	165926	TCCTGGTCTTCATCCCGGCT...	0.7910
assembly_prodigal_300.fasta	166029	GAGGCCGAACCCAAATTCCC...	0.8237
assembly_prodigal_300.fasta	166164	ACACACGTCCTCAGGAGGAT...	0.7867
assembly_prodigal_300.fasta	166211	ATGACACCTTATATCACAAT...	0.6941
assembly_prodigal_300.fasta	166218	ATGCTGGAACCCCTGGATGT...	0.6571
assembly_prodigal_300.fasta	166224	ATGTGTGCCATGTCTGCCAG...	0.7046
assembly_prodigal_300.fasta	166292	ATGCGGTACCGGACCATCTC...	0.8016
assembly_prodigal_300.fasta	166304	ATGGTCTGGCCATTTATCTC...	0.7432
assembly_prodigal_300.fasta	166361	ATGTGTCCCCCACAAATTTT...	0.6528
assembly_prodigal_300.fasta	166395	ATGGGTGGTCTGAGAGGTGC...	0.6616
assembly_prodigal_300.fasta	166558	GTCCCAACAATTCAGAGATC...	0.6796
assembly_prodigal_300.fasta	166561	ATGGTTCCGAGCCAGATGAA...	0.7949
assembly_prodigal_300.fasta	166571	GCTTGGCCTTTACACCACCA...	0.7883
assembly_prodigal_300.fasta	166611	ATGCCCCTGATTCAATCTAA...	0.6850
assembly_prodigal_300.fasta	166636	ATGAAAGGAGAGAGAGCAGC...	0.8472
assembly_prodigal_300.fasta	166679	ATGGTGTCGCTCCTTCTGGG...	0.8270
assembly_prodigal_300.fasta	166690	CATCCTGTAAATCTTTTCCT...	0.6657
assembly_prodigal_300.fasta	166758	TATGTGTGTGTGGCTGGAGT...	0.7008
assembly_prodigal_300.fasta	166827	ATGGATAGAGCTATTTTTAA...	0.6568
assembly_prodigal_300.fasta	166935	ATGATTTTCGTTAGCTGCTC...	0.6714
assembly_prodigal_300.fasta	166962	ATGAAAATGACAAAACCCCA...	0.6739
assembly_prodigal_300.fasta	166965	ATGTATTGTTTTCCCATCCA...	0.8350
assembly_prodigal_300.fasta	167002	ATGATTTGTGTTATCCAATC...	0.6708
assembly_prodigal_300.fasta	167013	GTGACTGGTAAACTCTTCAA...	0.8107
assembly_prodigal_300.fasta	167057	TTGTCTCTGCCTCTGCCTCT...	0.6541
assembly_prodigal_300.fasta	167182	ATGATTCTCTTTTTCTTCTC...	0.9155
assembly_prodigal_300.fasta	167195	GTGCCGCGGGCGGCGTCCAG...	0.7345
assembly_prodigal_300.fasta	167196	CACTCACACACACTCACACA...	0.8928
assembly_prodigal_300.fasta	167206	ATGTTTTTTTTTAATGACAC...	0.7277
assembly_prodigal_300.fasta	167345	ATGCTTGTTTGTTTTATCTT...	0.7075
assembly_prodigal_300.fasta	167410	CTCTTCCCCTTGACTCTTTT...	0.7611
assembly_prodigal_300.fasta	167429	AGGCTTTTTCTTTCCTTTGA...	0.7698
assembly_prodigal_300.fasta	167534	GATAATGCTGATGCCTTTGC...	0.7039
assembly_prodigal_300.fasta	167588	ATGATGACCTCTCTTAAAAA...	0.6646
assembly_prodigal_300.fasta	167637	GTGACTCCCAACTTACGTCT...	0.7678
assembly_prodigal_300.fasta	167649	ATGTCTAGGTGTCTGAGTAT...	0.8772
assembly_prodigal_300.fasta	167731	ATGAATGGATTTTTTCCCCC...	0.7010
assembly_prodigal_300.fasta	167735	ATGCAGGCTGTCCTCTTCCT...	0.6778
assembly_prodigal_300.fasta	167771	ATGCATCCCAGCAAAGTGAG...	0.6825
assembly_prodigal_300.fasta	167924	ATGTTTAGGCATGTTTGGAT...	0.8267
assembly_prodigal_300.fasta	167953	ATGGATCAACAACGTGTTTC...	0.7047
assembly_prodigal_300.fasta	168030	GATCGAGCGTTGTATGCGTA...	0.7017
assembly_prodigal_300.fasta	168131	TTTAAGGTCCTCGAGAGAAT...	0.6570
assembly_prodigal_300.fasta	168133	ATGGCACCATACATGCACAC...	0.6668
assembly_prodigal_300.fasta	168208	ATGCCCCTGTTTCCAAGTTT...	0.7676
assembly_prodigal_300.fasta	168251	ATGGCAGAGTCCCCAACCCC...	0.6566
assembly_prodigal_300.fasta	168294	ATGAGTCTTACAAATGCATC...	0.7417
assembly_prodigal_300.fasta	168326	CCAATTCAGGCATTTCCACT...	0.7538
assembly_prodigal_300.fasta	168381	ATGCAACTCAGTGGTCCAGA...	0.6759
assembly_prodigal_300.fasta	168421	ATGTCTCCAGTACAATATGA...	0.6767
assembly_prodigal_300.fasta	168466	CCCACCCCTAACCCTATCCT...	0.9441
assembly_prodigal_300.fasta	168493	ATGGTCTCACTTCCTCTTAC...	0.7142
assembly_prodigal_300.fasta	168522	ATGCTATCACAGTCAACCGA...	0.6799
assembly_prodigal_300.fasta	168630	ATGGATTATAAGATGGATGG...	0.6651
assembly_prodigal_300.fasta	168794	GGCTCTGATGCTCACCAGTC...	0.6596
assembly_prodigal_300.fasta	168903	TACACCTGCTACACCTGTTA...	0.9440
assembly_prodigal_300.fasta	168994	GCATTAACCGTTTCCTCTGC...	0.7011
assembly_prodigal_300.fasta	169012	ATGCACAACCGTTATTTTTT...	0.7577
assembly_prodigal_300.fasta	169040	ATGTCTTTCTATTTGTACCT...	0.8127
assembly_prodigal_300.fasta	169041	CCTCTCTCCCTCCCTCTCTC...	0.9361
assembly_prodigal_300.fasta	169052	ATGTTTGTGCTCCCCTCATT...	0.7668
assembly_prodigal_300.fasta	169057	CCCTCGACTCCCCCGGAGGC...	0.6800
assembly_prodigal_300.fasta	169097	ATGACCTGCGCATTTACAAA...	0.7149
assembly_prodigal_300.fasta	169100	ATGTTTGTGTTTTCCTACCG...	0.7392
assembly_prodigal_300.fasta	169187	ATGGACTATGCCCATTACAT...	0.6631
assembly_prodigal_300.fasta	169248	GTGATCTGCTCTTGCCCGGC...	0.7259
assembly_prodigal_300.fasta	169280	TGGCTCCCTGACAAAAAAAG...	0.6644
assembly_prodigal_300.fasta	169297	ATGATTACTCTTCTGAATGC...	0.7192
assembly_prodigal_300.fasta	169329	ATGTATAAATATTATGAGTT...	0.6783
assembly_prodigal_300.fasta	169346	ATGAAATATTTACCCGCCCG...	0.7191
assembly_prodigal_300.fasta	169349	TCCCTCTCTCTCTGCTCTCC...	0.6835
assembly_prodigal_300.fasta	169350	ATGTTTGTGACCAAATGTAT...	0.8524
assembly_prodigal_300.fasta	169357	GTGGTGGTGGTGGAAAAGAA...	0.8306
assembly_prodigal_300.fasta	169399	GTGCGGGTGGACTATACCTT...	0.7245
assembly_prodigal_300.fasta	169414	ATGACAAGACACATGTCTGG...	0.8195
assembly_prodigal_300.fasta	169487	ATGACTCTCTTCTTTTTTTT...	0.7323
assembly_prodigal_300.fasta	169529	ATGCAAGTCTATAGTCCAGA...	0.6579
assembly_prodigal_300.fasta	169606	CACACACACACACACACACA...	0.6537
assembly_prodigal_300.fasta	169647	CCTCCTTTTTTGTATTTAGA...	0.6687
assembly_prodigal_300.fasta	169692	ATGATTGTATCTGCTGCAGG...	0.6707
assembly_prodigal_300.fasta	169718	CAGCAGCAGCAGAAACACAT...	0.7605
assembly_prodigal_300.fasta	169838	ATGGGCCTCGGCGGTCTCCG...	0.6902
assembly_prodigal_300.fasta	169970	ATGCACACACTCACCCCCAC...	0.6560
assembly_prodigal_300.fasta	169980	ATGATTGTGCAAGATCTGCA...	0.6725
assembly_prodigal_300.fasta	170134	GTGCTCCCTCTCTTCATTCA...	0.8488
assembly_prodigal_300.fasta	170136	GTGGCGGCCTGTGACACAGG...	0.7499
assembly_prodigal_300.fasta	170152	ATGCAGCTGAGCCGTAAAGC...	0.7156
assembly_prodigal_300.fasta	170181	CACCCACAACCCACACGTTC...	0.7477
assembly_prodigal_300.fasta	170186	ATGGCGTTAAACTGCATCCC...	0.6751
assembly_prodigal_300.fasta	170193	TTGCTTCTTCTTCTTCTTCT...	0.7935
assembly_prodigal_300.fasta	170271	TCTTTCATTCACTCCTCCAT...	0.8098
assembly_prodigal_300.fasta	170316	CACACACACACACACACACA...	0.7344
assembly_prodigal_300.fasta	170332	ATGACGTCCACTGTGACCTT...	0.7101
assembly_prodigal_300.fasta	170360	ATGTTTGCTGATTGTGTCAA...	0.6561
assembly_prodigal_300.fasta	170368	TCGAACCTTCCCGCAACTGA...	0.6560
assembly_prodigal_300.fasta	170374	ATGGAGGGGGGGCCGGGACC...	0.6586
assembly_prodigal_300.fasta	170382	ATGTCTGTTATGCCTCCTAT...	0.8346
assembly_prodigal_300.fasta	170385	ATGTGTGTGTGTGTGTGTGT...	0.7603
assembly_prodigal_300.fasta	170502	ATGGTAACAAACTGCTTATC...	0.7251
assembly_prodigal_300.fasta	170617	TCTCTCTATGTCTCTCTCTT...	0.8741
assembly_prodigal_300.fasta	170630	ATGAACCCCACACACACACA...	0.6602
assembly_prodigal_300.fasta	170790	TCTCTCTCTCTCTCTCTCTC...	0.7836
assembly_prodigal_300.fasta	170864	GTGAGTCTTCATGTGATCCT...	0.7238
assembly_prodigal_300.fasta	170903	ATGAGCATTTGCCTATTTAT...	0.8087
assembly_prodigal_300.fasta	170950	TCTAATAATATGACGTCTAA...	0.6924
assembly_prodigal_300.fasta	170967	ATGGTTCTACAGGGTTCTAC...	0.7471
assembly_prodigal_300.fasta	170992	GGACTACTTACCATTCTCAT...	0.8663
assembly_prodigal_300.fasta	170993	ATGCTGCCCCCCACCCCCCA...	0.7230
assembly_prodigal_300.fasta	171129	ATGTTTTGTTTATTTGTTTA...	0.6529
assembly_prodigal_300.fasta	171141	ATGCATGTGAGCTCCTGTAA...	0.6736
assembly_prodigal_300.fasta	171302	TCTGGTTTATCCGTTCTGCA...	0.9828
assembly_prodigal_300.fasta	171366	ATGGAGGAGTCAGTCACCAA...	0.8800
assembly_prodigal_300.fasta	171372	ACTCTCTCTCTCTCACACAC...	0.7478
assembly_prodigal_300.fasta	171438	GAATTGTCCCATTTACAGGT...	0.9286
assembly_prodigal_300.fasta	171510	ATGACTATTTGTAAGACATT...	0.6684
assembly_prodigal_300.fasta	171633	GTGGCTGATGTGTTCCTCTC...	0.7758
assembly_prodigal_300.fasta	171753	ATGGTCACAGCAGGCCTCAT...	0.7820
assembly_prodigal_300.fasta	171762	ATGGGGTGTGTTATTTTTGC...	0.7443
assembly_prodigal_300.fasta	171787	TTGAGTCGTAATGCACCAAA...	0.6757
assembly_prodigal_300.fasta	171920	ATGTCTTCATGGTTTAACCT...	0.7693
assembly_prodigal_300.fasta	171952	ATGAACCCAGAAAAGGTCTC...	0.7888
assembly_prodigal_300.fasta	171954	ACCATGAGTCAACTAGTGAT...	0.6933
assembly_prodigal_300.fasta	171955	ATGTGTCCAGTTAACTCAAA...	0.6984
assembly_prodigal_300.fasta	171995	ATGCTGCTGATTTCCTATAG...	0.8927
assembly_prodigal_300.fasta	172113	CAGATTTGGTCCAAGGGGCA...	0.6554
assembly_prodigal_300.fasta	172127	ATGATGGCTCCCCTCGCTCC...	0.9198
assembly_prodigal_300.fasta	172233	AATGTGACTGTCAAATACAT...	0.6899
assembly_prodigal_300.fasta	172391	CTAACCGTTTCCTCTGCTCC...	0.9062
assembly_prodigal_300.fasta	172407	ATGACTACATTTACTTTTTC...	0.7059
assembly_prodigal_300.fasta	172452	GTGCTGACAAGTGAAGGAAT...	0.6834
assembly_prodigal_300.fasta	172488	ATGTCTGTAGCCGGTAACAC...	0.7439
assembly_prodigal_300.fasta	172693	CTCTATTATCCGTCTCTATT...	0.8143
assembly_prodigal_300.fasta	172715	ATGCATGCGCTGCTCTCATA...	0.7314
assembly_prodigal_300.fasta	172758	ATGTATCTGTGGAAAGTAAT...	0.6542
assembly_prodigal_300.fasta	172764	ACTTTCGTTCTGAACTCTAC...	0.7846
assembly_prodigal_300.fasta	172785	ATGAGCGAGGAAGTCACAGC...	0.6647
assembly_prodigal_300.fasta	172807	AAGCTGACCCCCCGCCCGGC...	0.8179
assembly_prodigal_300.fasta	172912	ATGATCACACTTTCACTCAA...	0.6564
assembly_prodigal_300.fasta	172977	ATGAAAACAGTCAGTTATAC...	0.7102
assembly_prodigal_300.fasta	173054	CTGTGTTGTCGTCATAGCGA...	0.6662
assembly_prodigal_300.fasta	173063	ATGGGCGGAGCTGGAGTTGC...	0.6721
assembly_prodigal_300.fasta	173070	ATGTGTCTCAACAGGTGGAG...	0.7183
assembly_prodigal_300.fasta	173085	CACACTTCTGCACTGGATGA...	0.7677
assembly_prodigal_300.fasta	173173	ATGGGCTCCCCTCTGCTGCA...	0.7311
assembly_prodigal_300.fasta	173180	GTGTTGCATACAGCTCCGCC...	0.8441
assembly_prodigal_300.fasta	173205	ATGTCTTTATTGGAACACTT...	0.6596
assembly_prodigal_300.fasta	173209	CTCTCTCTCTCTCTCTCTCT...	0.7318
assembly_prodigal_300.fasta	173275	ATGGCAGGTCAGGTGTTGGA...	0.7387
assembly_prodigal_300.fasta	173299	ATGTTGATAGAAGCTGCTAA...	0.7241
assembly_prodigal_300.fasta	173330	GTGCGGTTTGAAATAACATT...	0.6563
assembly_prodigal_300.fasta	173354	ATGTTCTGTTCTGTTTCTAC...	0.9100
assembly_prodigal_300.fasta	173396	CCTCAATTAAATGTCCATTA...	0.6832
assembly_prodigal_300.fasta	173399	CTCCTCTTCCTCCTCTTCCT...	0.9745
assembly_prodigal_300.fasta	173403	ATGTTCTTTGTTAACTTTCA...	0.6580
assembly_prodigal_300.fasta	173445	GTGGACCAGGGTGGGGTGTT...	0.7381
assembly_prodigal_300.fasta	173455	ATGACCTTGCCATCTGCAGC...	0.7943
assembly_prodigal_300.fasta	173483	ATGCAGCCACTTACCGATGT...	0.7043
assembly_prodigal_300.fasta	173487	ATGTATTCTCTCCCTCCCCT...	0.6787
assembly_prodigal_300.fasta	173568	CAAAGTAACGGTCAACTCAT...	0.6506
assembly_prodigal_300.fasta	173604	ATGATGGAGGGCCTCTCTTT...	0.8190
assembly_prodigal_300.fasta	173617	CCTCTCTCATTCATGCCTTC...	0.8129
assembly_prodigal_300.fasta	173634	TCCTCAGCCCTTTTGCTAAT...	0.6796
assembly_prodigal_300.fasta	173645	ATGAATGCAGACACATGGAC...	0.7850
assembly_prodigal_300.fasta	173674	GTTTTCTCCTCGTCCTTCTT...	0.8164
assembly_prodigal_300.fasta	173684	ATGCCTGGTATCCACTTACA...	0.6606
assembly_prodigal_300.fasta	173780	ATGCCAGCACGTAGTCAATT...	0.7307
assembly_prodigal_300.fasta	173783	ATGACTCATTCGATATCTCG...	0.6675
assembly_prodigal_300.fasta	173793	ATGTATTTTTCTAATATCTC...	0.6524
assembly_prodigal_300.fasta	173867	ATGTTGTTAAACACCCGCTC...	0.7093
assembly_prodigal_300.fasta	173869	TTTCCGACTCACAATATGGA...	0.7969
assembly_prodigal_300.fasta	174030	ATGCAGGTGTCACTAGTCAC...	0.6553
assembly_prodigal_300.fasta	174086	GTGCCTTCAACCCATTGTGT...	0.7836
assembly_prodigal_300.fasta	174152	ATGGCACTTTCCTCCTCTTT...	0.7844
assembly_prodigal_300.fasta	174154	CGGCCCGTTCTCCCCGACGC...	0.9691
assembly_prodigal_300.fasta	174155	ATGGTGGACGCCGTCCTGGC...	0.7301
assembly_prodigal_300.fasta	174192	GTGTATATTTTGCTTAGGAA...	0.9670
assembly_prodigal_300.fasta	174196	ATGCATTATTGCAAGAATCA...	0.7943
assembly_prodigal_300.fasta	174205	ATGTTAGTGTGAATGCCAAC...	0.7140
assembly_prodigal_300.fasta	174270	ACTCTCCTGACACCTCTCCT...	0.9749
assembly_prodigal_300.fasta	174274	ATGTGGGTGTCTCTCGCCGG...	0.6619
assembly_prodigal_300.fasta	174334	ATGCGGGCCGGATTGCATGC...	0.7276
assembly_prodigal_300.fasta	174426	ATGATTCTCACCTCCTGCCG...	0.6620
assembly_prodigal_300.fasta	174451	ATGAATGAAACGACCGTCCT...	0.9676
assembly_prodigal_300.fasta	174475	CACACACACACACACACACA...	0.6544
assembly_prodigal_300.fasta	174487	ATGTCATCCACCCCTCTCTC...	0.8645
assembly_prodigal_300.fasta	174495	TTGACCTGTCTCCGGCCTGT...	0.6755
assembly_prodigal_300.fasta	174516	TATATTTTAGTAAGAGTTTT...	0.6519
assembly_prodigal_300.fasta	174572	GTGCGTGCGTGCGTGCATGT...	0.7484
assembly_prodigal_300.fasta	174604	CTCTGTTTCCCACTGTATCC...	0.6631
assembly_prodigal_300.fasta	174740	TTGGCTTGGTTGGAGCTTGA...	0.6502
assembly_prodigal_300.fasta	174747	ATGCGCTACTTTGGCTCTGA...	0.8398
assembly_prodigal_300.fasta	174864	ATGTGTGATGAAGAGGCTCC...	0.9381
assembly_prodigal_300.fasta	174923	CACCTCCTCCTCCTCGTCCT...	0.7666
assembly_prodigal_300.fasta	174938	CTCCTCTTCCTCCTCCTCCT...	1.0000
assembly_prodigal_300.fasta	175025	ATGTTACAACAAGGCAGGAA...	0.7166
assembly_prodigal_300.fasta	175075	ATGAATTCACAAAGAATTAT...	0.7187
assembly_prodigal_300.fasta	175142	ATGTTTAACATTTGTCTTGA...	0.7622
assembly_prodigal_300.fasta	175247	GTGACTGAGGGGCCCCGGGG...	0.6607
assembly_prodigal_300.fasta	175290	CTTGTTTTACCTACAAGTAC...	0.8880
assembly_prodigal_300.fasta	175311	ATGTGTGTGTGTCTTCTGCA...	0.7279
assembly_prodigal_300.fasta	175325	ATGAGTTCACTGTGGCTCAT...	0.8253
assembly_prodigal_300.fasta	175326	GTGCTCCCTACCTGGGGAAG...	0.6778
assembly_prodigal_300.fasta	175376	ATGGTGATTAACTTTCAGCC...	0.6757
assembly_prodigal_300.fasta	175473	ATGGTAGATGAACGCCCAGG...	0.6643
assembly_prodigal_300.fasta	175489	TCTCTCTCTCTCTCTCTCTC...	0.9216
assembly_prodigal_300.fasta	175554	GTGCTTCTACCCGGGCACCT...	0.9819
assembly_prodigal_300.fasta	175581	GATTTGATTTTTGATCACTT...	0.9588
assembly_prodigal_300.fasta	175602	ATGCAATCCCTTTTTTTGTT...	0.6857
assembly_prodigal_300.fasta	175627	ATGCTAGGTGGTATGAGTGA...	0.6924
assembly_prodigal_300.fasta	175699	GTGGGCGGGGGAGTTGGTGC...	0.6834
assembly_prodigal_300.fasta	175745	CCTGCATTCTTTTGTCACCT...	0.6729
assembly_prodigal_300.fasta	175769	GCAGTTTCCCTGCAGCTGAC...	0.8397
assembly_prodigal_300.fasta	175785	TCTCTTTCTGCTTCCTATGA...	0.6658
assembly_prodigal_300.fasta	175794	ATGCCCCTAATCCATTTATT...	0.8924
assembly_prodigal_300.fasta	175810	ATGCAGCGGGAAATCCTCTC...	0.6968
assembly_prodigal_300.fasta	175833	ATGTCATTCTCTGGAGCTCC...	0.7449
assembly_prodigal_300.fasta	175844	GTGTTTCGTTTGTTTTTCGT...	0.6580
assembly_prodigal_300.fasta	175845	TTAGGACCGTGTGTAACCGG...	0.9544
assembly_prodigal_300.fasta	175860	ATGTCCCTGACGGTATATCT...	0.7588
assembly_prodigal_300.fasta	175872	ATGTTCACTAAATTTCTCCC...	0.7273
assembly_prodigal_300.fasta	175876	ATGCTCTCTCTTGTCCTTTT...	0.6596
assembly_prodigal_300.fasta	175943	GTGGAACTTTCTTATTTTTC...	0.6590
assembly_prodigal_300.fasta	175949	CCATTAGTATTCATCCCAGA...	0.6906
assembly_prodigal_300.fasta	176029	ATGTCCAATGTGTTCGATTC...	0.9079
assembly_prodigal_300.fasta	176047	AATCGCTCATTCATTCACCC...	0.6645
assembly_prodigal_300.fasta	176144	ATTGATCTGATTCACCAGAT...	0.7072
assembly_prodigal_300.fasta	176149	ATGCTCCAGTACAGCCCCAT...	0.9319
assembly_prodigal_300.fasta	176177	ATGAAGGCAGTTACTTCCTC...	0.9014
assembly_prodigal_300.fasta	176180	CTCACCCCTCCTCCTTCTTC...	0.8880
assembly_prodigal_300.fasta	176202	ATGTATATAACTTTGCGGCC...	0.7249
assembly_prodigal_300.fasta	176215	ATGAAACTTGTCTCCCTACA...	0.6544
assembly_prodigal_300.fasta	176266	ATGAGAGTGGCCCTCTCCAT...	0.7105
assembly_prodigal_300.fasta	176274	GTGGGGCAACGGGCGCCGAT...	0.8579
assembly_prodigal_300.fasta	176277	GTGGGTGGGGGAGAACAATA...	0.7835
assembly_prodigal_300.fasta	176404	ATGTCCGGTCGGGATGCGAA...	0.7819
assembly_prodigal_300.fasta	176454	ATGAAAGTTGTGAAGCGTTT...	0.6952
assembly_prodigal_300.fasta	176511	TTGACTGTGGATATAGGCCA...	0.7390
assembly_prodigal_300.fasta	176526	ATGCGGGGGGTGAAGTCCAG...	0.6834
assembly_prodigal_300.fasta	176527	TTGTATTTAGTCCTCAGTCT...	0.8443
assembly_prodigal_300.fasta	176553	ATGGCTCATTTTGAATGGCC...	0.7847
assembly_prodigal_300.fasta	176578	ATGAATAAGGAAGGAGAGCA...	0.8136
assembly_prodigal_300.fasta	176595	ATGTCTTCCGTGTCCTCTCT...	0.7283
assembly_prodigal_300.fasta	176621	GTGCAATTTGGCAAGTCAAA...	0.6785
assembly_prodigal_300.fasta	176645	GTCAGAGACGGTGTGTCAGT...	0.6618
assembly_prodigal_300.fasta	176653	GTCATGGATCATGTTCTCAT...	0.6834
assembly_prodigal_300.fasta	176661	ATGGTTGGAGGGGGTGTTTA...	0.7651
assembly_prodigal_300.fasta	176665	ATGAATATTAATAACCATCC...	0.7897
assembly_prodigal_300.fasta	176705	ATGCAGTTGGAGCGTATGTT...	0.6755
assembly_prodigal_300.fasta	176848	ACAGTTGATCCTCAAATTCC...	0.7245
assembly_prodigal_300.fasta	176964	ATGTTTAAACTGTTACTGCA...	0.8025
assembly_prodigal_300.fasta	177007	ATGATACACAGAGGACAGGA...	0.7262
assembly_prodigal_300.fasta	177030	ATGGTTTTCTGTTTATTATG...	0.7667
assembly_prodigal_300.fasta	177059	ATGTATCCTCCCCACGCAAA...	0.8808
assembly_prodigal_300.fasta	177074	GTGGACGTCGAGTCTAACGA...	0.7720
assembly_prodigal_300.fasta	177106	ATGATTGATGATTTAGAGGT...	0.6548
assembly_prodigal_300.fasta	177163	GTGGATACAGACAATAAAAG...	0.8116
assembly_prodigal_300.fasta	177179	ATGGGAGGCGGGTGGGAGGT...	0.9792
assembly_prodigal_300.fasta	177184	ATGGTCCTGTGCCAGCTGCT...	0.6964
assembly_prodigal_300.fasta	177185	ATGCTCATTTCCAGCTCTAT...	0.7422
assembly_prodigal_300.fasta	177186	ACCGCGTCACCCGACCGCTT...	0.9588
assembly_prodigal_300.fasta	177196	CTGGCGGCTTATGCTCATTA...	0.6594
assembly_prodigal_300.fasta	177198	GCCTGTGACTTATCCTCTCA...	0.6992
assembly_prodigal_300.fasta	177318	GTCGCTGCCTACGCCCCTAT...	0.6695
assembly_prodigal_300.fasta	177329	TGTCCCTTGAACCCCAAGTG...	0.7102
assembly_prodigal_300.fasta	177354	ATGCTCTGTGTGTGTGTGTG...	0.8007
assembly_prodigal_300.fasta	177427	ATGTGTTTTCTTTTCTTTTC...	0.6675
assembly_prodigal_300.fasta	177457	ATGGATCACCTTCTGCTCCG...	0.6660
assembly_prodigal_300.fasta	177462	ATGGAACAGCTTCAACTGCG...	0.7769
assembly_prodigal_300.fasta	177493	ATGGTCCTGTGGGTGTCCAG...	0.6688
assembly_prodigal_300.fasta	177513	ATGCAGGCTCATGAGCTCAT...	0.6711
assembly_prodigal_300.fasta	177527	TCAGCTCTTTCATTTCCTTT...	0.6969
assembly_prodigal_300.fasta	177556	ATGGAGCTCAGAGACCTGCT...	0.6957
assembly_prodigal_300.fasta	177586	ATGTATGCTCACTCTGTGCT...	0.6890
assembly_prodigal_300.fasta	177679	ATGATTTGTTCACAGTTTGT...	0.6695
assembly_prodigal_300.fasta	177826	ATGGAGACAGATGATCCTAC...	0.7192
assembly_prodigal_300.fasta	177847	TTGGCTGGAGGTACTTACTT...	0.6692
assembly_prodigal_300.fasta	177879	ATGATTCATAATTTTCTTCC...	0.9980
assembly_prodigal_300.fasta	177971	ATGTTGCTGCCGAGATATGA...	0.6657
assembly_prodigal_300.fasta	177982	ATGCTGTACTGTCATCATAA...	0.7403
assembly_prodigal_300.fasta	178038	ATGACTGTCCTTGCAGCTCA...	0.7965
assembly_prodigal_300.fasta	178075	ATGATTGGTCAAGTTGATGC...	0.7725
assembly_prodigal_300.fasta	178097	ATGTATGTAATTAACCTGAT...	0.8556
assembly_prodigal_300.fasta	178112	ATGCACACTCACATGCACTC...	0.8001
assembly_prodigal_300.fasta	178125	ATGACAGGCAGGCAGACGTT...	0.8141
assembly_prodigal_300.fasta	178153	GTGCCAAAGGCCACGCCTCT...	0.7073
assembly_prodigal_300.fasta	178170	ATGGAGAGACCTAGAGACAC...	0.7467
assembly_prodigal_300.fasta	178258	ATCTCACCTCCCCCCCCCAC...	0.8787
assembly_prodigal_300.fasta	178282	ATGGAGTACCTCCCTTCCCT...	0.8364
assembly_prodigal_300.fasta	178311	ATGGTTCAGTGTGCCCCAAA...	0.7597
assembly_prodigal_300.fasta	178335	GTGTTGCTGAATCCGCTTTG...	0.8262
assembly_prodigal_300.fasta	178349	ATGCGTCATATTCCACCGGT...	0.7160
assembly_prodigal_300.fasta	178374	GTGATCTTTCCTTCTCGCCT...	0.6855
assembly_prodigal_300.fasta	178397	GTGGGTGTCACATCTCTGGC...	0.7022
assembly_prodigal_300.fasta	178410	TTGTTTACTAGCTTTCTGGC...	0.8019
assembly_prodigal_300.fasta	178480	GTGCTGTCATGTGATAATGA...	0.6731
assembly_prodigal_300.fasta	178493	ATGGACAATTACGTATGGTT...	0.8295
assembly_prodigal_300.fasta	178569	GAGAATTATCTACTCCTAGC...	0.9791
assembly_prodigal_300.fasta	178687	GTGTTTGCCAAAGACCACAT...	0.6639
assembly_prodigal_300.fasta	178711	ATGAGTCACAACCCCATGAT...	0.8188
assembly_prodigal_300.fasta	178732	CTGACCAGGGCCTCTTCCAT...	0.8578
assembly_prodigal_300.fasta	178782	ATGGGGGAACGCACCCGGAG...	0.7072
assembly_prodigal_300.fasta	178803	ATGCCGGTTGGTTTTACCTC...	0.6684
assembly_prodigal_300.fasta	178815	GTCGTATTGCTGGCTGCAGA...	0.7144
assembly_prodigal_300.fasta	178832	ATGCCCAAAGACCCCCGTGC...	0.6831
assembly_prodigal_300.fasta	178879	CCTTTATTACACCTTAATTT...	0.7220
assembly_prodigal_300.fasta	178899	GCCCCCCTCGTTGCGTTCAA...	0.9049
assembly_prodigal_300.fasta	178973	CTCCGTCTGCACGTCACAAA...	0.7972
assembly_prodigal_300.fasta	179061	ATGCTGCTGGGACAATCACA...	0.8072
assembly_prodigal_300.fasta	179093	ATGATTTACACCTCGACCTT...	0.6772
assembly_prodigal_300.fasta	179094	ATGTCAAGTCATATGTCGCA...	0.7098
assembly_prodigal_300.fasta	179120	ATGAGCTCTGTTTTCCCCCG...	0.7932
assembly_prodigal_300.fasta	179131	ATGAAAAGCAGTGACCGCCC...	0.6777
assembly_prodigal_300.fasta	179210	ATGCTTTCCACGGCTCCGAG...	0.6599
assembly_prodigal_300.fasta	179256	ATGGCTGTGGAGACAGACAG...	0.7211
assembly_prodigal_300.fasta	179359	TACCTGTCACCTACCTACCT...	0.9909
assembly_prodigal_300.fasta	179374	ATGAATGACCAGCTAGTAAC...	0.7109
assembly_prodigal_300.fasta	179397	AGTGCCTCTGTCTCTGAGCA...	0.7471
assembly_prodigal_300.fasta	179416	ATGTTGCGTGCCGACAACAC...	0.7164
assembly_prodigal_300.fasta	179500	ATGCATTGTCCAAAATTTTA...	0.8031
assembly_prodigal_300.fasta	179647	CTAACCCTAACCCCAACCCC...	0.7053
assembly_prodigal_300.fasta	179667	ATGATAGTTAAGTACAATTT...	0.7072
assembly_prodigal_300.fasta	179700	CAGACTGACAACTTACTGCT...	0.8848
assembly_prodigal_300.fasta	179733	ATGCTGAAAACTGAGGCTGC...	0.8013
assembly_prodigal_300.fasta	179739	ATGAGCCCTCCGGCCACTGC...	0.6722
assembly_prodigal_300.fasta	179741	ATGTCTCATTTCCTGTTTTC...	0.6632
assembly_prodigal_300.fasta	179754	ATGTTCAGACATCAGCAGAT...	0.7446
assembly_prodigal_300.fasta	179874	GTGACGTTCAACGGCACACG...	0.7329
assembly_prodigal_300.fasta	179920	GTGGAGGGTTGGGGTCGGAC...	0.7429
assembly_prodigal_300.fasta	179949	ATGAGAGGCAGATGTACACA...	0.6788
assembly_prodigal_300.fasta	179951	ATGATGATGTCACTCAGGTG...	0.6759
assembly_prodigal_300.fasta	179964	GTGCCAACGGAAGACAAAGC...	0.7455
assembly_prodigal_300.fasta	180000	ATGGGCCAAATATCTGCTCC...	0.6621
assembly_prodigal_300.fasta	180003	ACACAGACACTCCCCCACAG...	0.7247
assembly_prodigal_300.fasta	180041	ATGGAGGCAGGCTACCTGCT...	0.7738
assembly_prodigal_300.fasta	180108	TACCGAACCTTCCTTCAACA...	0.7695
assembly_prodigal_300.fasta	180117	CATATTCAGTCTCCACTTGC...	0.6521
assembly_prodigal_300.fasta	180148	ATGTTGAGCCCCTACATGCT...	0.7885
assembly_prodigal_300.fasta	180149	ATGCACTTCAATGCCTCAAA...	0.6591
assembly_prodigal_300.fasta	180166	GTGAGGCTGGATTTCTCTCT...	0.7228
assembly_prodigal_300.fasta	180206	GTGTGTTTTCCTACGCTTCC...	0.7066
assembly_prodigal_300.fasta	180234	GAGAGAGCCAAGTTTTTAAT...	0.6890
assembly_prodigal_300.fasta	180269	TGTCTGTCTGTCTGTCTGTC...	0.6525
assembly_prodigal_300.fasta	180316	ATGTATTGCAGAGACCTCTC...	0.6840
assembly_prodigal_300.fasta	180351	CCCCCCCTCCTCCTCCTCCT...	0.9962
assembly_prodigal_300.fasta	180355	ATGATGAAGGGATGGGCGGG...	0.8596
assembly_prodigal_300.fasta	180372	ATGTACACTGAAACCTTTGC...	0.7512
assembly_prodigal_300.fasta	180465	ATGATGCATGTTCTGGTGTG...	0.7147
assembly_prodigal_300.fasta	180548	ATGGAACCTTCTAATGAACC...	0.7411
assembly_prodigal_300.fasta	180624	TTCACAAATATGTCGTATTC...	0.7343
assembly_prodigal_300.fasta	180715	ATGGAGAATGTCACGTATGT...	0.7042
assembly_prodigal_300.fasta	180718	TCACTTGCGTCACTTTGTGA...	0.6563
assembly_prodigal_300.fasta	180747	CATCCTACCCACTCCTGTTT...	0.6954
assembly_prodigal_300.fasta	180876	ATGTTTATGACCATGTTTGC...	0.6665
assembly_prodigal_300.fasta	180949	TTCTTTTTTTTTTGTCTTTC...	0.7714
assembly_prodigal_300.fasta	180951	ATGACCCTGATGGTGATCAT...	0.7591
assembly_prodigal_300.fasta	180999	CGCCCGTCGCTGTTGGCCGT...	0.8583
assembly_prodigal_300.fasta	181024	TTGTCATTCTGTCCATTCAC...	0.7010
assembly_prodigal_300.fasta	181066	GTGAGGGGGGGCATTGAGTC...	0.8280
assembly_prodigal_300.fasta	181126	ATATTTATATACATACTGGT...	0.6691
assembly_prodigal_300.fasta	181131	ATGTTGTTTTTATTCTTGAC...	0.8296
assembly_prodigal_300.fasta	181252	ATGGTGTACATGCATGTTTG...	0.6838
assembly_prodigal_300.fasta	181264	ATTGATCTACCTATCAGCGG...	0.7196
assembly_prodigal_300.fasta	181291	ATGCTTGCGTTGGCATCTCT...	0.7033
assembly_prodigal_300.fasta	181333	ACTCTATCCCTAGACTCTAT...	0.9168
assembly_prodigal_300.fasta	181349	GAACTAGATCCATCCTCTCC...	0.8145
assembly_prodigal_300.fasta	181368	ATGTTGACCTTTGACCTACA...	0.7406
assembly_prodigal_300.fasta	181372	ATGTTTACATCATTCTTCAT...	0.7197
assembly_prodigal_300.fasta	181389	ATGAGGCCCTGCTTGACGAC...	0.7437
assembly_prodigal_300.fasta	181435	ATGTTATATTATGGTTATGG...	0.6880
assembly_prodigal_300.fasta	181467	GTGTGTGTGTGTGCCTCCTC...	0.8198
assembly_prodigal_300.fasta	181481	ATGCGATTCTCCGCTCGTCG...	0.7929
assembly_prodigal_300.fasta	181506	ATGCCTGCCAGGGGGGCTGC...	0.8248
assembly_prodigal_300.fasta	181517	ATGAGCTTGAAGCAGCTTGA...	0.7048
assembly_prodigal_300.fasta	181568	CTGAGCGTCTCCGTCGTCTC...	0.8030
assembly_prodigal_300.fasta	181598	ATGGCAGCCCTCCTAACCTT...	0.8424
assembly_prodigal_300.fasta	181669	ATGGCCTCTCTCTCTGTCTC...	0.7116
assembly_prodigal_300.fasta	181678	TCCAAATACAGCAAGACCAT...	0.6763
assembly_prodigal_300.fasta	181685	ATGGATTCAGCAGTTGGGGG...	0.8947
assembly_prodigal_300.fasta	181750	ATGTCTTTATTTCTTTCCTT...	0.6895
assembly_prodigal_300.fasta	181803	ACACCGCACTCCGGACCACA...	0.7065
assembly_prodigal_300.fasta	181880	ATGTGTGCACTGGTCGCTGC...	0.9083
assembly_prodigal_300.fasta	181882	ATGTTCTTGGCTCAATTTTA...	0.9143
assembly_prodigal_300.fasta	181942	TTCACACACATACATACACA...	0.6983
assembly_prodigal_300.fasta	182038	ATGCCCGGTGATCAACCAGA...	0.7523
assembly_prodigal_300.fasta	182039	GCAGGAGTCCTGATTTGCCC...	0.8967
assembly_prodigal_300.fasta	182057	ATGGCACCCAAGAAGGACGC...	0.8554
assembly_prodigal_300.fasta	182074	GTGCCCCCACCCACCCCCCA...	0.6810
assembly_prodigal_300.fasta	182086	CACATGGATTTTTGTCGCAC...	0.7518
assembly_prodigal_300.fasta	182112	GTGAAGAAGTCCGGCGCGCT...	0.6929
assembly_prodigal_300.fasta	182182	TTGACTGAGCCACATGGATC...	0.6794
assembly_prodigal_300.fasta	182250	ATGTTTCTGTCATATTCTCG...	0.6900
assembly_prodigal_300.fasta	182351	ACCGGCTCTTCCGAGGAGCG...	0.6633
assembly_prodigal_300.fasta	182364	GTGTCCCGCCCCCCCGACAT...	0.7954
assembly_prodigal_300.fasta	182390	ATGGGCCCGGTGTCCGGCAG...	0.8820
assembly_prodigal_300.fasta	182397	ATGGATGCGGGCCACCATGA...	0.6992
assembly_prodigal_300.fasta	182436	ATGCACTTCCTCACTGTCTT...	0.7760
assembly_prodigal_300.fasta	182574	ATGGTCACTGAAGTCAGTGG...	0.6977
assembly_prodigal_300.fasta	182665	CCTTCCCCTGCTTTACCTTT...	0.8109
assembly_prodigal_300.fasta	182695	ATGAAGCCGCCGCTGGAGAG...	0.8059
assembly_prodigal_300.fasta	182740	ATGCGTCCTCTTACCTCTCC...	0.7816
assembly_prodigal_300.fasta	182772	ATGATGACTTATTTCCCATC...	0.9120
assembly_prodigal_300.fasta	182853	ATGAATGAGCTTACACAAAC...	0.7092
assembly_prodigal_300.fasta	182870	CTCTCTCTCTCTCTCTCTCT...	0.8501
assembly_prodigal_300.fasta	182957	ATGTCTTGGCTTTATTTTTT...	0.7653
assembly_prodigal_300.fasta	182977	CATCTTCATGCTTTCTCCAG...	0.6812
assembly_prodigal_300.fasta	183025	ATGGCCTTATCAGTTTGCTC...	0.7079
assembly_prodigal_300.fasta	183101	CATCACACACAGACAGACAC...	0.8688
assembly_prodigal_300.fasta	183113	ATGAACTGCAGGCTTCCATG...	0.7620
assembly_prodigal_300.fasta	183159	TTGGTCCCGGAGGCCCAGCA...	0.7451
assembly_prodigal_300.fasta	183165	GTGGCCAACTGGCTGTTTTC...	0.6852
assembly_prodigal_300.fasta	183172	CGTCCTGTAGTTTCATTGTC...	0.8845
assembly_prodigal_300.fasta	183210	GTGTCAGGCTGCTCTATTCA...	0.7229
assembly_prodigal_300.fasta	183225	TTGGTTCTAGACCTGGTTCT...	0.8174
assembly_prodigal_300.fasta	183263	ATGCAGCACACACTGGAGCT...	0.6906
assembly_prodigal_300.fasta	183355	TTGTTGAATGTGGCTAACCA...	0.6883
assembly_prodigal_300.fasta	183422	CACACACACACACACACACA...	0.7250
assembly_prodigal_300.fasta	183498	GTGAGCGATGAGCAGTGTGT...	0.7714
assembly_prodigal_300.fasta	183500	ATGTTCCCTAGCAGCTGCTG...	0.6858
assembly_prodigal_300.fasta	183530	ATGGTAAAGAGTGCCCCGCC...	0.6511
assembly_prodigal_300.fasta	183541	CCCCGCCCCCTGCTTGGCTG...	0.8116
assembly_prodigal_300.fasta	183601	ATGCTGCTGTTCACCGTTCC...	0.6920
assembly_prodigal_300.fasta	183615	ATGACTTTTTTCTTCTTCTT...	0.8249
assembly_prodigal_300.fasta	183679	TTTCCTACCATTGATCGTTG...	0.8042
assembly_prodigal_300.fasta	183737	TTCCCTACCTTCCTCTATGC...	0.7260
assembly_prodigal_300.fasta	183759	ATGAAGATAGCAGCGGAGTT...	0.7289
assembly_prodigal_300.fasta	183789	AGCATCCATTTCCTGTCCAG...	0.6867
assembly_prodigal_300.fasta	183869	GTGATCCTCTCAGTGGAGGA...	0.7847
assembly_prodigal_300.fasta	183900	ATGTGGGAACATGTCGAGCT...	0.6548
assembly_prodigal_300.fasta	184046	ATGGTAATCAGGCTCTCCCA...	0.7450
assembly_prodigal_300.fasta	184105	CAGCTGCCGTCTCTGACCAG...	0.7345
assembly_prodigal_300.fasta	184107	ATGTTAAAAAAAACCCCAAA...	0.6510
assembly_prodigal_300.fasta	184198	GTCTGTCTGTCTACCTGTCT...	0.9573
assembly_prodigal_300.fasta	184208	ATGACATCAAGACTAAATTT...	0.6531
assembly_prodigal_300.fasta	184236	ATGTCTTTCTATTACTTTCA...	0.6842
assembly_prodigal_300.fasta	184255	ATGATAATTTTTTTTTTACC...	0.8517
assembly_prodigal_300.fasta	184330	TTAATTACACCCCCATCTCT...	0.8187
assembly_prodigal_300.fasta	184395	ATGGACTTGCTCCTCTCTGA...	0.8150
assembly_prodigal_300.fasta	184397	ATGCTCCCTCCCTCAGGTGT...	0.7526
assembly_prodigal_300.fasta	184404	GTGGCTAGTGTGAGCTATAG...	0.6924
assembly_prodigal_300.fasta	184440	ATGGCTCTAGAGAGTTTGAC...	0.6541
assembly_prodigal_300.fasta	184490	ATGCTCGGACACACTCTCAC...	0.7359
assembly_prodigal_300.fasta	184493	GTAATGTACACATCATTTTC...	0.7479
assembly_prodigal_300.fasta	184592	ATGCTAAATGCTTTTGCTAA...	0.6608
assembly_prodigal_300.fasta	184618	ATGCAGCAGCCGACGCCTGC...	0.6557
assembly_prodigal_300.fasta	184654	ATGCTGTTTTTCTCTGTAGT...	0.6880
assembly_prodigal_300.fasta	184702	ATGTTTTTTCACTGGAATTA...	0.8331
assembly_prodigal_300.fasta	184727	ATGTACCTTTGTTTTCAGAT...	0.6793
assembly_prodigal_300.fasta	184730	ATGAATGAGGCCCTGCCTCC...	0.6740
assembly_prodigal_300.fasta	184770	TGTGATATGTGTACCTACAC...	0.7149
assembly_prodigal_300.fasta	184883	GTGTTTGTCCCACTGCCTCC...	0.6698
assembly_prodigal_300.fasta	184892	CATACCAGCTTTGCAGATCC...	0.7602
assembly_prodigal_300.fasta	184895	GTGAACTCAGCTGTTGCTTG...	0.6565
assembly_prodigal_300.fasta	184898	ATGATTCATCAGGACTGCTT...	0.6564
assembly_prodigal_300.fasta	184900	ATGATCACAGGTTTGGTTCT...	0.6748
assembly_prodigal_300.fasta	184994	ATGTTCATCTGTTGTCTTAA...	0.8662
assembly_prodigal_300.fasta	185002	ATGATATATTTTATCTACAA...	0.7048
assembly_prodigal_300.fasta	185009	GTTTGTATAGTGGCCAATCG...	0.8247
assembly_prodigal_300.fasta	185022	ATGACTGAGAAGCTACTTCG...	0.8882
assembly_prodigal_300.fasta	185043	ATGGACGAAGGGGAGGAGCA...	0.7259
assembly_prodigal_300.fasta	185086	ATGCAACAGAATGATGTTTA...	0.7593
assembly_prodigal_300.fasta	185151	ATGTCTCAGCGCCTGCCTGC...	0.8146
assembly_prodigal_300.fasta	185198	CTTTATGCAGCCCCTCAGTT...	0.7485
assembly_prodigal_300.fasta	185209	ATGATTATTGAAATTCACTC...	0.6730
assembly_prodigal_300.fasta	185232	CTCCTCTGCCACTCTCCACT...	0.7676
assembly_prodigal_300.fasta	185285	CCCACCATTGCCAGACGCCT...	0.6603
assembly_prodigal_300.fasta	185310	ATGTTTTTTGTACCTTGGTT...	0.6620
assembly_prodigal_300.fasta	185313	ATGTTATGCAAAAAAATGTT...	0.9041
assembly_prodigal_300.fasta	185350	ATGCTTCAGCAAGTATGTAT...	0.8338
assembly_prodigal_300.fasta	185452	TTGAATCTTGAAACGCTTCT...	0.8962
assembly_prodigal_300.fasta	185510	CATCCAACGCTGGTGTTGCC...	0.7271
assembly_prodigal_300.fasta	185527	ATGCTGTGTGTTGCCTTTCG...	0.6504
assembly_prodigal_300.fasta	185542	CATCATGCTCATGTATCCTC...	0.6801
assembly_prodigal_300.fasta	185561	CTCCTTTATTTTTGCTCGGT...	0.8919
assembly_prodigal_300.fasta	185595	ATGTCTCATGTCGGGTTTGT...	0.9196
assembly_prodigal_300.fasta	185688	ATGGATCCGACCTGCAGTGC...	0.6870
assembly_prodigal_300.fasta	185724	ATGGCCACCGTTGCCATCAT...	0.6609
assembly_prodigal_300.fasta	185890	ATGGACTCTGTGTGTGCTGC...	0.9370
assembly_prodigal_300.fasta	185892	ATGATGACCCAGGCCCAGGG...	0.7041
assembly_prodigal_300.fasta	186028	ATGTATTTGATACTTACTAC...	0.7104
assembly_prodigal_300.fasta	186116	ATGGTGCCAGATCAGAATAG...	0.6908
assembly_prodigal_300.fasta	186143	GACGGTGAGACACTAGCGTC...	0.7856
assembly_prodigal_300.fasta	186277	ATGGGGGGATTCATAGACAC...	0.6600
assembly_prodigal_300.fasta	186399	ATGGCTGCTGCAGCCCTCCT...	0.9876
assembly_prodigal_300.fasta	186417	ATGGAGTCACAGCAGCATAG...	0.7477
assembly_prodigal_300.fasta	186426	TTGAGTTCTTTAAATCACAA...	0.7298
assembly_prodigal_300.fasta	186427	ATGCTAGTTCTAGACTTAGA...	0.6583
assembly_prodigal_300.fasta	186449	ATGAACTCCCTACCAGTGGC...	0.6910
assembly_prodigal_300.fasta	186499	ATGAAGGGTAAGGTAGGGAA...	0.6877
assembly_prodigal_300.fasta	186501	ATGCCTCTAAACTTAACACC...	0.7373
assembly_prodigal_300.fasta	186507	ATGCTTCGCGCTCAGCTTCC...	0.6984
assembly_prodigal_300.fasta	186780	TCTGTCTCCACCCGTCTGTC...	0.6564
assembly_prodigal_300.fasta	186911	GTGACTCTGCTGGATCATGG...	0.6868
assembly_prodigal_300.fasta	186951	CCCCCAGGCTCCGGCGTGTC...	0.9019
assembly_prodigal_300.fasta	186989	ATGAGCTATGTCTCTGTAGC...	0.7459
assembly_prodigal_300.fasta	187014	CCTGTGGCTCTACTGGAATA...	0.7423
assembly_prodigal_300.fasta	187017	ATGGAAGGCGATCGTGCGTG...	0.9051
assembly_prodigal_300.fasta	187023	ATGTTTTTTTACAAATCAGT...	0.8831
assembly_prodigal_300.fasta	187151	TTGTACGTTTACTGGCGTGG...	0.6509
assembly_prodigal_300.fasta	187167	ATGTACAGTATATGTGTGTT...	0.6874
assembly_prodigal_300.fasta	187237	ATGTTTATTTGTGTGTCTGC...	0.6551
assembly_prodigal_300.fasta	187247	ATGCAGCATTTAGTTAGTCT...	0.6571
assembly_prodigal_300.fasta	187270	TTGTTTGGCGTCATGATCCT...	0.7095
assembly_prodigal_300.fasta	187281	ATGCAGATGCATAATGCGCA...	0.7236
assembly_prodigal_300.fasta	187311	GTCTGCCATCTGATTGGCTC...	0.7296
assembly_prodigal_300.fasta	187349	GTGTTGTTTCTGGACTTTTT...	0.9105
assembly_prodigal_300.fasta	187405	ATGAAGCCCCTCAGTGAAAT...	0.6640
assembly_prodigal_300.fasta	187429	GTGTTTGTTGGAGCCTCGGT...	0.7019
assembly_prodigal_300.fasta	187437	ATGTTTGGTGACCACCAGAC...	0.6649
assembly_prodigal_300.fasta	187501	ATGCACACTTACACACGGGC...	0.7489
assembly_prodigal_300.fasta	187630	GTTATTATTGTTGTTGTTGT...	0.9075
assembly_prodigal_300.fasta	187731	ATGCACCCGGGGGGATGTGA...	0.6639
assembly_prodigal_300.fasta	187819	ATGCTCATTTATTTTGTCTC...	0.6745
assembly_prodigal_300.fasta	187829	ATGACAATAGACCTCAGAGT...	0.6880
assembly_prodigal_300.fasta	187843	TTCTTCACTTTCTTTTGTTT...	0.7205
assembly_prodigal_300.fasta	187849	CTCTTTGCCGCTGCTGCCTC...	0.7617
assembly_prodigal_300.fasta	187861	AAACCACCCAGCTTCTCTCA...	0.6548
assembly_prodigal_300.fasta	187938	ATGTTGAACATATTTGCTCA...	0.7685
assembly_prodigal_300.fasta	187999	TTCATGTGTGTGTGTGCATC...	0.6633
assembly_prodigal_300.fasta	188035	AGGCTTTCAGAAACACTCGA...	0.6680
assembly_prodigal_300.fasta	188047	ATGAAAGATAACAATATGTA...	0.7153
assembly_prodigal_300.fasta	188068	ATGCTTATCAAGTTTCCCCC...	0.7579
assembly_prodigal_300.fasta	188131	ATGAAACTGGAATCAGCCAC...	0.6810
assembly_prodigal_300.fasta	188154	ATGGTCAACAGCAACTACTA...	0.9399
assembly_prodigal_300.fasta	188199	ATGACTCTTGGCTGCTTCCC...	0.9366
assembly_prodigal_300.fasta	188215	ATGAGCTCTCTCTCTCTCTC...	0.9493
assembly_prodigal_300.fasta	188293	ATGGTTACCCCGGGCAACAG...	0.9262
assembly_prodigal_300.fasta	188385	GTGGTTGTAGCCACGGCTTG...	0.7382
assembly_prodigal_300.fasta	188412	TCTTCAGTTATCTCTATACA...	0.6876
assembly_prodigal_300.fasta	188459	GTGTGGAAAGTGAATATCAT...	0.6821
assembly_prodigal_300.fasta	188666	ATGATCACCCCTGCTTTCCT...	0.7910
assembly_prodigal_300.fasta	188763	ATGACATACAGGACCTGGAC...	0.7334
assembly_prodigal_300.fasta	188764	CTGCAATCATTTCTTCCAGT...	0.6801
assembly_prodigal_300.fasta	188805	ATGTTTACTCACATCATCCA...	0.8621
assembly_prodigal_300.fasta	188846	ATGTATCTCACTTTTCTTTA...	0.7904
assembly_prodigal_300.fasta	188854	ATGAAACAAAAAGGAGCTTG...	0.7377
assembly_prodigal_300.fasta	188855	CAGCCTAACGACGTCCTGCT...	0.8092
assembly_prodigal_300.fasta	188926	ATTTGTTCCCTTAAGCATCG...	0.7629
assembly_prodigal_300.fasta	188946	ATGCATAATGTGATTTACTG...	0.7290
assembly_prodigal_300.fasta	188953	ATGACGGTGCTTATCATCTA...	0.6628
assembly_prodigal_300.fasta	189020	GTGTTCTCAGGCAGCGGGCT...	0.9342
assembly_prodigal_300.fasta	189136	GTGCTTCTGGCAGCTTCTAG...	0.6872
assembly_prodigal_300.fasta	189192	TTAAACATCCAATCTGTTTC...	0.7667
assembly_prodigal_300.fasta	189280	CTTGCTCTCTCTCTCTCACT...	0.9443
assembly_prodigal_300.fasta	189291	ACACACTCTCTCACTCTCAC...	0.9120
assembly_prodigal_300.fasta	189320	ATGTGTATGGGTCGTCTCCT...	0.7846
assembly_prodigal_300.fasta	189364	GTGTATGAACCTGTTCTCTC...	0.6727
assembly_prodigal_300.fasta	189418	CTATTAGCGCAAACAAGCCA...	0.7440
assembly_prodigal_300.fasta	189440	TTGTGTGCTGTTTCTGAGTA...	0.6670
assembly_prodigal_300.fasta	189491	ATGTTTTCCATCATTAAAGC...	0.7738
assembly_prodigal_300.fasta	189594	ATGTCTGCCTGGAGCGCCCC...	0.7914
assembly_prodigal_300.fasta	189600	CTTTCCACAATCCCTCTCTT...	0.6979
assembly_prodigal_300.fasta	189642	GTGCTGGGCAGTGAAACAGC...	0.7348
assembly_prodigal_300.fasta	189666	GCCTGCAGCTTCCTGGTGGC...	0.7852
assembly_prodigal_300.fasta	189667	ATGGCGATGTCTTATCTCAA...	0.6681
assembly_prodigal_300.fasta	189681	ATGGCTCGCCTTTCTATCTT...	0.8417
assembly_prodigal_300.fasta	189682	ATGCCTCTTGTGTTTATTTT...	0.6556
assembly_prodigal_300.fasta	189706	ATGAAGCCCCGCCTCACTGA...	0.7278
assembly_prodigal_300.fasta	189736	ATGTGTGGTGACTTCAACTT...	0.6700
assembly_prodigal_300.fasta	189765	ATGCCCCCTGCCCTGTTAGT...	0.8473
assembly_prodigal_300.fasta	189804	ATGTTCCCAGATGTCCCCAA...	0.7618
assembly_prodigal_300.fasta	189893	GATGGTGGGGATTTCCCCCC...	0.6887
assembly_prodigal_300.fasta	189912	CCTTCAGATCCTCTCTTCCA...	0.8435
assembly_prodigal_300.fasta	189932	ATGCTTTTAGTTTTCATCGT...	0.7610
assembly_prodigal_300.fasta	189984	ATGCCGAACAAAGCCGGGGC...	0.6994
assembly_prodigal_300.fasta	190018	TTGTCAGGAGCGGTCACCCA...	0.6775
assembly_prodigal_300.fasta	190019	TTTTTCTATGTATTCAATTA...	0.7141
assembly_prodigal_300.fasta	190075	CTTTTTTATGTTTTTTCTTC...	0.6767
assembly_prodigal_300.fasta	190077	ACTGTCCCTGCAGCAGTAGA...	0.8052
assembly_prodigal_300.fasta	190107	ATGAACCTTCTGTGTTTGCT...	0.6840
assembly_prodigal_300.fasta	190142	GTTGACGTGCTCAATGATTA...	0.6706
assembly_prodigal_300.fasta	190279	ATGGAAAACGGCTTATTCGC...	0.9288
assembly_prodigal_300.fasta	190282	ATGAACCAGCAGAGGCACCA...	0.7099
assembly_prodigal_300.fasta	190284	GTGCCTCTGTTTACATTGTT...	0.7743
assembly_prodigal_300.fasta	190295	GAGCATTACATTATAATTCT...	0.8228
assembly_prodigal_300.fasta	190334	ATGTTGCACACTGTTTCATC...	0.7089
assembly_prodigal_300.fasta	190358	TTGAATCTACTCAAGTCCCC...	0.6792
assembly_prodigal_300.fasta	190400	GTGAAGAAGAGAGTGGCTGT...	0.6891
assembly_prodigal_300.fasta	190452	ATGTTGTTTGTTTGTACTGG...	0.7584
assembly_prodigal_300.fasta	190485	CAACTGCCTCCTCCTGCTCC...	0.7050
assembly_prodigal_300.fasta	190535	ATGGCGTCCACGTCCATCAC...	0.9334
assembly_prodigal_300.fasta	190578	GTGCTTGGACCATCCGTCAC...	0.9819
assembly_prodigal_300.fasta	190805	GTGTGTCACCTGTCGTCCGG...	0.9001
assembly_prodigal_300.fasta	190868	GTGACCCCCATTACACCTAA...	0.7108
assembly_prodigal_300.fasta	190887	ATGAGTCTGGCCTCGACATG...	0.7575
assembly_prodigal_300.fasta	190917	ATGTCTCTCTTCATTCCAGA...	0.7884
assembly_prodigal_300.fasta	190979	ATGTTAGAAAGATGGGATCA...	0.6543
assembly_prodigal_300.fasta	190999	GTGCTCGAGATCCCTCCCCC...	0.8890
assembly_prodigal_300.fasta	191017	ATGAAAGGAACATATGTCAT...	0.7460
assembly_prodigal_300.fasta	191042	ATGTTTTATTTGTGTTCACA...	0.6726
assembly_prodigal_300.fasta	191043	ATGTCCCCCTCGGTGCTGCA...	0.7699
assembly_prodigal_300.fasta	191063	ATGTGTAATCCAAAGAACTA...	0.6651
assembly_prodigal_300.fasta	191070	ATGTACTATGGCTACTACAT...	0.8513
assembly_prodigal_300.fasta	191080	ATGTTTTCCAAAATTAAAGA...	0.7115
assembly_prodigal_300.fasta	191126	GTGTATCAGTGTCACGGTGT...	0.7038
assembly_prodigal_300.fasta	191178	GGATGGTGGCCCGCCTATAG...	0.7876
assembly_prodigal_300.fasta	191260	GCATACACCACAGACTATAC...	0.6855
assembly_prodigal_300.fasta	191289	ATGTTATCTTTTCCCCAGAA...	0.7035
assembly_prodigal_300.fasta	191294	GTGTCGAAACATTATAAACT...	0.8770
assembly_prodigal_300.fasta	191358	TCACTTGCCAATTTACCGCT...	0.7780
assembly_prodigal_300.fasta	191387	ATGCTTTCTTTATATCACAC...	0.7062
assembly_prodigal_300.fasta	191416	GTGGACCCCCTAGTTAAGGA...	0.7639
assembly_prodigal_300.fasta	191468	TCTCTCTCTCTCTCTCTCTC...	0.9242
assembly_prodigal_300.fasta	191512	GTGTCCCTTCACCTCATTGT...	0.6942
assembly_prodigal_300.fasta	191590	GTGGTCCCGAGGCCCCACCC...	0.8672
assembly_prodigal_300.fasta	191594	GTGTGTGTGTTGTTCCTGGA...	0.6507
assembly_prodigal_300.fasta	191602	CTCTTTCATTTTCTCTTCTC...	0.9053
assembly_prodigal_300.fasta	191616	ATGTCATGTGTTACGCCTGC...	0.6541
assembly_prodigal_300.fasta	191675	TCTCTTTCTCTCTCTCTCTC...	0.7198
assembly_prodigal_300.fasta	191724	TCTGAACATTTTCTCCCACA...	0.7909
assembly_prodigal_300.fasta	191725	TTAATAAATGTGTTTCTTTT...	0.6551
assembly_prodigal_300.fasta	191753	ACTGGTCTGTTGTTGGTCTG...	0.6554
assembly_prodigal_300.fasta	191758	ATGTTTAAAACAAAACATGA...	0.6872
assembly_prodigal_300.fasta	191772	ATGTTGACAGGTCCAATTTT...	0.9264
assembly_prodigal_300.fasta	191794	ATGCTTGTGTTGAACCAGCC...	0.6893
assembly_prodigal_300.fasta	191836	ACTTCTGTTTCTGCTTCACA...	0.6775
assembly_prodigal_300.fasta	191861	ATGTGTCCTGTGTTTCACAA...	0.7301
assembly_prodigal_300.fasta	191895	ATGGAGTCACAGCAGCATAG...	0.6961
assembly_prodigal_300.fasta	191917	ATGGCGGACAGGAGAGCGGA...	0.6717
assembly_prodigal_300.fasta	192060	ATGATCCTGAGTGGCTACCA...	0.7412
assembly_prodigal_300.fasta	192108	ATGCAATTCAACAAGAACTA...	0.6511
assembly_prodigal_300.fasta	192145	GTGGCCGCTGGTGTCTGCAG...	0.9814
assembly_prodigal_300.fasta	192210	ATGTTGTGTGAGTTTTTCTT...	0.8188
assembly_prodigal_300.fasta	192283	ATGATCAAATTTTGTCTCTC...	0.6914
assembly_prodigal_300.fasta	192286	AGCAGTCACACTCGCTGTGC...	0.6840
assembly_prodigal_300.fasta	192305	CCAGAATATGCTTCATATTC...	0.6625
assembly_prodigal_300.fasta	192332	TTATTCTGAAACTTGGAGTA...	0.6587
assembly_prodigal_300.fasta	192338	ATGCTCGGCGTGCTGATCGT...	0.7116
assembly_prodigal_300.fasta	192382	ATGGTTGTGTTTACTGTTGA...	0.7749
assembly_prodigal_300.fasta	192397	ATGTTCACATTCGTGCTATC...	0.7148
assembly_prodigal_300.fasta	192439	ATGTTCGTCAACCTACCTCC...	0.7728
assembly_prodigal_300.fasta	192445	GTGCGAGGGCCCGTGTTCGC...	0.7569
assembly_prodigal_300.fasta	192458	TTTGTTCCCCCTTTGTTACC...	0.6870
assembly_prodigal_300.fasta	192462	GCTGCTAGACAGCAAATCCC...	0.6966
assembly_prodigal_300.fasta	192646	TTTTCATGGGCTCCTAAAGT...	0.7280
assembly_prodigal_300.fasta	192669	ATGTGCCTTAGTGTGTGGAA...	0.7340
assembly_prodigal_300.fasta	192696	AAAAACTCAAGCTATCTCCC...	0.6535
assembly_prodigal_300.fasta	192697	ATGTCCCTGTCCTCTGCAGG...	0.6816
assembly_prodigal_300.fasta	192781	AGTAGCGTTTCAAATTTACT...	0.6841
assembly_prodigal_300.fasta	192786	AAATATCTGTCAATCTCTCC...	0.6771
assembly_prodigal_300.fasta	192809	CGGACCGTGTCCTTTTGTCC...	0.7226
assembly_prodigal_300.fasta	192826	ATGCCAGCTATTAATTTTAG...	0.6607
assembly_prodigal_300.fasta	192877	GTGCATGTGTGGTCTGTCCT...	0.7283
assembly_prodigal_300.fasta	192906	TTGGCCCTGTTCCTCCCAAA...	0.6861
assembly_prodigal_300.fasta	192997	ATGTGTCTCATTGTTATTTT...	0.6527
assembly_prodigal_300.fasta	193143	TTGTCCTTAACTGCCCGTAA...	0.6556
assembly_prodigal_300.fasta	193164	CTAGCATTAACCGTTTCCTC...	0.8135
assembly_prodigal_300.fasta	193301	ATGACAGTGTTATTTGTGTG...	0.8236
assembly_prodigal_300.fasta	193312	ATGACCTCCGACCTCGTGAC...	0.8867
assembly_prodigal_300.fasta	193332	GTGAACGGCACTACCTACCG...	0.6808
assembly_prodigal_300.fasta	193350	ATGGATGTATTGACAGGAGG...	0.6527
assembly_prodigal_300.fasta	193353	GTGCCTCTTCGTTCTCAGCT...	0.8638
assembly_prodigal_300.fasta	193406	CACACACACACACACACACA...	0.7146
assembly_prodigal_300.fasta	193450	ATGTCGTGCCCGACAAAATT...	0.7481
assembly_prodigal_300.fasta	193470	ATGCAGTCTATGTGCTACTT...	0.9283
assembly_prodigal_300.fasta	193479	ATGTGGAGGGCAGACCTCTG...	0.6961
assembly_prodigal_300.fasta	193537	ATGCTTAATGCAACACTTAA...	0.7111
assembly_prodigal_300.fasta	193546	GAACATCAGCTCTCCGTCTT...	0.7053
assembly_prodigal_300.fasta	193561	ATGAATTGGCTGTTTGTGAG...	0.8567
assembly_prodigal_300.fasta	193588	GTGTCCTGTGACTCTGTCCT...	0.8627
assembly_prodigal_300.fasta	193609	ATGACGGTCGTGCCGAGTGG...	0.8503
assembly_prodigal_300.fasta	193618	ATGCACGTGCAGGCTTTTTT...	0.7329
assembly_prodigal_300.fasta	193689	ATGATCTGCGAAAACCCCAG...	0.6738
assembly_prodigal_300.fasta	193690	ATGTTCAGGATCAGAATTCT...	0.6931
assembly_prodigal_300.fasta	193745	ATGCTGACGCATATTAACAT...	0.7199
assembly_prodigal_300.fasta	193749	CTCTCTCTCTCTCTCTCTCT...	0.8938
assembly_prodigal_300.fasta	193765	CCTCCATCAACTCTTCTGCT...	0.7712
assembly_prodigal_300.fasta	193769	GTCAGTTACTTCCTGTCTTT...	0.7754
assembly_prodigal_300.fasta	193878	ATGGCTGCAATACAAAAACA...	0.7832
assembly_prodigal_300.fasta	193923	ATGCTGACGGAAAAGCCTCC...	0.7317
assembly_prodigal_300.fasta	193952	GCCAAAGAGGCCAGCAGCCA...	0.7185
assembly_prodigal_300.fasta	193982	ATGGAGAGAGATAGGCAGAC...	0.7382
assembly_prodigal_300.fasta	193994	ATGCCCATCATACTCGCTCT...	0.6588
assembly_prodigal_300.fasta	194060	ATGCCAATAGTTCCCACTTC...	0.6905
assembly_prodigal_300.fasta	194165	CCTGACACTTCTTGTTACAT...	0.7354
assembly_prodigal_300.fasta	194184	ATGTTTCTCCTCTCTGTCCT...	0.6667
assembly_prodigal_300.fasta	194250	ATGCTCCTCCTTGCAGTGAC...	0.7007
assembly_prodigal_300.fasta	194267	ATGGCTCCCTGTGCTGCAGG...	0.7622
assembly_prodigal_300.fasta	194304	ATGATCCATGACGGATACTC...	0.6504
assembly_prodigal_300.fasta	194344	ATGGAACAAATGTTATTTAT...	0.6927
assembly_prodigal_300.fasta	194352	CTTTACAAGAACAACCACCA...	0.7479
assembly_prodigal_300.fasta	194400	GTCATTTTAGATTTTGCTCC...	0.8473
assembly_prodigal_300.fasta	194410	ACATTCCATCACATATTTGG...	0.7033
assembly_prodigal_300.fasta	194438	ATAGACAAACCTCAAATGAT...	0.8187
assembly_prodigal_300.fasta	194457	ATGGCTGCCTTCCAGTGGCA...	0.6633
assembly_prodigal_300.fasta	194489	ATGAGGACGTTCAAGATTCC...	0.7156
assembly_prodigal_300.fasta	194495	GTGTGTGTGTGTGTGTGTGT...	0.8150
assembly_prodigal_300.fasta	194512	ATGTTGGATCCGTTATTATA...	0.7962
assembly_prodigal_300.fasta	194549	ATGTCACCTGTTCTACATGA...	0.6917
assembly_prodigal_300.fasta	194576	GTGACAGGCAACCTCCTCCT...	0.6655
assembly_prodigal_300.fasta	194599	CTTACAGACGGACTATCAGC...	0.9253
assembly_prodigal_300.fasta	194670	GTGGAACTGTCTGCTCTCTC...	0.6792
assembly_prodigal_300.fasta	194750	ATGCTGGTTTACCCAGAACT...	0.6677
assembly_prodigal_300.fasta	194813	TCACATGTAGAGCTCTTTGT...	0.6865
assembly_prodigal_300.fasta	194828	CTTATGCTCCTCTATGCTGT...	0.7839
assembly_prodigal_300.fasta	194902	ATGCACTTCATTCTAGTGAT...	0.6671
assembly_prodigal_300.fasta	194939	GTGACCCTTCCAATATTGTT...	0.6581
assembly_prodigal_300.fasta	194952	TCTGCTCTCTGTCTTGCTCA...	0.8369
assembly_prodigal_300.fasta	195030	ATGATTTTTAAAAAGGGGGA...	0.6657
assembly_prodigal_300.fasta	195049	TATCCTAAGTGCAAATTCCT...	0.6858
assembly_prodigal_300.fasta	195083	ATGCATGTGTCATTTGTTTG...	0.8344
assembly_prodigal_300.fasta	195117	ATGACAGCACTCCAAGATCT...	0.6799
assembly_prodigal_300.fasta	195118	CTCCCGGCCGAGCCCCGCCT...	0.7938
assembly_prodigal_300.fasta	195274	ATGCAACAATCCTGTTTTAT...	0.8063
assembly_prodigal_300.fasta	195464	GGACAGCTTCTCACTCGGCG...	0.7798
assembly_prodigal_300.fasta	195492	ATGCAAATGCCGACAATGCT...	0.8602
assembly_prodigal_300.fasta	195538	ATGGTCATATCACCTCCTTC...	0.6640
assembly_prodigal_300.fasta	195684	ATGATGTTACCCGCAGGTTC...	0.6538
assembly_prodigal_300.fasta	195881	ATGTTTTTTTTGTCTCCAGG...	0.7959
assembly_prodigal_300.fasta	195896	TTGATCTTCCTCTACACCAT...	0.7421
assembly_prodigal_300.fasta	195903	TCAAATGTCAAATGTAGTTT...	0.6935
assembly_prodigal_300.fasta	195931	ATGTTGATCAAAGTTTCCCA...	0.6604
assembly_prodigal_300.fasta	195985	ATGAGAGAAAAAAGGGGATC...	0.7612
assembly_prodigal_300.fasta	195986	TTTCACTTCACTACCCTCCT...	0.8144
assembly_prodigal_300.fasta	195991	ATGGGAAAGGCAGTAGAAAA...	0.7539
assembly_prodigal_300.fasta	196053	ACAAAGCCTTTTGTTCTTTT...	0.7227
assembly_prodigal_300.fasta	196066	TCTTCCTTTGTGATTCTCCT...	0.6546
assembly_prodigal_300.fasta	196079	TGCTACCTCCTCCCTATTAT...	0.7252
assembly_prodigal_300.fasta	196122	ATGAATTTTTTTCTATGTGC...	0.6945
assembly_prodigal_300.fasta	196206	ATGCTTATGCTCCTCCAGTC...	0.6883
assembly_prodigal_300.fasta	196262	GTGTATATTTCCCCCCATGC...	0.7310
assembly_prodigal_300.fasta	196288	TTTCCAATTGAAAAACTCCT...	0.7561
assembly_prodigal_300.fasta	196318	TTCCTAAATCCTGACAGTGA...	0.7481
assembly_prodigal_300.fasta	196459	ATGTGTTGTCCCCCCACCCT...	0.7211
assembly_prodigal_300.fasta	196541	ATGTTGACTTTTCCACGAGA...	0.7295
assembly_prodigal_300.fasta	196546	ATGACCAAGCACCAGTCTGG...	0.7799
assembly_prodigal_300.fasta	196553	CTCCTCTCTCTCTATGTCTC...	0.8853
assembly_prodigal_300.fasta	196559	ATGTGTGTGTGTGTGTGTGT...	0.8260
assembly_prodigal_300.fasta	196562	ATGGTTCTCAAGGGAGGTGT...	0.8282
assembly_prodigal_300.fasta	196565	ATGTTCCTTCTTTTTGATGT...	0.7174
assembly_prodigal_300.fasta	196570	GGGATGATATTTTCTACCTG...	0.6787
assembly_prodigal_300.fasta	196620	CCGTTCACCGCGCTGCGCTG...	0.9262
assembly_prodigal_300.fasta	196660	GTGGTTGCCGCAAAATTACA...	0.7169
assembly_prodigal_300.fasta	196678	ATGATACTTGACATCAAACA...	0.7175
assembly_prodigal_300.fasta	196679	ATGCTTCACAATCTTGTGCG...	0.6999
assembly_prodigal_300.fasta	196725	GTGCTTTCTAGTCTTAGGTT...	0.7477
assembly_prodigal_300.fasta	196740	ATGTTACTCACGTTCAGTGC...	0.6923
assembly_prodigal_300.fasta	196746	ATGTATAGGAGTGTGGATGT...	0.6976
assembly_prodigal_300.fasta	196758	GAGCCTTACATCTTTGAACT...	0.6669
assembly_prodigal_300.fasta	196774	GTAGCCCTGCATGCTTATGG...	0.6606
assembly_prodigal_300.fasta	196777	ATGGATCGTGGTTGCGGACC...	0.7190
assembly_prodigal_300.fasta	196787	GGGGGGAGGCCTGATGAACA...	0.6537
assembly_prodigal_300.fasta	196794	ATGGTTGAAAACAGAAGAAC...	0.7171
assembly_prodigal_300.fasta	196919	CTCAGCATATTTTACCAGTT...	0.6706
assembly_prodigal_300.fasta	196966	GTGAAAGAATGTGTGAAGCA...	0.6844
assembly_prodigal_300.fasta	196967	GTGTGTTTACAGGTGTGTGT...	0.8262
assembly_prodigal_300.fasta	197044	ATGCACCAACCTCTTTACCG...	0.8015
assembly_prodigal_300.fasta	197066	GTTTCTCGTTTGCACAAAGT...	0.7780
assembly_prodigal_300.fasta	197119	GTGAGTGTTTTTTTTTTCGG...	0.6877
assembly_prodigal_300.fasta	197120	ATGTCATGTGTACATGTAGC...	0.6737
assembly_prodigal_300.fasta	197125	GTGTTTTTGTTCCACTGCCA...	0.7690
assembly_prodigal_300.fasta	197188	ATGGTAGTGATTGATGTGAT...	0.6742
assembly_prodigal_300.fasta	197229	ATGAACAGTCTTTCCCTTTT...	0.7824
assembly_prodigal_300.fasta	197271	ATGTTTCTGTCTGTCTGTGG...	0.8688
assembly_prodigal_300.fasta	197285	ATGCAGTATAATCACAGGCT...	0.7100
assembly_prodigal_300.fasta	197287	ATGACTGAGTGCTGCTTCTC...	0.7382
assembly_prodigal_300.fasta	197290	GGATTGCATGCCCTCGCGGG...	0.8124
assembly_prodigal_300.fasta	197324	ATGCGGGCGTTTGAAGATGA...	0.6596
assembly_prodigal_300.fasta	197364	GTGGTGCCAGTTCAGGACTA...	0.7212
assembly_prodigal_300.fasta	197501	ATGTTCGGTGCCTGTGTGTG...	0.9293
assembly_prodigal_300.fasta	197524	ATGTCTGTGCTTCCTCCTGG...	0.7725
assembly_prodigal_300.fasta	197536	ATGAGTGTTTGTTCTCTCAT...	0.6726
assembly_prodigal_300.fasta	197574	CAGACGTGTGCTCTTCCGAT...	0.8563
assembly_prodigal_300.fasta	197614	ATGTGTTTTTTTCCTACCTG...	0.6672
assembly_prodigal_300.fasta	197794	GTGTCATTTTTTCTTAATCC...	0.8403
assembly_prodigal_300.fasta	197798	ACAGATCGGACAGCTCAGCT...	0.9639
assembly_prodigal_300.fasta	197813	AGTGAACTTGGCTTTGTAGT...	0.7071
assembly_prodigal_300.fasta	197858	ATGTTTATTAATGCGTTTCC...	0.6825
assembly_prodigal_300.fasta	197890	GTGTTGCAGCAGTTTGATGA...	0.6558
assembly_prodigal_300.fasta	197912	ATGATGTATCCCGAGGCGTT...	0.7304
assembly_prodigal_300.fasta	197941	ATGCTGTTGGCTCCCCCTGA...	0.7289
assembly_prodigal_300.fasta	197944	ATGGGACTTCTGCTTGGGGC...	0.6914
assembly_prodigal_300.fasta	197995	TACCTAATTCTACCCACGTG...	0.7365
assembly_prodigal_300.fasta	198004	ATGCTGATGTTCTTCCATTT...	0.8221
assembly_prodigal_300.fasta	198073	CACCGCACTCCGGACCACAA...	0.7451
assembly_prodigal_300.fasta	198117	ATGCCTTTTTATAGTGACCT...	0.6523
assembly_prodigal_300.fasta	198138	GTGAGTCATTTTCTCTTACC...	0.7975
assembly_prodigal_300.fasta	198144	ATGGATATTAATGCATCTGC...	0.8507
assembly_prodigal_300.fasta	198178	ATGAGGGGGGGGGGGGTTGT...	0.8082
assembly_prodigal_300.fasta	198281	ATGGTCTATGAGTATCTCAG...	0.8334
assembly_prodigal_300.fasta	198312	GATATTGCTCCTCTTCATCT...	0.7780
assembly_prodigal_300.fasta	198351	ATGTCTTCCTCGGCTGCAGA...	0.6883
assembly_prodigal_300.fasta	198445	ATGAATTTTTGTCATCCGGG...	0.6878
assembly_prodigal_300.fasta	198459	ATGTTGGCCCCTACTCGCAG...	0.6806
assembly_prodigal_300.fasta	198597	ATGTTCAATAAACTCTTTGT...	0.6557
assembly_prodigal_300.fasta	198603	ATGCTGACACACACACAAGT...	0.7010
assembly_prodigal_300.fasta	198634	ATGTTTGAGTGTGTGGATTT...	0.6746
assembly_prodigal_300.fasta	198749	CAGTGTGTCATCTTTCCGAC...	0.7006
assembly_prodigal_300.fasta	198768	AGTGCCTATTTGCAAATCGC...	0.8152
assembly_prodigal_300.fasta	198787	ATGTGTGTCGGTGTAAGCGG...	0.7588
assembly_prodigal_300.fasta	198801	ATGCTTGCGGGACATACAAC...	0.7509
assembly_prodigal_300.fasta	198867	ATGTCTTTACAAACGGAACA...	0.6539
assembly_prodigal_300.fasta	198884	ATGTGTACATGTCTGTGTGT...	0.6854
assembly_prodigal_300.fasta	198899	ATGTTTTATGGTTTATTCCT...	0.7246
assembly_prodigal_300.fasta	198915	ATGGATGAAATATTCACAAT...	0.6516
assembly_prodigal_300.fasta	198916	TCTCTCTCTCTTCTCACAAT...	0.9063
assembly_prodigal_300.fasta	198990	ATGTTCTGTTTCCCAGCAGC...	0.6734
assembly_prodigal_300.fasta	198991	ATGTTCACCACCTTCGCCCA...	0.7639
assembly_prodigal_300.fasta	199094	ATGCAGGTCCATACAGTTAT...	0.8880
assembly_prodigal_300.fasta	199126	ATGACCACTGGCATATATGT...	0.6632
assembly_prodigal_300.fasta	199129	CTTTCTCTTCCTCTCTCTCT...	0.8120
assembly_prodigal_300.fasta	199233	ATGTTCTCTGTACCCACCCA...	0.6914
assembly_prodigal_300.fasta	199293	CTAGTTTATATATCTCCAAT...	0.8383
assembly_prodigal_300.fasta	199313	TTTCTCTTCTTCAGCCTGAA...	0.6890
assembly_prodigal_300.fasta	199339	ATGAAAAAAGGGGGAAATTT...	0.7805
assembly_prodigal_300.fasta	199410	ATGGGTCACACACTCATCTT...	0.7517
assembly_prodigal_300.fasta	199426	CTCGAGCGTGGCGCCCTGAC...	0.6551
assembly_prodigal_300.fasta	199449	GACCTCCAGCTTGGCCCCAC...	0.9016
assembly_prodigal_300.fasta	199455	ATGATTGGAGATGTTGAATC...	0.7087
assembly_prodigal_300.fasta	199491	ATGGTGAAACAGGAATCAAA...	0.6577
assembly_prodigal_300.fasta	199495	ATGCTTTACCATCTTAATCC...	0.6616
assembly_prodigal_300.fasta	199522	ATGATGACCTTCAAGTTTTC...	0.7128
assembly_prodigal_300.fasta	199614	ATGACACCCCTTATTCTCCC...	0.8815
assembly_prodigal_300.fasta	199628	CTCTCTCTCTCTCTCCCTCT...	0.6874
assembly_prodigal_300.fasta	199692	ATGATTCCTGAGCTCATGTT...	0.7028
assembly_prodigal_300.fasta	199753	ATGGAGCCCCTCGGCTGGAT...	0.7518
assembly_prodigal_300.fasta	199757	ATGCACAAGTCCTCTTACCA...	0.6742
assembly_prodigal_300.fasta	199781	ATGCTCATGCGTAGCGAATC...	0.6601
assembly_prodigal_300.fasta	199833	ATGCCTATTACTAAGCTCTC...	0.6876
assembly_prodigal_300.fasta	199844	ATGGCTGCTGTCTGTCAGTT...	0.6569
assembly_prodigal_300.fasta	199885	ATGGCAGTCACCAGCCAAGT...	0.6621
assembly_prodigal_300.fasta	199886	ATGTTCAAGGAGCTCAAGGG...	0.6692
assembly_prodigal_300.fasta	199981	ATGCTCCATCCTCTCCAAGC...	0.6739
assembly_prodigal_300.fasta	200037	ATGGTGATCAGCTCTGATGA...	0.6622
assembly_prodigal_300.fasta	200052	ATGGAACCTTACTATTTTAC...	0.7872
assembly_prodigal_300.fasta	200154	CTATATTTATATTCTGGGGC...	0.7145
assembly_prodigal_300.fasta	200225	ATGATAACGGCTCCGGGTTC...	0.6549
assembly_prodigal_300.fasta	200266	CACACACACACACACACACA...	0.6959
assembly_prodigal_300.fasta	200284	ATGGTTAATAGTGCCATTGG...	0.9678
assembly_prodigal_300.fasta	200385	ATGTGTGTTGGTTCAGGGAG...	0.6588
assembly_prodigal_300.fasta	200415	ATGACGTCTTTAGAGAATGA...	0.8356
assembly_prodigal_300.fasta	200482	TATAACTATTCTAATCCTGC...	0.6884
assembly_prodigal_300.fasta	200517	ATGTCCTTCTCTCATCATTC...	0.7462
assembly_prodigal_300.fasta	200562	ATGCATACAGTGTGGCCCTC...	0.7762
assembly_prodigal_300.fasta	200572	ATGCAGTCAGATAATCAAAA...	0.8357
assembly_prodigal_300.fasta	200580	ATGGGAGGGAAGTTTGATCC...	0.6801
assembly_prodigal_300.fasta	200617	GTGGATCATGAGATTCATTG...	0.6575
assembly_prodigal_300.fasta	200664	ATGGACTGTGCTGCTGCTGC...	0.7490
assembly_prodigal_300.fasta	200697	ATGTCCCTTCACCCTTCACT...	0.8905
assembly_prodigal_300.fasta	200734	ATGCACTCAACTGTGCTTTC...	0.7923
assembly_prodigal_300.fasta	200749	ATGTCCACAGGTAAGGACCT...	0.7444
assembly_prodigal_300.fasta	200803	GTTGTGGTTTTAGGGGGATA...	0.6711
assembly_prodigal_300.fasta	200825	ATGCTTTATTACCTTCTTAC...	0.7817
assembly_prodigal_300.fasta	200846	ATGTCTCCTGCTCCCCTCTC...	0.6613
assembly_prodigal_300.fasta	200859	ATGGATTTTAGTGTTTACAA...	0.9178
assembly_prodigal_300.fasta	200883	ATGGGAATCTACTATATTTG...	0.7783
assembly_prodigal_300.fasta	200908	ATGGCTTTGGCTGCTGGTAT...	0.6971
assembly_prodigal_300.fasta	200916	ATGATGCATTTCCATCACAT...	0.9173
assembly_prodigal_300.fasta	200938	TCTTTCATAGATCCCCGCTC...	0.7089
assembly_prodigal_300.fasta	200953	ATGGAAAAAGACAACTCTGT...	0.6778
assembly_prodigal_300.fasta	200961	ATGTTTGTTCTTATGGGAGG...	0.8364
assembly_prodigal_300.fasta	201052	ATGCAACGCCTCCTCCTCCT...	0.6888
assembly_prodigal_300.fasta	201054	GTGGAGCCCCGCCCCCTCGT...	0.6529
assembly_prodigal_300.fasta	201094	ATGTTCACCCGTCGCTCTCT...	0.7132
assembly_prodigal_300.fasta	201163	ATGAAAAAAAAAAAGGGTTC...	0.7005
assembly_prodigal_300.fasta	201342	ATGAGAACTGTCCAGTACTG...	0.8405
assembly_prodigal_300.fasta	201387	ATGTTGCTAACTTTGGAGCT...	0.6775
assembly_prodigal_300.fasta	201434	CCCTCCCCCTCTTGTCTCAG...	0.6815
assembly_prodigal_300.fasta	201469	TCTGTTGGACTTTACTGCTG...	0.7019
assembly_prodigal_300.fasta	201633	ATGAAGTTCCTGTTTTATTC...	0.7426
assembly_prodigal_300.fasta	201724	ATGTTCACATCATGCCATGA...	0.6550
assembly_prodigal_300.fasta	201842	ATGCAATGTATTTACTGGTC...	0.7428
assembly_prodigal_300.fasta	201867	GTGTTTGGGTGTCTCTGGGA...	0.6920
assembly_prodigal_300.fasta	201891	ATGAATGACGAGGCGGCAGA...	0.6567
assembly_prodigal_300.fasta	201894	GTGGGGGGTTACATAGATAT...	0.8350
assembly_prodigal_300.fasta	201992	ATGTCTCTGTCATCTCTTCT...	0.7189
assembly_prodigal_300.fasta	202101	CTCACTGCAGACGTGTTTGT...	0.7381
assembly_prodigal_300.fasta	202152	ATGAGTGACGACACCCTCCT...	0.8550
assembly_prodigal_300.fasta	202156	GTGTGTGTGTCTGTGTTTGT...	0.6907
assembly_prodigal_300.fasta	202177	CCTCCTCCTGCCCCTCTTCC...	0.9998
assembly_prodigal_300.fasta	202292	ATGGGAATTTACTCTTTTTG...	0.7055
assembly_prodigal_300.fasta	202318	CCTCTTCCTCTTCCTCAGGT...	0.7128
assembly_prodigal_300.fasta	202370	TTCCCGTCTGCCGAATTTGA...	0.7634
assembly_prodigal_300.fasta	202376	ATTAAAATTTGCCGATTTAA...	0.6774
assembly_prodigal_300.fasta	202378	ATGTATGAGTGTGTAAGTAT...	0.7949
assembly_prodigal_300.fasta	202399	ATGTATTTTTGGGGCATGTT...	0.8234
assembly_prodigal_300.fasta	202546	TTGACCATCACAACATACAC...	0.6700
assembly_prodigal_300.fasta	202592	GTGTTCCGTTTGTTTTTCGT...	0.7157
assembly_prodigal_300.fasta	202593	TTAGGACCGTGTGTAACCGG...	0.9459
assembly_prodigal_300.fasta	202648	AAAATCACTAATGACCTCCT...	0.7501
assembly_prodigal_300.fasta	202700	GTGTTTCATAATCGTGAAAA...	0.6719
assembly_prodigal_300.fasta	202749	ACCTTTGAACTGCGTGACAG...	0.6581
assembly_prodigal_300.fasta	202750	TTGTTCCAGGACCCCAAAGT...	0.6746
assembly_prodigal_300.fasta	202762	ATGGGACTAAAACAAAACAG...	0.6823
assembly_prodigal_300.fasta	202808	ATGCAACCCCTCACTCTCCA...	0.7743
assembly_prodigal_300.fasta	202851	GTGGGTGTCGGGTTACCGGT...	0.7019
assembly_prodigal_300.fasta	202871	ATGATCCGCCATTTTTCTCC...	0.8380
assembly_prodigal_300.fasta	202900	ATGGTAGATCTTCTGTCAGC...	0.7474
assembly_prodigal_300.fasta	202935	ATGTATGTAATATGCATCCC...	0.6842
assembly_prodigal_300.fasta	202972	TCACACCTATGTCAGCTTCT...	0.7208
assembly_prodigal_300.fasta	203046	ATGAGTGTGTGTGACTCACG...	0.6868
assembly_prodigal_300.fasta	203049	ATGTCGTGCAGTTTTATTTT...	0.7817
assembly_prodigal_300.fasta	203076	ATGATTTTAAGTACATATTA...	0.6546
assembly_prodigal_300.fasta	203185	ATGGCAACTCATCCTGACTT...	0.6734
assembly_prodigal_300.fasta	203246	TTGATCGTTTTCTCCGGCAG...	0.7072
assembly_prodigal_300.fasta	203261	ATGAGGGATCGGATTCCCGC...	0.7417
assembly_prodigal_300.fasta	203274	AGATATAATTCTAATACATA...	0.6531
assembly_prodigal_300.fasta	203357	TCCTGTTTGTGTTTCAGGTT...	0.6929
assembly_prodigal_300.fasta	203371	TCTGCTACGTTAGCATTAAC...	0.8825
assembly_prodigal_300.fasta	203397	ATGAACGCCTGGGTGCGAGA...	0.6505
assembly_prodigal_300.fasta	203466	ATGAGTAATATGCTCTCTAT...	0.7572
assembly_prodigal_300.fasta	203479	TTAGTTGCAGCCCTTATCAC...	0.8414
assembly_prodigal_300.fasta	203498	ATGGATGAGGCTCCCTCCTC...	0.9748
assembly_prodigal_300.fasta	203553	ATGCCCGGCTCTCAGACCCT...	0.7153
assembly_prodigal_300.fasta	203614	GATCGTTTGCTTGAGTTAAC...	0.6603
assembly_prodigal_300.fasta	203617	ATGTGACAGGCCGATCCCAA...	0.6847
assembly_prodigal_300.fasta	203621	TTGAAGCTCGAGGAGCGTGA...	0.7734
assembly_prodigal_300.fasta	203714	ATGGTCACCCTCCACCTATC...	0.6567
assembly_prodigal_300.fasta	203782	CCCTACTCTCTACCCTACTC...	0.9802
assembly_prodigal_300.fasta	203805	GTGTATGAGGAGAAAACCGG...	0.8748
assembly_prodigal_300.fasta	203812	ATGACTGCATCTGAAATATC...	0.6664
assembly_prodigal_300.fasta	203821	ATGTCAGCGGGGTCTCCCCT...	0.6753
assembly_prodigal_300.fasta	204019	TCTGTCGACATTTTGTCCGT...	0.7616
assembly_prodigal_300.fasta	204032	ATGTTAGAAACCTTTACTCT...	0.7132
assembly_prodigal_300.fasta	204100	ATGGTTCGGCCATTCAGCAG...	0.6771
assembly_prodigal_300.fasta	204118	ACCACCATGAAACAATCAGA...	0.8447
assembly_prodigal_300.fasta	204121	TTGCTTTTGAAACAGCAGCA...	0.7091
assembly_prodigal_300.fasta	204299	CAACTGGAGCTACAAGCCAA...	0.8449
assembly_prodigal_300.fasta	204376	GTGGTTCTGCCTCCAGGAGG...	0.6997
assembly_prodigal_300.fasta	204385	ATGTTGATCTCATTCACAAA...	0.6502
assembly_prodigal_300.fasta	204456	GTGGAGACTGATAAGCCTCT...	0.7038
assembly_prodigal_300.fasta	204461	ATGAACATTGTGTTTTATCC...	0.7465
assembly_prodigal_300.fasta	204612	ATGGCGCCGACCTCCGACCC...	0.7316
assembly_prodigal_300.fasta	204684	ATGTCATCATCAGACGCCGT...	0.7753
assembly_prodigal_300.fasta	204700	ATGCAGTCCAAGATGACACC...	0.7032
assembly_prodigal_300.fasta	204727	AGATTCTTTGTGTTTCTCAT...	0.7923
assembly_prodigal_300.fasta	204810	CGGGTTACAGAGGTTGTAGC...	0.8748
assembly_prodigal_300.fasta	204889	ATGTACATAAGTTTATTAAC...	0.7173
assembly_prodigal_300.fasta	204983	ATGTTGGGCCTTACTGATCA...	0.6790
assembly_prodigal_300.fasta	205011	TACCTTTACAGGTCACACAC...	0.7412
assembly_prodigal_300.fasta	205107	ATGAAGGCAAGTTACTTCTC...	0.7554
assembly_prodigal_300.fasta	205126	ATGCTATGGCCTGTTGTCCA...	0.6831
assembly_prodigal_300.fasta	205132	TCGGGTACCGGTGTTGGACA...	0.6907
assembly_prodigal_300.fasta	205168	ATGTTCTCTCTCTCTAGCAT...	0.8579
assembly_prodigal_300.fasta	205191	ATGATGTTATTCCTTCTCTT...	0.6709
assembly_prodigal_300.fasta	205312	ATGTTTATTAATCACCTGTC...	0.7135
assembly_prodigal_300.fasta	205319	ATGGTTTGTAATCAGCAGGC...	0.7738
assembly_prodigal_300.fasta	205360	ATGTTTTCCCCCTCAGGTTT...	0.8742
assembly_prodigal_300.fasta	205371	ATGATTGCTGTCATGGTCAT...	0.9053
assembly_prodigal_300.fasta	205381	CTCTCACATATTAACTTTCT...	0.8850
assembly_prodigal_300.fasta	205440	ATGATCTTGACATCTATCAG...	0.9305
assembly_prodigal_300.fasta	205449	ATGCACCTGGGCGCCAGCCA...	0.6813
assembly_prodigal_300.fasta	205454	GGCCTCCTCCTCTACTGCAC...	0.8040
assembly_prodigal_300.fasta	205486	ATGTTAATAGGCACTGCCTC...	0.6873
assembly_prodigal_300.fasta	205488	CGGACTGGACGTGATGGTGC...	0.7739
assembly_prodigal_300.fasta	205491	ATGTTTTCCTGGATGCATCT...	0.6597
assembly_prodigal_300.fasta	205506	TGGGTCGCCGTACGTCGTCA...	0.6902
assembly_prodigal_300.fasta	205605	GTGTTATGTGCTGCTGCAGT...	0.6937
assembly_prodigal_300.fasta	205623	GTGTTTGGGTTTGCGTCTCA...	0.9132
assembly_prodigal_300.fasta	205682	CACACACACACACACACACA...	0.6549
assembly_prodigal_300.fasta	205847	ATGCTTGCCCTGGAAGAGTG...	0.7524
assembly_prodigal_300.fasta	205926	ATGGAGCTGGACTACGCCGT...	0.7027
assembly_prodigal_300.fasta	205995	GTGGCAACAGCGTGGACGAG...	0.6765
assembly_prodigal_300.fasta	206037	ATGGAGCTCTCTCTCTCTCT...	0.7184
assembly_prodigal_300.fasta	206038	ATGGCCTGCAGCTTCGATGG...	0.8367
assembly_prodigal_300.fasta	206064	CTCTTTTATTGTGAATCTGA...	0.7695
assembly_prodigal_300.fasta	206073	TTTCATCCAGTTATTTTTTT...	0.6761
assembly_prodigal_300.fasta	206089	ATGATTACAGTGAACTATTC...	0.6921
assembly_prodigal_300.fasta	206094	ATGAGATGGAGTAAACTGTC...	0.6723
assembly_prodigal_300.fasta	206102	ATGACTGAAATTACCTCCAC...	0.6972
assembly_prodigal_300.fasta	206130	ATGCACCTAACCCTAACCCA...	0.6722
assembly_prodigal_300.fasta	206228	TCTGATTTCAAAATTCTTTG...	0.6667
assembly_prodigal_300.fasta	206268	TGTTTACCTAGTGCCTCGGC...	0.8378
assembly_prodigal_300.fasta	206269	TCCTCTCCTCTCCTCACCTC...	0.7798
assembly_prodigal_300.fasta	206274	ATGCAGCGCTCCTCTGTAGC...	0.8383
assembly_prodigal_300.fasta	206305	ATGAGTCTTAAAGGTTTTGC...	0.7488
assembly_prodigal_300.fasta	206327	CTCTGGGTTGAGTTACCTCC...	0.8149
assembly_prodigal_300.fasta	206381	CTTTTGATCCCTCCCCCTCT...	0.7565
assembly_prodigal_300.fasta	206389	ATGTGTCTGGTTTCAGGCTG...	0.6679
assembly_prodigal_300.fasta	206513	GTGGCCGGGGGGGGGATTCC...	0.8771
assembly_prodigal_300.fasta	206572	ATGCTATTAGCTATTTTAAT...	0.7008
assembly_prodigal_300.fasta	206633	GTGTGTGTGGGCGTCGCCCG...	0.6825
assembly_prodigal_300.fasta	206650	ATGCCAAGTTGGCAGGGGCA...	0.8957
assembly_prodigal_300.fasta	206727	TTTCCACATCGCTTATTCGC...	0.8249
assembly_prodigal_300.fasta	206775	GTGGTCTTATCTCTCTCTCT...	0.9222
assembly_prodigal_300.fasta	206917	ATGCTAACTGTCCCTGTTTC...	0.6708
assembly_prodigal_300.fasta	206969	CCCCCCCCCCCCCCCCCCCC...	0.6768
assembly_prodigal_300.fasta	206983	ATGTCTCTGGAGGATCTCAG...	0.7013
assembly_prodigal_300.fasta	207108	ATGTCTCTCCCTGTGCTGCT...	0.9231
assembly_prodigal_300.fasta	207131	TGCCACTGTAATCCAGACAC...	0.6615
assembly_prodigal_300.fasta	207207	GCAACAGTCTCATTCTTTGC...	0.9268
assembly_prodigal_300.fasta	207218	GTGAAAGCCTTTATGCTTTC...	0.9880
assembly_prodigal_300.fasta	207219	ATGAAGGGCTTATGTAACCA...	0.7382
assembly_prodigal_300.fasta	207221	ATGTTGTTTTTGGCCCATGT...	0.6581
assembly_prodigal_300.fasta	207307	ATGGGGGCCCAGGCCCAGCC...	0.6868
assembly_prodigal_300.fasta	207326	ATGACAAACATGGGAACATC...	0.7481
assembly_prodigal_300.fasta	207329	GTGTTTTTTGTGGGTAAATC...	0.9077
assembly_prodigal_300.fasta	207352	CTTCCTGAGCAGTATGCCAT...	0.7226
assembly_prodigal_300.fasta	207448	ATGAGTCAACCCTTTTTGGA...	0.6545
assembly_prodigal_300.fasta	207503	ATGCTGAATAGGGGGATTGA...	0.6696
assembly_prodigal_300.fasta	207517	AATGATATAGGTCCAGGATG...	0.8314
assembly_prodigal_300.fasta	207531	ATGGGTGACATTTCAACACT...	0.7040
assembly_prodigal_300.fasta	207533	ATGCGCTTTTCTTTGCAGAG...	0.6694
assembly_prodigal_300.fasta	207541	ATGGTGAACCACGCTACTGT...	0.6529
assembly_prodigal_300.fasta	207549	ATGTGGTTTGAGGTTGAAGT...	0.6791
assembly_prodigal_300.fasta	207551	TCTCTATGCTTTTGTCCTCT...	0.6510
assembly_prodigal_300.fasta	207560	ATGCACCCAGACTACTGGGA...	0.6912
assembly_prodigal_300.fasta	207572	CTAGTGGTCCAACACGTACG...	0.7150
assembly_prodigal_300.fasta	207694	GTGAAGGTGACCTTGTTCAT...	0.8206
assembly_prodigal_300.fasta	207704	ATGCATCCTGTTCTCTGTAC...	0.6724
assembly_prodigal_300.fasta	207721	ATGAACTCTGCTTGTGAGAA...	0.6721
assembly_prodigal_300.fasta	207735	ATGTTGTCGACTCCCGCTCT...	0.7171
assembly_prodigal_300.fasta	207782	ATGGCCATACCTGCTTTAGA...	0.7397
assembly_prodigal_300.fasta	207785	CTCCTACTCTGTGTTCTCAC...	0.7719
assembly_prodigal_300.fasta	207829	ATGCCTTCGCGGGCCGGATT...	0.6902
assembly_prodigal_300.fasta	207926	CACCTGAGCATTCACTCCGG...	0.6663
assembly_prodigal_300.fasta	208032	ATGCAGCCCCTCAGTACAGC...	0.8143
assembly_prodigal_300.fasta	208037	GGTGCAGTGATTAGGATTAG...	0.6618
assembly_prodigal_300.fasta	208057	TTTGTTTTATTTATTTATAT...	0.6901
assembly_prodigal_300.fasta	208061	CCTCTCTCTCTCTCTCTCTC...	0.7481
assembly_prodigal_300.fasta	208107	ATGTCTCCTCACGACAAGTC...	0.7201
assembly_prodigal_300.fasta	208170	GGTCGTCTCACCTTCGCAGT...	0.7835
assembly_prodigal_300.fasta	208181	GGGCGGAGACAGCGGGGGCG...	0.7361
assembly_prodigal_300.fasta	208242	ATCTCAACTTACTCTCTAAT...	0.6654
assembly_prodigal_300.fasta	208248	ATGAGGGGTAAAGATGGCAC...	0.7256
assembly_prodigal_300.fasta	208276	ATGAAGTTAGAGATGCCTTG...	0.6814
assembly_prodigal_300.fasta	208289	GTGATACAGATTTTGACATT...	0.6717
assembly_prodigal_300.fasta	208437	ATGATTCTCACACATTCGCA...	0.6718
assembly_prodigal_300.fasta	208564	ATGGGCCGTATCGCCACACT...	0.6593
assembly_prodigal_300.fasta	208579	ATGGTCCGCTGCCTCCTCCT...	0.7380
assembly_prodigal_300.fasta	208593	AGATTCTACATACTGCTATC...	0.8496
assembly_prodigal_300.fasta	208687	ATGTATGTCATTGACTTTAT...	0.6616
assembly_prodigal_300.fasta	208694	CTTTCTCTCTCTCTCTCTCT...	0.8130
assembly_prodigal_300.fasta	208763	ATGGGGTCTAAGAGCAAAAA...	0.6698
assembly_prodigal_300.fasta	208780	ATGTTTATCCTCACTTTTGC...	0.8313
assembly_prodigal_300.fasta	208814	ATGTCCAATGTGTTCGATTC...	0.9217
assembly_prodigal_300.fasta	208832	CTACTACCTTATATCCACTT...	0.6974
assembly_prodigal_300.fasta	208923	ATGACCTCCTACATCACCGT...	0.8485
assembly_prodigal_300.fasta	208932	ATGTTATCACTAACTTATAC...	0.7187
assembly_prodigal_300.fasta	208985	TCTCTCTCTCTCTCTCTCTC...	0.8417
assembly_prodigal_300.fasta	209012	ATGAGACAGAGTAAAGCAGC...	0.6796
assembly_prodigal_300.fasta	209024	GAGCTCTACATTACGGAATA...	0.6760
assembly_prodigal_300.fasta	209054	ATGCAGCGTATTAAAAACAT...	0.8234
assembly_prodigal_300.fasta	209115	CAACACAGATACGTTTCTGA...	0.6908
assembly_prodigal_300.fasta	209251	GTGGCAAATACCGTCAACCG...	0.6522
assembly_prodigal_300.fasta	209310	ATGGAAGTGGCACTCTGGCA...	0.6770
assembly_prodigal_300.fasta	209370	TTGGATGCTAGTCCTCTTTC...	0.7933
assembly_prodigal_300.fasta	209423	TTTCCTTTGTACACCAAACA...	0.6918
assembly_prodigal_300.fasta	209464	ATGTGTTCAACAAGTTGTTG...	0.6795
assembly_prodigal_300.fasta	209493	ATGTATTTTTATTGTATCTC...	0.8336
assembly_prodigal_300.fasta	209563	CACACACACACACACACACA...	0.6505
assembly_prodigal_300.fasta	209580	ATGCATCTGCTCTCTGTTCC...	0.9368
assembly_prodigal_300.fasta	209774	ATGTTTATGGTTATCTCTGT...	0.7602
assembly_prodigal_300.fasta	209781	ATGTTTTCTGATGACTCCGC...	0.7228
assembly_prodigal_300.fasta	209788	ATAGTTCAGCAACATTTCTT...	0.8553
assembly_prodigal_300.fasta	209790	ATGATGCGAGATATCGAATT...	0.8280
assembly_prodigal_300.fasta	209863	AGTTATTATGAGTACACTGC...	0.6749
assembly_prodigal_300.fasta	209875	ATGCTTGCGTGCCTGCATGC...	0.6720
assembly_prodigal_300.fasta	209884	GTGGCGACGTTTCCCGGCGT...	0.8499
assembly_prodigal_300.fasta	209913	ATGACTCTGAGCTCACCTGA...	0.7706
assembly_prodigal_300.fasta	209959	ATGCATGGCTTCCGTTTGCT...	0.8984
assembly_prodigal_300.fasta	210022	CACACACACGCACACACACA...	0.6659
assembly_prodigal_300.fasta	210062	ACGATTGTCCCTGCCTCACA...	0.6996
assembly_prodigal_300.fasta	210075	ATGTGCAACAGTCGTTCTGA...	0.7238
assembly_prodigal_300.fasta	210126	AGTCACACTCAGGCACGCAA...	0.7253
assembly_prodigal_300.fasta	210162	ATGACATCAGAGACAACTAT...	0.8185
assembly_prodigal_300.fasta	210243	ATGCAAAAACACTCTCTTTG...	0.6584
assembly_prodigal_300.fasta	210245	CCCCCCCCACACACACACAC...	0.6522
assembly_prodigal_300.fasta	210348	ATGTTTATAGTATACCTGAT...	0.7155
assembly_prodigal_300.fasta	210383	GACGGCCGAGTCCACAGCGC...	0.7484
assembly_prodigal_300.fasta	210392	CTGCTCTCGTTTGGCGCCTC...	0.8809
assembly_prodigal_300.fasta	210447	ATGTTTGACATGTTTCTTGC...	0.7111
assembly_prodigal_300.fasta	210456	ATGAATCAAGCAGACATTCA...	0.7783
assembly_prodigal_300.fasta	210471	ATGGATGGACTCGGTGTTAA...	0.6624
assembly_prodigal_300.fasta	210504	ATGGCTCTCATTTTTTCTCT...	0.8857
assembly_prodigal_300.fasta	210505	GCCTCAGAGGATGAGCTCCC...	0.7738
assembly_prodigal_300.fasta	210681	ATGGTGCTAAGGCCATATCT...	0.7670
assembly_prodigal_300.fasta	210682	ATGCTCGTTTTGGGGGAGGT...	0.9277
assembly_prodigal_300.fasta	210789	GACAAAGTCCTAGCCCTCGT...	0.7482
assembly_prodigal_300.fasta	210832	ATGATTTTTTTCAGGGCTGG...	0.6566
assembly_prodigal_300.fasta	210844	GTGTTCGAGTCGTGGGTGTG...	0.7397
assembly_prodigal_300.fasta	210873	ATGTCTCTTGTGGCGGTTGT...	0.7317
assembly_prodigal_300.fasta	210892	TTGGTACAACAATGATTTTT...	0.7050
assembly_prodigal_300.fasta	210956	GCTAGTGTAAATTTGATGCT...	0.6707
assembly_prodigal_300.fasta	210979	ATGAATTGGTTTAATAGCAC...	0.7485
assembly_prodigal_300.fasta	210988	ATGGCGTTTTTGAGCTGCTT...	0.7027
assembly_prodigal_300.fasta	211064	GTGTGTGTTACTCTCTCTCT...	0.7987
assembly_prodigal_300.fasta	211127	ATGTTACACAGCGAGTTTTC...	0.6920
assembly_prodigal_300.fasta	211233	CCTGGTCATGTGACCCTGCT...	0.7326
assembly_prodigal_300.fasta	211279	GTGCCGTCCCTGCTCAATGT...	0.6969
assembly_prodigal_300.fasta	211319	ATGTTAATCTCCTCTACTGA...	0.6585
assembly_prodigal_300.fasta	211385	ATGGCCCTCTTGGATGCTGA...	0.6533
assembly_prodigal_300.fasta	211400	CTATCCCACCTTCTCTCTCA...	0.7190
assembly_prodigal_300.fasta	211407	GTGCTGCTCGGCTCGCCTCA...	0.7359
assembly_prodigal_300.fasta	211425	ATGGAAGCCGTGACCCTCAT...	0.7834
assembly_prodigal_300.fasta	211479	ATGGGTCTTCCTCTGTTGTG...	0.7528
assembly_prodigal_300.fasta	211490	TATGATGCTGCTGTTGGGCT...	0.6595
assembly_prodigal_300.fasta	211549	TTGCAGCTCTGCGGGGAGAG...	0.7675
assembly_prodigal_300.fasta	211602	ATGGTGTCAGCAGCTGGCTC...	0.9336
assembly_prodigal_300.fasta	211695	ATGACACAAGGCTCTACTGT...	0.8384
assembly_prodigal_300.fasta	211747	ATGTGTCTTAGTTTAGCTCT...	0.7298
assembly_prodigal_300.fasta	211757	ATGACCCCTAGAGTTTTTGT...	0.9545
assembly_prodigal_300.fasta	211766	GTGAAGTGGATTCACCCCGA...	0.6729
assembly_prodigal_300.fasta	211778	ATGACACTAGAATATTTGAC...	0.6765
assembly_prodigal_300.fasta	211781	GCCCATCTTCTTCTAAAATT...	0.8882
assembly_prodigal_300.fasta	211805	ATGTTGCACCCCCATGTTTC...	0.6754
assembly_prodigal_300.fasta	211818	ATGTGTGTGTGGCTTGACCT...	0.7070
assembly_prodigal_300.fasta	211880	ATGAGTGTGATCCTGGACCT...	0.6679
assembly_prodigal_300.fasta	211912	ATGCTGACCCAGGTATGCCT...	0.7562
assembly_prodigal_300.fasta	211914	GTGATACATCTCCGTCTGCA...	0.7338
assembly_prodigal_300.fasta	211938	TTCCTCTCCCTTCACAGCAC...	0.6799
assembly_prodigal_300.fasta	212070	ATGGCTGCTGCCAATGTCCT...	0.8781
assembly_prodigal_300.fasta	212077	ATGAGACCTTTCTGTCTCGC...	0.7803
assembly_prodigal_300.fasta	212078	ATGTGTGTCTCAGCTGACTT...	0.7377
assembly_prodigal_300.fasta	212149	GTGTTGGACTCCGGCGACGG...	0.8008
assembly_prodigal_300.fasta	212217	TCAGAATACAATATTCAGCC...	0.6715
assembly_prodigal_300.fasta	212220	TCAAGGCTTGTCACACACAC...	0.7090
assembly_prodigal_300.fasta	212260	ATGCTTCTTCTTCTTCTTCT...	0.7423
assembly_prodigal_300.fasta	212265	TTTCTTCTTCTATCCTCTTA...	0.6589
assembly_prodigal_300.fasta	212291	TCTTCTTCCACTTTTACAAG...	0.6744
assembly_prodigal_300.fasta	212310	TCTCTCTCTCTCTCTCTCTC...	0.6892
assembly_prodigal_300.fasta	212329	ATGGCTTCTAGGGCAGCTCA...	0.6536
assembly_prodigal_300.fasta	212345	ATGGCTGCAGACCACCTGCT...	0.7039
assembly_prodigal_300.fasta	212399	ATGCCCGCCATTTTACTGAA...	0.7236
assembly_prodigal_300.fasta	212460	GACATCATGAACGTTTACGC...	0.7599
assembly_prodigal_300.fasta	212469	TTGTTTTTTCCTGTCTGCTG...	0.7596
assembly_prodigal_300.fasta	212541	GTGACACAGTCAAGTGTGCT...	0.7716
assembly_prodigal_300.fasta	212602	ATGTTAACAGTGCCCTCTGA...	0.7395
assembly_prodigal_300.fasta	212671	TGTTCTTGCACCTATAACCA...	0.7957
assembly_prodigal_300.fasta	212677	ATGAGCTTCGTGGTTGCGGA...	0.7676
assembly_prodigal_300.fasta	212696	GTGCTCTTCTCATGTCTCCC...	0.6819
assembly_prodigal_300.fasta	212717	GTGTACCACAAGATCACTGT...	0.7367
assembly_prodigal_300.fasta	212721	ATGCTATGGTGGTACACTAA...	0.6541
assembly_prodigal_300.fasta	212729	TGGAAAGATAGTGAACTCAG...	0.7829
assembly_prodigal_300.fasta	212801	GACATCAGCGAAATCCACCC...	0.8082
assembly_prodigal_300.fasta	212899	GTGTGTGTGTGTGTGTGTGT...	0.6578
assembly_prodigal_300.fasta	213025	CAGATTCAAGTTATTTCTGC...	0.6739
assembly_prodigal_300.fasta	213152	GTGGTTCGTGCAGGTCCTGC...	0.9450
assembly_prodigal_300.fasta	213157	ATGCTCTTAGAGAAATTTAG...	0.6697
assembly_prodigal_300.fasta	213241	ATGTTTTCTATCCCCTCCCC...	0.7281
assembly_prodigal_300.fasta	213264	ATGACCCAGTTTTGCTTATG...	0.6908
assembly_prodigal_300.fasta	213296	ATGGGCAGCCTGGCCCCTGC...	0.7767
assembly_prodigal_300.fasta	213429	ATGCTCTCCCTCCTCTTTCT...	0.8211
assembly_prodigal_300.fasta	213432	CATTCCCTCTTGGGTTATTT...	0.7865
assembly_prodigal_300.fasta	213466	ATGTGGTCAGTCATTCATGT...	0.7813
assembly_prodigal_300.fasta	213515	GTGGAGAGTGTGATTGTGTT...	0.8103
assembly_prodigal_300.fasta	213531	ATGACCCATATTGTGTACAG...	0.6672
assembly_prodigal_300.fasta	213536	GTGCCGGAATTGAAAATTCT...	0.7054
assembly_prodigal_300.fasta	213673	GTGGATGTACCACTTGTTGT...	0.7953
assembly_prodigal_300.fasta	213687	ATGATGGCTGAACACTGGTG...	0.6709
assembly_prodigal_300.fasta	213801	ATGTCTCTGCAGGGTCTGCA...	0.6817
assembly_prodigal_300.fasta	213821	ATGGAGTTTGCATGTTGTCC...	0.7038
assembly_prodigal_300.fasta	213830	ATGTACACTCTACATCGCAA...	0.6993
assembly_prodigal_300.fasta	213874	GTGGCTGCTGCATGGTTAGA...	0.8329
assembly_prodigal_300.fasta	213904	ATGAGGCTTCACAGATTGAC...	0.7500
assembly_prodigal_300.fasta	213971	ACCATACTTGAGATGGCATC...	0.6531
assembly_prodigal_300.fasta	214014	CTTTTTGTCTCTCTCGCCCT...	0.8393
assembly_prodigal_300.fasta	214054	ATGGGGGAAGGGGTTGAGTG...	0.9276
assembly_prodigal_300.fasta	214152	ATGGCGGCGCTGTGGCTCCA...	0.7757
assembly_prodigal_300.fasta	214302	ATGGAATCTAGCTCCGCCTC...	0.8321
assembly_prodigal_300.fasta	214308	ATGAATATGCTGCTGCAGTT...	0.7283
assembly_prodigal_300.fasta	214425	ATGCGTCCCCAATGCCCTGT...	0.6639
assembly_prodigal_300.fasta	214435	ATGCAGCCAAAACTGTCAAA...	0.7794
assembly_prodigal_300.fasta	214452	TTCACCACAGTTGACGATGA...	0.6826
assembly_prodigal_300.fasta	214478	ATGCAGACGGCTAATTTGAG...	0.7126
assembly_prodigal_300.fasta	214549	TTGGGTCTGATTAATGCTCT...	0.6582
assembly_prodigal_300.fasta	214552	GTGTGTGTATGTGTGTGTGA...	0.9090
assembly_prodigal_300.fasta	214565	ATGCTGCTTCCATCTCCACT...	0.6955
assembly_prodigal_300.fasta	214569	GTCTGGCTCCGCCTCCGTTA...	0.9588
assembly_prodigal_300.fasta	214657	ATGCTTCTCTCTCTCTCTCT...	0.7125
assembly_prodigal_300.fasta	214660	ATGCGGCGCACGCTCTCGAT...	0.7390
assembly_prodigal_300.fasta	214728	CTGTCTGTCTGTCTGTCTGT...	0.9384
assembly_prodigal_300.fasta	214782	ACACACACACACACACACAC...	0.7022
assembly_prodigal_300.fasta	214789	TTTTCTTTTTCTTTTCTTTT...	0.7398
assembly_prodigal_300.fasta	214873	ATGACTCTAGTGTACTGTAC...	0.7093
assembly_prodigal_300.fasta	214974	TTGATCCTGGTTCTGGTTCT...	0.8941
assembly_prodigal_300.fasta	215009	ATGGCAGCCTTCCATTTCTT...	0.6665
assembly_prodigal_300.fasta	215077	TTGTGTGTCTCAGGTTCGAC...	0.6778
assembly_prodigal_300.fasta	215104	TCTCTCTCTCTCTCTCTCTC...	0.7686
assembly_prodigal_300.fasta	215126	ATGGTTACTTCAACTTTTTT...	0.6636
assembly_prodigal_300.fasta	215160	GTGCCAACACTTGACTATGA...	0.7142
assembly_prodigal_300.fasta	215176	CACACACACACACTCACTCA...	0.7917
assembly_prodigal_300.fasta	215197	GTGGACGCACCTGCACTGAC...	0.7013
assembly_prodigal_300.fasta	215260	CTGCATGCTTTTCCTGTTAA...	0.7865
assembly_prodigal_300.fasta	215271	CAGACTGACCTGTCTGTTAC...	0.7633
assembly_prodigal_300.fasta	215295	ATGTTTAAAGTGCACGCCTC...	0.6718
assembly_prodigal_300.fasta	215359	ATGATGACTGTGATGATGAT...	0.7043
assembly_prodigal_300.fasta	215438	CTACATTTCCAATGCTGTGC...	0.6665
assembly_prodigal_300.fasta	215575	ATGTTTCCTGTTGTGACGTT...	0.6857
assembly_prodigal_300.fasta	215605	ATGAACCTCCTCATGTTCCT...	0.6706
assembly_prodigal_300.fasta	215657	GTGGCTGAAGGAATCCCTGG...	0.6716
assembly_prodigal_300.fasta	215754	ATGTCTTTGCATGATTTACA...	0.7223
assembly_prodigal_300.fasta	215775	ATGACTATCAAAACACAAAC...	0.7693
assembly_prodigal_300.fasta	215803	ATGGGAGATGTACATGACAT...	0.9167
assembly_prodigal_300.fasta	215815	ATGGGTCTTCCTCTGGGGCG...	0.7195
assembly_prodigal_300.fasta	215821	ATGTGGAGCACATTTTACCT...	0.9039
assembly_prodigal_300.fasta	215826	ATGGATCCCTCGATATCACA...	0.9480
assembly_prodigal_300.fasta	215832	CCTCCAGGAGTGAATGTCAC...	0.7412
assembly_prodigal_300.fasta	215893	ATGCATGTTTTTGTACTCGG...	0.7300
assembly_prodigal_300.fasta	216047	ATGCTATTCCTCCTAGACTC...	0.6570
assembly_prodigal_300.fasta	216054	ATGAAGGACCACAACTCCCA...	0.7983
assembly_prodigal_300.fasta	216186	ATGTTTTCTGTTTTAACTCC...	0.7660
assembly_prodigal_300.fasta	216221	ATGAAGAGCGACACTGAATA...	0.7043
assembly_prodigal_300.fasta	216252	AACAACAGTCCTCTGGGAGT...	0.7358
assembly_prodigal_300.fasta	216266	ATGGGTCATTATCCCACAGA...	0.7330
assembly_prodigal_300.fasta	216299	GCAAATGGAGTTTTAGCCTC...	0.6794
assembly_prodigal_300.fasta	216377	ATGACTAGACTTGTGAGGAG...	0.8122
assembly_prodigal_300.fasta	216395	GTGCTTCGCGCCACATATAT...	0.7953
assembly_prodigal_300.fasta	216401	ATGTGTATTTCTGTGGCGAT...	0.8368
assembly_prodigal_300.fasta	216484	ACACACACACACACACACAC...	0.7385
assembly_prodigal_300.fasta	216493	ATGCAAAGTCTGAATGTTTC...	0.7064
assembly_prodigal_300.fasta	216521	CTGTTTTTTCTTTTTCTTTT...	0.8614
assembly_prodigal_300.fasta	216524	ATGCCACACCTTTCATTAAT...	0.6549
assembly_prodigal_300.fasta	216574	ATGGCGGACTCTCTGGGTGT...	0.7294
assembly_prodigal_300.fasta	216727	ATGTTGCCACAGGGAGACCC...	0.7350
assembly_prodigal_300.fasta	216744	CAATCAGATCACAGAATTTA...	0.8524
assembly_prodigal_300.fasta	216768	ACTCAGCCCAAATCACGGAG...	0.7955
assembly_prodigal_300.fasta	216803	TCCATGACAACTGAAAGTGA...	0.8757
assembly_prodigal_300.fasta	216805	ATGACAAGCCACACTTTCCC...	0.8934
assembly_prodigal_300.fasta	216829	ATGTTCCTTCCACCGGTGCA...	0.6575
assembly_prodigal_300.fasta	216878	ATGAGACAAAACTGCCAATT...	0.7518
assembly_prodigal_300.fasta	216905	ACTTTTCCATTCTTCATAGT...	0.6659
assembly_prodigal_300.fasta	216910	ATGCTACTTTACATCATCAA...	0.7143
assembly_prodigal_300.fasta	216961	GAGTTCTCCCTGCCAAAGTT...	0.6797
assembly_prodigal_300.fasta	216962	ATGCTGACAGACAACGCCTC...	0.7046
assembly_prodigal_300.fasta	216974	GTGAGATGGAATATTGTTTT...	0.7980
assembly_prodigal_300.fasta	217000	GTGCGGGAGCTCCCGGCACC...	0.8720
assembly_prodigal_300.fasta	217007	CGCGGGTCTCCTTCCCGCGG...	0.9723
assembly_prodigal_300.fasta	217164	ATGCTTCTTTCATCCTTCTC...	0.6502
assembly_prodigal_300.fasta	217230	ATGTCAGCAGGGTTAAAACT...	0.6682
assembly_prodigal_300.fasta	217307	ATGTCTTCCATCATGTTTCA...	0.6893
assembly_prodigal_300.fasta	217438	ATGCCTCTCCTCCTCTCTAC...	0.7544
assembly_prodigal_300.fasta	217448	TACCTTCTTGTCCTTCTTGT...	0.9260
assembly_prodigal_300.fasta	217489	ATGCACATTTCCAGACTCTA...	0.7405
assembly_prodigal_300.fasta	217524	ATGTCTGGCCACATGCTGCT...	0.6600
assembly_prodigal_300.fasta	217528	ATGTTTTCTTTTCACAAAAC...	0.7643
assembly_prodigal_300.fasta	217531	GTGATTTTGGACAGTGGGTC...	0.7244
assembly_prodigal_300.fasta	217571	GTTAATTTTAATTCTGGCCC...	0.7040
assembly_prodigal_300.fasta	217581	GTGGGTGTGTTTGTTTATGC...	0.8465
assembly_prodigal_300.fasta	217609	ATGAGGGGAGGGGAAACTGG...	0.7775
assembly_prodigal_300.fasta	217655	ATGAAACTCAGAATATCAGA...	0.7199
assembly_prodigal_300.fasta	217663	AATCAAGAGTTATTACTCTT...	0.7198
assembly_prodigal_300.fasta	217695	CATCTTTCTCCTCAACAGCT...	0.9316
assembly_prodigal_300.fasta	217743	ATGCAGAGCACTTTGAAAAT...	0.7579
assembly_prodigal_300.fasta	217757	TTGTTCTCCGACAGGTTAAA...	0.7107
assembly_prodigal_300.fasta	217824	GTGACGCTGTCTGCTCCTGC...	0.6701
assembly_prodigal_300.fasta	217866	ATGTGCAAAGTTAAGGTGAC...	0.6780
assembly_prodigal_300.fasta	217887	ATGTTTGTTCAGGATTTTTT...	0.6614
assembly_prodigal_300.fasta	217898	ATGTATTGTGTGTGTGTGTG...	0.7735
assembly_prodigal_300.fasta	217900	GTGAACGACGTGTGGAGTTT...	0.6617
assembly_prodigal_300.fasta	217901	ATGGCCTACTGGACGGCCGT...	0.6558
assembly_prodigal_300.fasta	217921	GTGACTGAAGCCTGTATTTT...	0.6771
assembly_prodigal_300.fasta	217964	ATGTTTGTGCATGGTGAACA...	0.6942
assembly_prodigal_300.fasta	218025	ATGTCTGCCTTTCTCTCTGC...	0.7167
assembly_prodigal_300.fasta	218041	TTGTTGTTGGTAGCGACGTT...	0.7110
assembly_prodigal_300.fasta	218043	ATGCTCTCCAGCCCCTCAGT...	0.6506
assembly_prodigal_300.fasta	218108	ATGTCTTTTGCTCTGCTGCT...	0.6613
assembly_prodigal_300.fasta	218131	ATGGATCTGCTGTGGGCGCT...	0.6697
assembly_prodigal_300.fasta	218158	TTGTCATCTATCCAGATCAT...	0.6685
assembly_prodigal_300.fasta	218195	AAGCCTGACCCAATGCCCAT...	0.9479
assembly_prodigal_300.fasta	218258	ATGGACGCGCACTCCATCCT...	0.7503
assembly_prodigal_300.fasta	218290	GTTACCGTGGCAACAACAGT...	0.7672
assembly_prodigal_300.fasta	218326	TGTGTCTGTGTGATTACCCC...	0.8073
assembly_prodigal_300.fasta	218359	GTGATAATCTTTCTATCCTT...	0.7757
assembly_prodigal_300.fasta	218450	ATGCAGAAAAAAATTATTCT...	0.7275
assembly_prodigal_300.fasta	218476	ATGGCTTTCCTGCTTAAACA...	0.9086
assembly_prodigal_300.fasta	218483	ATGGACAATTTCACACGTAA...	0.6918
assembly_prodigal_300.fasta	218522	ATGGGAGGAGAGCAAGGGGA...	0.6997
assembly_prodigal_300.fasta	218592	ATGCTCATCGAGCAGCTCTC...	0.6602
assembly_prodigal_300.fasta	218644	ATAGATTTAAATAAAAGTCG...	0.6615
assembly_prodigal_300.fasta	218700	ATGCATCGCCTGCACACTAA...	0.6803
assembly_prodigal_300.fasta	218710	ATGGCCTCTGCACGCCAGCA...	0.9706
assembly_prodigal_300.fasta	218713	ATGATAGCTCAATCCTCGGT...	0.7231
assembly_prodigal_300.fasta	218716	ATGGTTTCCACGGTTACAAC...	0.7388
assembly_prodigal_300.fasta	218723	ATGTCCGCCAGGTCAAGTCC...	0.8073
assembly_prodigal_300.fasta	218799	ATGCCGCGTGCCGCTGAATC...	0.6759
assembly_prodigal_300.fasta	218808	CACACACACACACACACACA...	0.7239
assembly_prodigal_300.fasta	218842	ACTCCTGTGAGCCCTAATCC...	0.9665
assembly_prodigal_300.fasta	218847	CTTCTTCTTCCTTCTTCTTC...	0.6997
assembly_prodigal_300.fasta	218878	CTCTCTTGTGGAACCATCTC...	0.6837
assembly_prodigal_300.fasta	218948	GTGAGACCACCGCCTCCTGA...	0.6780
assembly_prodigal_300.fasta	218986	ATGCTCCACCGCAGCACCTT...	0.6810
assembly_prodigal_300.fasta	218987	ATGTGCTGTCTTCATAATGT...	0.7003
assembly_prodigal_300.fasta	218997	ATGAGGATTATCTTCATCAC...	0.7592
assembly_prodigal_300.fasta	219029	TTTCTCACACACACACACAC...	0.7194
assembly_prodigal_300.fasta	219141	ATGTTTGCGTCCAGCTGGCA...	0.7084
assembly_prodigal_300.fasta	219185	GTGCACATGTTCCATGGGCC...	0.7475
assembly_prodigal_300.fasta	219199	GGTCCCCCTCTCTCTTCTTC...	0.7137
assembly_prodigal_300.fasta	219221	ATGACCAAATTTCAAACTGC...	0.7656
assembly_prodigal_300.fasta	219225	ATGTTTCCCATTTCATCCAC...	0.7278
assembly_prodigal_300.fasta	219256	GTGCCCGCCGCGTCTCCACC...	0.7410
assembly_prodigal_300.fasta	219300	TTGGCTTGGGAGATGTACAC...	0.6592
assembly_prodigal_300.fasta	219355	TCTGGTCCGGTCCTGCAGGT...	0.7199
assembly_prodigal_300.fasta	219356	ATGTTGCTATCTTTTTTTCA...	0.8139
assembly_prodigal_300.fasta	219361	ATGTTTCCTGCTGTCTCTGC...	0.8525
assembly_prodigal_300.fasta	219392	ATGCGTGCTTATGTAAACCT...	0.8902
assembly_prodigal_300.fasta	219446	GTAGAAAGATACGTGTTACT...	0.9556
assembly_prodigal_300.fasta	219612	TTTATCTTCCACCGTCCACT...	0.6572
assembly_prodigal_300.fasta	219626	ATGACATTCTCATACCTCTT...	0.8236
assembly_prodigal_300.fasta	219701	ATGGATGTGTCTTTACCCTC...	0.6521
assembly_prodigal_300.fasta	219718	ATGGCCTCCGATCCTGCTGA...	0.8467
assembly_prodigal_300.fasta	219801	ATATGTCCCCCCAACAATGA...	0.6929
assembly_prodigal_300.fasta	219826	ACATACTCAGAGAAATTCCC...	0.7027
assembly_prodigal_300.fasta	219854	TATAGACACCAGGAACTCTA...	0.7223
assembly_prodigal_300.fasta	219928	ATGATCAATGTTATTCCCTC...	0.7522
assembly_prodigal_300.fasta	219980	ATGCTCCCTAAACGCCTAAC...	0.6741
assembly_prodigal_300.fasta	219990	CCCTCAGCCTCCTCTCACAT...	0.7105
assembly_prodigal_300.fasta	220010	ACACACACACACACACACAC...	0.6608
assembly_prodigal_300.fasta	220054	ATAATACAGTTTGTTGCACA...	0.7520
assembly_prodigal_300.fasta	220058	ATGCTCACACCTTTTTGCCT...	0.7165
assembly_prodigal_300.fasta	220126	GTGTGTGTGTGTGTGTGTGT...	0.6787
assembly_prodigal_300.fasta	220139	GTCGTCACATTTTCTGTATT...	0.7258
assembly_prodigal_300.fasta	220175	CTCCTTTTCACCTTTAGTAG...	0.7464
assembly_prodigal_300.fasta	220180	GCAGTAAAACACACCTCTAG...	0.7311
assembly_prodigal_300.fasta	220194	ATGGACTGTATCATTCAAGC...	0.7948
assembly_prodigal_300.fasta	220227	GTTGTTTTATCTTCTTTTTT...	0.7911
assembly_prodigal_300.fasta	220288	ATGAGCTCAGTGGGGTTTTC...	0.8054
assembly_prodigal_300.fasta	220337	ATGGGCCTTCACTGCGGACC...	0.8523
assembly_prodigal_300.fasta	220338	ATGTCTTCGTCTAATGTTTG...	0.7074
assembly_prodigal_300.fasta	220385	GTGCATGTCGCCTCTCTTGA...	0.7325
assembly_prodigal_300.fasta	220390	ATGCTTTCTATATTTCCTTC...	0.8435
assembly_prodigal_300.fasta	220396	GTTACAGCGTTTGGCGTCAG...	0.6986
assembly_prodigal_300.fasta	220405	GTGTACGTCTCCTCTCTCTC...	0.7980
assembly_prodigal_300.fasta	220441	GTGTTTCTGTTTTTAAATGT...	0.7312
assembly_prodigal_300.fasta	220545	ATGGAAGAAATATGTGAAGT...	0.7164
assembly_prodigal_300.fasta	220664	GTGCGTTTGCAGAATGCAGG...	0.8604
assembly_prodigal_300.fasta	220716	ATGACAGATGCAACTCTCGC...	0.7044
assembly_prodigal_300.fasta	220752	ATGTATATCCGAGGTTTTTA...	0.7050
assembly_prodigal_300.fasta	220817	CCTCAGATACTGCAGTACAA...	0.6555
assembly_prodigal_300.fasta	220873	ATGAAGCTGTTTCCTGTTTC...	0.7392
assembly_prodigal_300.fasta	220896	TCTACCTTCATTCATATACC...	0.6565
assembly_prodigal_300.fasta	220925	CACACACACACACACACACA...	0.6772
assembly_prodigal_300.fasta	220933	ATGTTCTATATGTTGTTGAG...	0.6757
assembly_prodigal_300.fasta	220963	ATGGCTGATCGATTAATGAA...	0.6585
assembly_prodigal_300.fasta	221041	ATGGTTCTGGTTCTGTTTCA...	0.7108
assembly_prodigal_300.fasta	221085	ATGTTCTCCTTTGTTCTTAT...	0.6717
assembly_prodigal_300.fasta	221086	GTTTTGTTTGCAGTGTTGCC...	0.7451
assembly_prodigal_300.fasta	221103	ATGTTTTCCTACAATGCTTT...	0.6825
assembly_prodigal_300.fasta	221155	ATGAATGTGTTCATCTTACT...	0.7335
assembly_prodigal_300.fasta	221174	CTCCTTCCTGTGTCGTTATC...	0.7858
assembly_prodigal_300.fasta	221192	AGACTGCAGCTGTCCAACAC...	0.7855
assembly_prodigal_300.fasta	221237	ACACACACACATACACACAC...	0.6998
assembly_prodigal_300.fasta	221331	ATGTGTTTTTCTTGCTGTGT...	0.7275
assembly_prodigal_300.fasta	221351	ATGATTTATTTACCTTCCTA...	0.6807
assembly_prodigal_300.fasta	221354	ATGCTCATTTCAAGCTCTAT...	0.6935
assembly_prodigal_300.fasta	221557	ATGCTCTTTGCTCTTGACCT...	0.6629
assembly_prodigal_300.fasta	221581	GTGCTTTCCTTTCTTTGCAA...	0.7784
assembly_prodigal_300.fasta	221587	CACACATACACACACACACA...	0.6974
assembly_prodigal_300.fasta	221628	ATGTGCTTGCTTACCCAGGA...	0.7472
assembly_prodigal_300.fasta	221731	GTTATTTTGTCCACCCCCTG...	0.7318
assembly_prodigal_300.fasta	221820	TCTTTGGTGCTGCCTTTGTC...	0.7641
assembly_prodigal_300.fasta	221856	GTGGCAGCACTGATAGCGTC...	0.6998
assembly_prodigal_300.fasta	221900	ATGTTCCCTCTAATTTTTCA...	0.6918
assembly_prodigal_300.fasta	222107	ATGAATGCATATTTCCATCT...	0.8338
assembly_prodigal_300.fasta	222115	ATGCCTGTTTCACTAGTGGC...	0.8062
assembly_prodigal_300.fasta	222132	ATGCGCATTTCTGTTACCCC...	0.6917
assembly_prodigal_300.fasta	222151	ATGTTTCCAGTCGATTGCTA...	0.7052
assembly_prodigal_300.fasta	222193	ATGTCTGTCATGCATGTTGT...	0.8334
assembly_prodigal_300.fasta	222226	ATGATCAGTCACATTCATGC...	0.7675
assembly_prodigal_300.fasta	222377	ATGATTTCCTCTCTTTTTCT...	0.8147
assembly_prodigal_300.fasta	222405	ATGAGCAGTAAAATTAAAGC...	0.6594
assembly_prodigal_300.fasta	222469	ATGGTATTGCCATCTCTTTT...	0.6805
assembly_prodigal_300.fasta	222516	ATGCGTATAGATGACAGTCG...	0.7371
assembly_prodigal_300.fasta	222586	ATGCTTGGGTCTATTCTGGC...	0.7052
assembly_prodigal_300.fasta	222651	ATGCAGCTGGGTGACCTGTT...	0.6690
assembly_prodigal_300.fasta	222657	CCTGGTCCATCCGCTTCTCC...	0.7197
assembly_prodigal_300.fasta	222669	GTGGGTCCGGCTGGTGATGA...	0.8541
assembly_prodigal_300.fasta	222671	GTCTCTACCCCTCAGCTCTC...	0.7202
assembly_prodigal_300.fasta	222688	ATTTTATTCACAATGGACTT...	0.7302
assembly_prodigal_300.fasta	222787	ATGTTCCTTTCATCATGCAT...	0.9550
assembly_prodigal_300.fasta	222812	GTGTTTTTTGTCGGGGAATC...	0.6663
assembly_prodigal_300.fasta	222855	CTTTTACAAATTCCCTGTTT...	0.7227
assembly_prodigal_300.fasta	222886	ATGCTAGCTGCTGCTGCTAG...	0.6530
assembly_prodigal_300.fasta	222986	ATGCCTCCTCTTTTTCATCC...	0.7701
assembly_prodigal_300.fasta	223007	ATGTCCCCCACTGTTGTCCC...	0.7606
assembly_prodigal_300.fasta	223054	TCTCTCTCTCTCTCTCTCAG...	0.6799
assembly_prodigal_300.fasta	223063	TCTCACTACATGTCCCCCAT...	0.9319
assembly_prodigal_300.fasta	223088	TTTCATTCTTCTGTAGCTGT...	0.6795
assembly_prodigal_300.fasta	223089	ATGCGTATTCATTTGTTTGT...	0.6978
assembly_prodigal_300.fasta	223103	TCCTGCAGGGTTTGCGCGGA...	0.7654
assembly_prodigal_300.fasta	223119	ATGGGAATCTCTGTAATTAT...	0.6741
assembly_prodigal_300.fasta	223132	AGCATCTTTTACAGCGTGAC...	0.7681
assembly_prodigal_300.fasta	223179	ATGTATCTCTCTCTCTCTCT...	0.7575
assembly_prodigal_300.fasta	223200	ATGACCTTTAACCTCAAAAT...	0.7692
assembly_prodigal_300.fasta	223248	GTGTCCCTCAAGGTTCTTTT...	0.7072
assembly_prodigal_300.fasta	223323	ATGTCCAAGGAAGGTTCTCT...	0.7533
assembly_prodigal_300.fasta	223370	GTGTGCGATGGCTGGCCTGG...	0.9081
assembly_prodigal_300.fasta	223384	GTGCCTTTCTGCGTTCTCTC...	0.8831
assembly_prodigal_300.fasta	223471	CATAGGTCTGTTACCCCTAG...	0.8189
assembly_prodigal_300.fasta	223508	ATGGTGGGGCTCTGTGCATT...	0.6532
assembly_prodigal_300.fasta	223562	ATGTCAAATAAACCCTGGAA...	0.7085
assembly_prodigal_300.fasta	223604	ATGAATCCCTTCTCTTCTCT...	0.8153
assembly_prodigal_300.fasta	223607	ATGACAGCAATTAAGATATG...	0.7124
assembly_prodigal_300.fasta	223633	TTTTTGATGGGATTGCTGGT...	0.7217
assembly_prodigal_300.fasta	223665	CCCGGCCCCCTTTTTTTTAT...	0.7765
assembly_prodigal_300.fasta	223688	ATTTACACCTTCAGGATATT...	0.6648
assembly_prodigal_300.fasta	223763	CTGGATCAGATGTTCAGCGA...	0.8592
assembly_prodigal_300.fasta	223777	GGTCCGGTTCTGGATCTGAG...	0.7770
assembly_prodigal_300.fasta	223941	ATGAGACCATTACATCCCTG...	0.6538
assembly_prodigal_300.fasta	223942	ATGTCATTAACTCTTCACAA...	0.8468
assembly_prodigal_300.fasta	223945	GTGGCAAGATGGCACCACCA...	0.6659
assembly_prodigal_300.fasta	223971	GCGCTCCGTGTCCCGGTGGC...	0.9730
assembly_prodigal_300.fasta	224015	CTGCTAATCCACTTCCAAAC...	0.6694
assembly_prodigal_300.fasta	224104	ATGCGAAAGTCATTCGATAA...	0.7590
assembly_prodigal_300.fasta	224106	ATGTGTGTATACCTCAATCA...	0.6535
assembly_prodigal_300.fasta	224124	TCTTCTCCTCCTCCCCCTTC...	0.8987
assembly_prodigal_300.fasta	224302	GTGACACAGGTGGAGCTGTT...	0.6995
assembly_prodigal_300.fasta	224421	ATGAGCTGGTTTTGGTCTAC...	0.7787
assembly_prodigal_300.fasta	224464	ATGGAGGGTCTTACAGCACC...	0.8775
assembly_prodigal_300.fasta	224515	GTGCCAGCCTTGGCTGATGA...	0.7304
assembly_prodigal_300.fasta	224576	ATGTGGCTAAAACTCACCAA...	0.7434
assembly_prodigal_300.fasta	224639	TTGCCTCACACTTATTTTTT...	0.6600
assembly_prodigal_300.fasta	224691	ATGAGGCTGGTGAGTAACCT...	0.7539
assembly_prodigal_300.fasta	224714	ATGGGTCACCAGCTGACATG...	0.8221
assembly_prodigal_300.fasta	224738	ATGGTCTCTCTCTTACTTGT...	0.7848
assembly_prodigal_300.fasta	224769	ATGGAGGAAGAGGAGGATAA...	0.7511
assembly_prodigal_300.fasta	224840	ATGCCTCCCTCTCTCTCTCT...	0.6606
assembly_prodigal_300.fasta	224853	TCTGCTGGAGTTTTTTTTTT...	0.8016
assembly_prodigal_300.fasta	224855	GTGCAGTGCCAAGCTTTCTC...	0.9798
assembly_prodigal_300.fasta	224910	AAGAAAGAAATGAGTTTGGA...	0.6656
assembly_prodigal_300.fasta	224933	ATGAACCCTTCTTCCTCTCT...	0.7099
assembly_prodigal_300.fasta	224968	ATGCCCACAAAGTCTGCCCA...	0.6831
assembly_prodigal_300.fasta	224974	ATGCCAGTGCAGTATTTAAT...	0.6648
assembly_prodigal_300.fasta	224975	ATGTTCAACAGCATATTCGA...	0.7286
assembly_prodigal_300.fasta	225129	GTGTCTGACCTGCAGCTGGT...	0.6965
assembly_prodigal_300.fasta	225173	ATGCTGGGTTGTGATTTAGT...	0.9034
assembly_prodigal_300.fasta	225223	ATGTATTGGAACACGCAAAC...	0.7329
assembly_prodigal_300.fasta	225258	GAGCACATTTCTGTCCTAGT...	0.6982
assembly_prodigal_300.fasta	225314	ATGCTTAACTACTCGTCATC...	0.6980
assembly_prodigal_300.fasta	225321	ATGTTTCATTTGGTGTCCTG...	0.6766
assembly_prodigal_300.fasta	225332	TTTCTCCTCATGTACTTTTT...	0.8030
assembly_prodigal_300.fasta	225367	ATGGACGCAGCCAGTCCCTT...	0.7690
assembly_prodigal_300.fasta	225442	GCCCTCAGCACCACATACTG...	0.7079
assembly_prodigal_300.fasta	225477	GTGACGTTTTCTTGTAATTT...	0.7900
assembly_prodigal_300.fasta	225595	ATGATGGGGCGTCAAGCAGA...	0.6974
assembly_prodigal_300.fasta	225597	ACTGATTTGGACCACAGAAA...	0.8130
assembly_prodigal_300.fasta	225661	GCACAAGCTTGGACCGAGTT...	0.6561
assembly_prodigal_300.fasta	225729	CCACCTTTTTGTTCCACCGT...	0.7644
assembly_prodigal_300.fasta	225801	ATGACGGCCGACATCAACGT...	0.8144
assembly_prodigal_300.fasta	225930	ATGGGGGATGAAATAGCTTC...	0.7276
assembly_prodigal_300.fasta	225934	ATGGATTTATATCAGCCACT...	0.6788
assembly_prodigal_300.fasta	225943	ATGCTAATCTCGGCCATGCC...	0.7258
assembly_prodigal_300.fasta	225973	TCTGGAGTGTTTCCAGAGCT...	0.6607
assembly_prodigal_300.fasta	225976	ATGTTTAGTTGCTCTGTGTG...	0.6574
assembly_prodigal_300.fasta	226104	GTAAAGACGTACGCATCATG...	0.7518
assembly_prodigal_300.fasta	226125	ATGATCTCTTTTTTTCTGTA...	0.7487
assembly_prodigal_300.fasta	226142	ATGATCTACCTCCTAATCTC...	0.6903
assembly_prodigal_300.fasta	226191	TTGTCTCTTATAGATACTTA...	0.7901
assembly_prodigal_300.fasta	226204	ATGGCAACCGGTGCGCTCCT...	0.7907
assembly_prodigal_300.fasta	226206	CTTCTTCTTCCTCTCCTCCT...	0.6969
assembly_prodigal_300.fasta	226210	TCTCTCTCTCTCTGTCACAT...	0.9251
assembly_prodigal_300.fasta	226243	ATGTGGGTCAGTGAGCATGT...	0.6846
assembly_prodigal_300.fasta	226304	ATGACTAAGGTATCACTTGC...	0.9031
assembly_prodigal_300.fasta	226323	ATGGCTGCCTCCATCACAAA...	0.6654
assembly_prodigal_300.fasta	226377	CACCTGTCTGTCTCTCACCT...	0.7965
assembly_prodigal_300.fasta	226544	ATGCTCATTCTTTCTTCTCC...	0.6776
assembly_prodigal_300.fasta	226589	ATGTCTTCTTACCAGGAATT...	0.8072
assembly_prodigal_300.fasta	226617	ACTGACAACTTACTGCTGCT...	0.8574
assembly_prodigal_300.fasta	226625	GTGCTCAAGAAAATTTTTGA...	0.6619
assembly_prodigal_300.fasta	226632	ATGGGCGAGGGCGTCCAATC...	0.6812
assembly_prodigal_300.fasta	226647	TGGATCAGTGTATCCCTAGT...	0.7601
assembly_prodigal_300.fasta	226652	TCTGAGGAACCTGGTCGTCT...	0.6710
assembly_prodigal_300.fasta	226715	ATGATGATGATTAGAAACTC...	0.8421
assembly_prodigal_300.fasta	226723	ATGAACGTCGTCTCTGGTGT...	0.7452
assembly_prodigal_300.fasta	226785	ATGCTGCACCTTGAGCAATT...	0.6663
assembly_prodigal_300.fasta	226794	ATGCCTCCTTTTGTCATTTC...	0.6568
assembly_prodigal_300.fasta	226822	ATGGTGTTTTCCTGTCTTGT...	0.7532
assembly_prodigal_300.fasta	226851	GTGGGTGATGAAGGATTTCC...	0.8119
assembly_prodigal_300.fasta	226993	ATGCTACTGCTACTACTTCT...	0.8328
assembly_prodigal_300.fasta	226994	ATGCTACTACTTCTGCACCT...	0.8351
assembly_prodigal_300.fasta	227033	CCTGCTAGCATCAAGCCCAA...	0.7153
assembly_prodigal_300.fasta	227053	ATGCGTGTCATTGTGTCCCA...	0.6958
assembly_prodigal_300.fasta	227106	GTGGATCCTCTTCCCAGCAC...	0.7916
assembly_prodigal_300.fasta	227150	ATGCTCTGCGCCTTTTACGC...	0.9329
assembly_prodigal_300.fasta	227151	CTGATCCGCCATGCCGCAGC...	0.7745
assembly_prodigal_300.fasta	227169	GTGTTTTCACTGTTTGCAGA...	0.6513
assembly_prodigal_300.fasta	227192	CTCCACCTCCTCCTCCTCCT...	1.0000
assembly_prodigal_300.fasta	227338	ATGTGCACCGGTGCTGTAAT...	0.7784
assembly_prodigal_300.fasta	227346	ATGAAGAAGCACCACCTCAT...	0.6988
assembly_prodigal_300.fasta	227396	ATGATTCATTGCTTTTTTTT...	0.7000
assembly_prodigal_300.fasta	227428	ATGGTCAGTATGAACAGGAA...	0.6965
assembly_prodigal_300.fasta	227503	TTTGTCAACACTACAGCTTT...	0.6623
assembly_prodigal_300.fasta	227529	ATGTGCCAACTCTATCTGTA...	0.6607
assembly_prodigal_300.fasta	227535	ATGATTATGTATGGAGATCA...	0.8422
assembly_prodigal_300.fasta	227541	GTGAACATTACAGCAGATAT...	0.7486
assembly_prodigal_300.fasta	227544	ATGTTAAAACAGCTCGAGGG...	0.7450
assembly_prodigal_300.fasta	227587	ATGTGTTGTGTATGTGTGTG...	0.6665
assembly_prodigal_300.fasta	227612	ATGCGAGACAAGAATGAACC...	0.8785
assembly_prodigal_300.fasta	227637	GTGACTGCGTCTGTGCCTGC...	0.7350
assembly_prodigal_300.fasta	227698	ATATATATATCAAGTCTTCC...	0.8193
assembly_prodigal_300.fasta	227741	TGGAGCCTCCGCCCCCCCGA...	0.7588
assembly_prodigal_300.fasta	227773	CACACACACACACACACACA...	0.7163
assembly_prodigal_300.fasta	227786	ATGGATTTCAGACTTGCGCT...	0.6974
assembly_prodigal_300.fasta	227945	ATGGCCATCTTTGTCCCCTT...	0.7554
assembly_prodigal_300.fasta	227968	ATGACCAGTTTGGACTGGCT...	0.9687
assembly_prodigal_300.fasta	228003	TTGTCCCGTGTTTGTTTCCA...	0.8459
assembly_prodigal_300.fasta	228039	TATCTATTTCTTCTTGACCC...	0.7933
assembly_prodigal_300.fasta	228152	CTCTCTCTCTCTCTCTCTCC...	0.8172
assembly_prodigal_300.fasta	228169	ATGTTGGGCCTTACTGATCA...	0.6613
assembly_prodigal_300.fasta	228171	ATGAACTGCGCTCTCTCTCT...	0.9073
assembly_prodigal_300.fasta	228195	ATGCAGACAGCAAGGGGACA...	0.7691
assembly_prodigal_300.fasta	228220	ATGTGCTGTGGTGGTGGTTA...	0.6824
assembly_prodigal_300.fasta	228285	ATGCTGGGATCCATTCATCA...	0.6622
assembly_prodigal_300.fasta	228299	ATGGAGGGCGGTGTGCTTTC...	0.6798
assembly_prodigal_300.fasta	228342	ATGTCTGATCTGACGCCTCA...	0.6560
assembly_prodigal_300.fasta	228452	GGTGGAACAATTGTCTACGA...	0.6735
assembly_prodigal_300.fasta	228462	ATGCAGCTTCAGAGGCGCTA...	0.6917
assembly_prodigal_300.fasta	228463	ATGTGTCATCAATCATTTTG...	0.6521
assembly_prodigal_300.fasta	228473	GTGGCGGCTGGCCGGCCTCT...	0.6570
assembly_prodigal_300.fasta	228484	ATGACACTCAGTGCTTTTAT...	0.7042
assembly_prodigal_300.fasta	228571	GTGCAACAGGTGTTCGTGAC...	0.6665
assembly_prodigal_300.fasta	228633	GTGCCAGACTATATCTTAGC...	0.6806
assembly_prodigal_300.fasta	228663	TTTTTCTGCTTTCCTGCTCT...	0.8225
assembly_prodigal_300.fasta	228669	GTGCTATCGAGACATATACA...	0.7445
assembly_prodigal_300.fasta	228686	GGATCTCTTTTTAATGTGCT...	0.8181
assembly_prodigal_300.fasta	228719	GCTGCTGCTGTTATCCTCTC...	0.8464
assembly_prodigal_300.fasta	228726	ATGCACTGTTTCTTTTTTTT...	0.9227
assembly_prodigal_300.fasta	228746	ATGAGAGACTTGTTTGTGTG...	0.6792
assembly_prodigal_300.fasta	228800	ACATCTCTCATGCACTCACT...	0.6718
assembly_prodigal_300.fasta	228858	ATGCAAATAAATACACTCCA...	0.6551
assembly_prodigal_300.fasta	228911	ATGCAGATCCGTGTGTTCAA...	0.7314
assembly_prodigal_300.fasta	229090	ATGCTGAACCCTCCAGTAAC...	0.6548
assembly_prodigal_300.fasta	229094	GTGTTTACTTCCCGTCGAGT...	0.7434
assembly_prodigal_300.fasta	229117	ATGGAGTCTCATGAAGAGGT...	0.7655
assembly_prodigal_300.fasta	229214	TCTCCCCCTCAGTACCTGGA...	0.8411
assembly_prodigal_300.fasta	229246	ATGTTTTTAGTAGGTCAGTC...	0.8239
assembly_prodigal_300.fasta	229262	ATGTTAGCCATAATGTGTAG...	0.7641
assembly_prodigal_300.fasta	229323	GTATCAGTCTGTCTGCGGGC...	0.7449
assembly_prodigal_300.fasta	229410	CTGTCCGATATTCTGTCTAT...	0.6648
assembly_prodigal_300.fasta	229463	ATGATCCACAGTTCTCTATC...	0.6624
assembly_prodigal_300.fasta	229479	AAGAAAGATATCCACGTATG...	0.7846
assembly_prodigal_300.fasta	229490	TGTGTTGGTTCTCCGGTTCT...	0.6897
assembly_prodigal_300.fasta	229519	ATGACATTAAATAAATTAAT...	0.6619
assembly_prodigal_300.fasta	229616	TCATCCACAGCCCACTTTAC...	0.7219
assembly_prodigal_300.fasta	229670	ATGCTCAGGCTAGTCCTCTC...	0.6675
assembly_prodigal_300.fasta	229678	ATGTTTGAGGGGGTGTGTCT...	0.6662
assembly_prodigal_300.fasta	229730	GTGGTCCATCCTCACCACCG...	0.7031
assembly_prodigal_300.fasta	229783	GTGGGGGGAAAAAACCACGA...	0.6702
assembly_prodigal_300.fasta	229787	ATGCATTGAAAGGGGGGGGG...	0.7262
assembly_prodigal_300.fasta	229810	ATGTTACTAACCTATTACTG...	0.8480
assembly_prodigal_300.fasta	229828	ATGAATACTAGCCCCTCACT...	0.7663
assembly_prodigal_300.fasta	229851	ATGGTGTATTGGGCCAGGAA...	0.8912
assembly_prodigal_300.fasta	229856	GTGACCCCGTCGGTCAGCTT...	0.7422
assembly_prodigal_300.fasta	229860	TGCAACTGCCTTCTCGCGGT...	0.6806
assembly_prodigal_300.fasta	229880	GCTGCTGCTGCTGTTGAAGA...	0.7087
assembly_prodigal_300.fasta	229893	ATGTCCTTCTTCTTCTTCCG...	0.6684
assembly_prodigal_300.fasta	229902	GTGTTGGAGGTTTTTTTAGT...	0.6566
assembly_prodigal_300.fasta	229926	GTGTCTTTGTGTTTTCTGTT...	0.7279
assembly_prodigal_300.fasta	229963	ATGCAGAGCCTGGAAATCAC...	0.7305
assembly_prodigal_300.fasta	230043	GTGCTCCCAATCCACCTCGA...	0.8608
assembly_prodigal_300.fasta	230047	CAACTCTGCACCAATCAACA...	0.8215
assembly_prodigal_300.fasta	230150	GTGTATTTCTTACCTTTCGC...	0.9214
assembly_prodigal_300.fasta	230180	CACTCACTCTCTCTCTCTCA...	0.6761
assembly_prodigal_300.fasta	230229	ATGGGACCCCTTTGGACGAC...	0.6747
assembly_prodigal_300.fasta	230244	ATGGTTTATCGGTTCTCCTT...	0.6704
assembly_prodigal_300.fasta	230377	ACGCCTTACGCGCACCAGCA...	0.7254
assembly_prodigal_300.fasta	230395	TTACCTCCCCTAGCCTCACT...	0.9547
assembly_prodigal_300.fasta	230413	ATGCTATTCAAGTTCACAGA...	0.7407
assembly_prodigal_300.fasta	230631	ATGCTCCGGCTTGCGCTTTA...	0.6945
assembly_prodigal_300.fasta	230638	TTGCCACACCTCTTTGATGA...	0.6848
assembly_prodigal_300.fasta	230760	ACTCCTCTCAATCCCTGCCT...	0.7578
assembly_prodigal_300.fasta	230807	TTGAATCATCAGGACTCAAA...	0.6945
assembly_prodigal_300.fasta	230880	ATGCGCGCACACACACACAC...	0.6737
assembly_prodigal_300.fasta	230904	ATGCCTTCCTCCTCCCCGAT...	0.7098
assembly_prodigal_300.fasta	230920	ATGCCCTGCACTGCTACCAA...	0.6573
assembly_prodigal_300.fasta	230928	ATGAAAGTTAATATCACTGC...	0.6623
assembly_prodigal_300.fasta	231010	ATTGTGCAAGTTGTTTCTCT...	0.8531
assembly_prodigal_300.fasta	231050	ATGAACCTGTTTCAGATCGC...	0.6582
assembly_prodigal_300.fasta	231185	TATTTTTTTGTTGAATTTTC...	0.7813
assembly_prodigal_300.fasta	231228	GCACTACGAATTTCTCTCTT...	0.8071
assembly_prodigal_300.fasta	231244	ATGCATATTTTTACTTTACT...	0.6848
assembly_prodigal_300.fasta	231246	TCACAGCCTCCTCTCTGTCT...	0.7283
assembly_prodigal_300.fasta	231260	ATGTGGCTTCGTGCTGCTGC...	0.7050
assembly_prodigal_300.fasta	231306	CTCTGTACTGAGAACAAGGA...	0.7272
assembly_prodigal_300.fasta	231330	CAGATCCTGCTTGGATCTCT...	0.7006
assembly_prodigal_300.fasta	231367	ATGAAGTGTCTCTACGTGCT...	0.7064
assembly_prodigal_300.fasta	231505	TCTGGTGAATATAAATCCAA...	0.6890
assembly_prodigal_300.fasta	231525	TATTTTCGATCTTATCTCAC...	0.6942
assembly_prodigal_300.fasta	231601	CTTTTTCACAGTTTTACAAT...	0.6652
assembly_prodigal_300.fasta	231610	ATGTCACATGAAATTACCTT...	0.6700
assembly_prodigal_300.fasta	231657	ATGACGAGCAGCAGGTTGAC...	0.6534
assembly_prodigal_300.fasta	231658	CTCACCTGTACGAGTGGTTC...	0.9299
assembly_prodigal_300.fasta	231679	GTGGCGTGGTGCTGCCTTGA...	0.8743
assembly_prodigal_300.fasta	231708	ATGTATTCTCTCACAGCGGT...	0.8236
assembly_prodigal_300.fasta	231728	CCCTCTCCTCTTCCTCTACT...	0.7097
assembly_prodigal_300.fasta	231811	TTTGGACTGCACTTGGCTGG...	0.6839
assembly_prodigal_300.fasta	231856	GTGGTGATTCATCTCCACGC...	0.7620
assembly_prodigal_300.fasta	231900	ATGGAACCAACCCATTCTGT...	0.6811
assembly_prodigal_300.fasta	231946	ATGAGGAAAAGGATCTTGCT...	0.7039
assembly_prodigal_300.fasta	231961	ATCCATCTACTCTCTGCACA...	0.8236
assembly_prodigal_300.fasta	231965	ATGGGAATTCCCAGTGACGT...	0.6719
assembly_prodigal_300.fasta	232072	ATGTTAGCACTTCTATCCTT...	0.8720
assembly_prodigal_300.fasta	232073	ATGTTCTTTCCTCTGAGGTT...	0.6602
assembly_prodigal_300.fasta	232148	ATGGACCTCATTACCGTCTT...	0.7417
assembly_prodigal_300.fasta	232193	TCAGAGAAAAAGGAGGGTTT...	0.7829
assembly_prodigal_300.fasta	232270	ATGGGTCATGTGACGCAGAT...	0.6948
assembly_prodigal_300.fasta	232352	ATGGCTTCTGAACAAGGGCC...	0.6882
assembly_prodigal_300.fasta	232359	ATGTGTATGCTTCTATCTCA...	0.8865
assembly_prodigal_300.fasta	232461	CATTCTGAAGTCTGCCTCTC...	0.6748
assembly_prodigal_300.fasta	232476	GTGCAACACTTTGCTGATGT...	0.6813
assembly_prodigal_300.fasta	232502	ATGATTCTCGGTGAAGCCTT...	0.7880
assembly_prodigal_300.fasta	232504	ATGTATAGTTACAGGCACAT...	0.7059
assembly_prodigal_300.fasta	232551	ATGCTCAGAGGTGACCTCAG...	0.9169
assembly_prodigal_300.fasta	232588	CTTTACCTAACCCTGACCCT...	0.9263
assembly_prodigal_300.fasta	232662	GTGGTTTATGAACGTTTTCT...	0.7809
assembly_prodigal_300.fasta	232690	ATGAAAGATGTGTCCCTCAC...	0.6596
assembly_prodigal_300.fasta	232755	GTGATTTTTTTTTTAACCTT...	0.8020
assembly_prodigal_300.fasta	232837	ATGTCTGAATCACCACCACC...	0.6649
assembly_prodigal_300.fasta	232871	ATGTTTATTTTGGTAAGTCC...	0.7731
assembly_prodigal_300.fasta	232872	ATGGGGTTTGGTGTTCTCAA...	0.7034
assembly_prodigal_300.fasta	232888	AAATGGTGGAAAACGAGCGG...	0.6582
assembly_prodigal_300.fasta	232920	GTGTTGCCCAGTAGGCAGAT...	0.6799
assembly_prodigal_300.fasta	232966	TATGATATACATTGCGTTTG...	0.6565
assembly_prodigal_300.fasta	233035	ATGCTACTGTCTCTTCTTAC...	0.6572
assembly_prodigal_300.fasta	233057	TTGCTGGAAGTGAACCTTGT...	0.8114
assembly_prodigal_300.fasta	233108	CGTGGTGCTAACTGTATGTT...	0.6851
assembly_prodigal_300.fasta	233152	AAGACATCCTCCTTGGTGAT...	0.8015
assembly_prodigal_300.fasta	233255	ATGCGTTTTTTCCCCAATTC...	0.6562
assembly_prodigal_300.fasta	233349	GTGCCTTGGACTCGCGCCTT...	0.8350
assembly_prodigal_300.fasta	233406	ATGGTTGGGGCTCCGGTGAA...	0.7996
assembly_prodigal_300.fasta	233440	ATGTCTCTCTTTCATCAGGT...	0.8544
assembly_prodigal_300.fasta	233506	ACCAGCACAGGCACTGTTGA...	0.8366
assembly_prodigal_300.fasta	233574	ATGTTTATTTATCCTAATTT...	0.7406
assembly_prodigal_300.fasta	233621	ATGGATTACGAATTGATCCT...	0.8691
assembly_prodigal_300.fasta	233639	TATACTCTACACTATCCGCC...	0.8325
assembly_prodigal_300.fasta	233703	GTGGGGAAAGGGGGGGGTGG...	0.8783
assembly_prodigal_300.fasta	233705	TTTCCCCCGTTTCTTTGTTT...	0.6908
assembly_prodigal_300.fasta	233711	ATGCTAACCAAGCTAGCAGC...	0.6501
assembly_prodigal_300.fasta	233759	ATGCTGCTCTCTCTGTGGTT...	0.6558
assembly_prodigal_300.fasta	233768	ATGGAATCTGGCTCCGCCTC...	0.6787
assembly_prodigal_300.fasta	233795	ATGGGAGCAAAAATCCTTTT...	0.7022
assembly_prodigal_300.fasta	233807	GTGTTCATTCTTTTTCACCT...	0.7373
assembly_prodigal_300.fasta	233823	GTGAACATCAACACTGGAAC...	0.7157
assembly_prodigal_300.fasta	233830	ATGTGGGTCACCTCGTCCTC...	0.6697
assembly_prodigal_300.fasta	233929	ATGGTTCTTAGCTGCTATAT...	0.6722
assembly_prodigal_300.fasta	233932	GTGACAGCAGACCTTGACCG...	0.8953
assembly_prodigal_300.fasta	233941	ATGAAGTACTTGTGTTATTC...	0.7743
assembly_prodigal_300.fasta	234001	ATGTATTTTCATTCTTTATT...	0.8732
assembly_prodigal_300.fasta	234007	TCCCTCTCCCTTCCTCTTCT...	0.7073
assembly_prodigal_300.fasta	234020	ATGGAAACGGTTCATCTTTC...	0.7956
assembly_prodigal_300.fasta	234022	ATGATTAATGCTCTCGATAA...	0.7404
assembly_prodigal_300.fasta	234058	ATGGACGCCAGCTTTTCTTT...	0.7902
assembly_prodigal_300.fasta	234063	ATGGATTGGTTGAGGGTCCA...	0.8237
assembly_prodigal_300.fasta	234194	CTGTCTCTCTCTCTCTCTCT...	0.8665
assembly_prodigal_300.fasta	234328	ATGAAAAGCAATCAGAAAGC...	0.6705
assembly_prodigal_300.fasta	234416	ATGCCTTTAGTTTCTCAAAG...	0.7104
assembly_prodigal_300.fasta	234420	ATGCGTTCACTGTCCTCTCT...	0.8879
assembly_prodigal_300.fasta	234445	GTGCTTCAGTGTCCGGCGGC...	0.9564
assembly_prodigal_300.fasta	234464	ATGCTTTCTGTTCTGTTCCG...	0.6662
assembly_prodigal_300.fasta	234503	ATGTTTGTGTGTCTTTTAGC...	0.7334
assembly_prodigal_300.fasta	234516	GTGGTACTAGGAGTATTTTC...	0.7000
assembly_prodigal_300.fasta	234574	GGTCTTTCGTCTAAAACCTC...	0.7350
assembly_prodigal_300.fasta	234595	ATGATTACAACAGCAGGCCT...	0.7162
assembly_prodigal_300.fasta	234694	GCGTTACTTCTGTCACTTTT...	0.7616
assembly_prodigal_300.fasta	234730	ATGATGGAGCCTCTGCCTAC...	0.6528
assembly_prodigal_300.fasta	234757	CTACATCACCAGACCGAGGG...	0.7729
assembly_prodigal_300.fasta	234760	TCTCTTTCTGCTTCTTCTTG...	0.6871
assembly_prodigal_300.fasta	234780	GTGCTCATACTTATTATATT...	0.8789
assembly_prodigal_300.fasta	234785	GGATGTAACAGGCTTTTAAC...	0.6714
assembly_prodigal_300.fasta	234808	ATGTTAGTGCACATATATAT...	0.8330
assembly_prodigal_300.fasta	234811	CCGGGCAGCGGCCCCATGCA...	0.7388
assembly_prodigal_300.fasta	234923	GTGGCCAGTCATCATTGCCG...	0.9254
assembly_prodigal_300.fasta	234935	GTGGCAGAAGGGAAATGTCT...	0.9518
assembly_prodigal_300.fasta	234942	ATGAATACTGATATGCTCCA...	0.6648
assembly_prodigal_300.fasta	234951	GTGTTGGGCCAGGGACTCCA...	0.6780
assembly_prodigal_300.fasta	234971	GTGTTTTTTTTTTTACGTTC...	0.7870
assembly_prodigal_300.fasta	235003	ATGAAACAAACTCATTTTAT...	0.6587
assembly_prodigal_300.fasta	235021	TATGTACCTCATCTGTCTCC...	0.7224
assembly_prodigal_300.fasta	235024	ATGCTCTCTGTGGTTGTCTT...	0.9747
assembly_prodigal_300.fasta	235150	ATGGTGTCTGATGTCAGAGG...	0.7250
assembly_prodigal_300.fasta	235241	ATGGAACTGAACTCCCAGTC...	0.8079
assembly_prodigal_300.fasta	235243	TATGTGTGCTGTTCTCTGCA...	0.8556
assembly_prodigal_300.fasta	235248	ATGCTCCAGGCTCTGGTGGT...	0.8371
assembly_prodigal_300.fasta	235261	CACTTATCAGAGCTTCTAAT...	0.8861
assembly_prodigal_300.fasta	235300	ATGATTCTCGCTCTCCTGTC...	0.6626
assembly_prodigal_300.fasta	235305	TTGTCCCTGTCCTCGGGTTG...	0.7752
assembly_prodigal_300.fasta	235328	ATGCCCGCTCCTAATCCTAA...	0.7808
assembly_prodigal_300.fasta	235502	ATGGACGAGGAAATCTTTCT...	0.6519
assembly_prodigal_300.fasta	235542	CTTCGGCTGGATGGTGATGT...	0.7592
assembly_prodigal_300.fasta	235576	ATGTTTGCATCTCCACAAGG...	0.6750
assembly_prodigal_300.fasta	235602	AAAACCTGTCCTGAGTTCCT...	0.7208
assembly_prodigal_300.fasta	235638	CTCACTCACCCCCACACACA...	0.7369
assembly_prodigal_300.fasta	235762	ATGCCAGCATCACATGGCAG...	0.7856
assembly_prodigal_300.fasta	235768	TTTTCATTAAACAACATGCT...	0.6876
assembly_prodigal_300.fasta	235786	TTGTATGTTTTTAAAGCTCC...	0.7838
assembly_prodigal_300.fasta	235802	GTTACAGTTTGTCTAGCAGC...	0.6508
assembly_prodigal_300.fasta	235863	GTGCTGTATCTCTCTGTGAG...	0.6634
assembly_prodigal_300.fasta	235897	ATTATCATGTCTCGCTCCTC...	0.7210
assembly_prodigal_300.fasta	235955	ATGATTAATGACTGTCCTTT...	0.7313
assembly_prodigal_300.fasta	235992	ATGTGTCCCGGCCTGAAAGA...	0.9139
assembly_prodigal_300.fasta	235997	ATGAGTGTGCTCTTTCTGTC...	0.8024
assembly_prodigal_300.fasta	236028	ATGGCCATCCTCCTCAGAGA...	0.7784
assembly_prodigal_300.fasta	236077	ATGGAGAACCTGTGGTATAT...	0.7839
assembly_prodigal_300.fasta	236223	CTACTACTACTACTACTACT...	0.7448
assembly_prodigal_300.fasta	236266	GTGCTTTCTCATCTCAGAGG...	0.6791
assembly_prodigal_300.fasta	236321	ATGGGCTTTACTTTGCTCAG...	0.6712
assembly_prodigal_300.fasta	236346	ATGCCTTTTCTGTCGCCACC...	0.6806
assembly_prodigal_300.fasta	236440	GTGACCTTATTATTAAGCAC...	0.7467
assembly_prodigal_300.fasta	236483	ATGTTTTTGCTAGAAATGCT...	0.8165
assembly_prodigal_300.fasta	236505	CTAACCCTCGATCCTCAGAG...	0.9389
assembly_prodigal_300.fasta	236528	ATGGAGGGGGTTGCTGCAGC...	0.6660
assembly_prodigal_300.fasta	236574	ATGGTTCCGTCAGCATTTGA...	0.7279
assembly_prodigal_300.fasta	236610	ATGGTCTGGATGCAGCTGGG...	0.7957
assembly_prodigal_300.fasta	236638	TCTCTCTCTCTCTTTGTCTG...	0.9989
assembly_prodigal_300.fasta	236645	ATGATTTTACTGTCCCTACC...	0.8553
assembly_prodigal_300.fasta	236647	ATGTCGTTTTCCTCTTTCTC...	0.7585
assembly_prodigal_300.fasta	236652	ATGTCTTGTTGTCGGCTCAT...	0.6818
assembly_prodigal_300.fasta	236763	GTGTCCTTTATTCATCACAA...	0.7355
assembly_prodigal_300.fasta	236871	CCTCGCTTTTTTGAATTACT...	0.7876
assembly_prodigal_300.fasta	236873	ATGCTCGGTGTTGCAGTGCT...	0.9104
assembly_prodigal_300.fasta	236874	CACACACACACACACATGCA...	0.6890
assembly_prodigal_300.fasta	236941	ATGCACTCTGCCCCGCTCTC...	0.7162
assembly_prodigal_300.fasta	236956	ATGAATCCCATTTTTCGTAC...	0.7375
assembly_prodigal_300.fasta	236958	ATGTTGATATGTCTTCTATC...	0.8387
assembly_prodigal_300.fasta	236980	CACACACACACACACACACA...	0.6817
assembly_prodigal_300.fasta	237015	GTGGAACAATTAATTTCACG...	0.6669
assembly_prodigal_300.fasta	237016	ATGTTACAACTGGCAGGCCT...	0.7360
assembly_prodigal_300.fasta	237053	GTGCAGGCTGCAGCTCCTCA...	0.7342
assembly_prodigal_300.fasta	237066	TCTCACCTGTCTGTCTCTAC...	0.9057
assembly_prodigal_300.fasta	237078	ATGCTCTCTTCTCTCCTCCC...	0.9486
assembly_prodigal_300.fasta	237079	GTGGTGTGCCAGATGCTTCA...	0.8187
assembly_prodigal_300.fasta	237110	ATGCAATGGTACCATCTTGC...	0.6597
assembly_prodigal_300.fasta	237132	TCCTCTCTTGTCTCAACAGG...	0.6760
assembly_prodigal_300.fasta	237214	AGCGAAGGCCATCCCGGTTC...	0.7473
assembly_prodigal_300.fasta	237237	ATGCTAGCTGAGAACATCCC...	0.6796
assembly_prodigal_300.fasta	237270	ATGCATCATGCGGTTCTGGA...	0.6697
assembly_prodigal_300.fasta	237313	TCCTATATTTTTCTTGTTCT...	0.9016
assembly_prodigal_300.fasta	237364	CACATTTCAATTCATTTAGT...	0.8475
assembly_prodigal_300.fasta	237447	CACTGCAGTAATGGCGTACT...	0.6591
assembly_prodigal_300.fasta	237483	ATGGATCCGGTAATCCTTCC...	0.8116
assembly_prodigal_300.fasta	237526	ATAGAGTTTGTTGAACACAC...	0.6761
assembly_prodigal_300.fasta	237595	GTGTCTTTTTCAGTTTGTGA...	0.8102
assembly_prodigal_300.fasta	237625	ATGGAAGTGGTAGATATAAG...	0.6542
assembly_prodigal_300.fasta	237652	GTGTTAAACCTTGTCCTTCT...	0.6749
assembly_prodigal_300.fasta	237669	ATGTCCCTGTGGCAGTTCTT...	0.6554
assembly_prodigal_300.fasta	237676	ATGAGTCAACCTCACCAATC...	0.8291
assembly_prodigal_300.fasta	237705	GTGTGTGTATTAATAGTGTA...	0.8115
assembly_prodigal_300.fasta	237727	ATGTGTCTGGACCGTCAGTA...	0.6989
assembly_prodigal_300.fasta	237871	ATGTGTTTAGAGTCTGAGGT...	0.8286
assembly_prodigal_300.fasta	237903	ATGAGAGATGTATTTCCTCC...	0.7368
assembly_prodigal_300.fasta	238045	ATGTCACCTTCTCCTCCGCC...	0.7738
assembly_prodigal_300.fasta	238051	ATGTTTTATTCCCAGCAGCA...	0.7187
assembly_prodigal_300.fasta	238094	TTTCCTGCTCACCCTGCCAG...	0.7531
assembly_prodigal_300.fasta	238168	CTCTCTCTCTCTCTCTCTCT...	0.9771
assembly_prodigal_300.fasta	238220	ATGACTCTCAGTATCTCCGT...	0.7172
assembly_prodigal_300.fasta	238276	ATGGCCTCAACTTTGTCCTT...	0.6590
assembly_prodigal_300.fasta	238293	ATGGACGAGGAGGAGGAGCA...	0.9607
assembly_prodigal_300.fasta	238332	ATGTTCCCCCTTCGAGCAGG...	0.8204
assembly_prodigal_300.fasta	238333	ATGATTTGTGCTGTTCATGG...	0.9534
assembly_prodigal_300.fasta	238373	AAGCTGACCCCCCGCCCGGC...	0.8485
assembly_prodigal_300.fasta	238398	ATGCACTCACTACTCCTCTT...	0.7564
assembly_prodigal_300.fasta	238421	CGATTTTTGGCTTTCAACAA...	0.7225
assembly_prodigal_300.fasta	238533	ATGTTACTAGTCTCTATAAT...	0.8896
assembly_prodigal_300.fasta	238535	CCAGGTGAGTTCATCTCAGA...	0.7203
assembly_prodigal_300.fasta	238539	TTTTTTCATTACCTCTCCTA...	0.7624
assembly_prodigal_300.fasta	238620	ATGCTCTGGGCTCGCTGTCT...	0.7049
assembly_prodigal_300.fasta	238626	ATGCCTGTGGAGTCCTGTGA...	0.6608
assembly_prodigal_300.fasta	238743	CATCTGTCAAGATTTATCAC...	0.7442
assembly_prodigal_300.fasta	238768	ATGAAACAAAGTTTAGATTA...	0.6504
assembly_prodigal_300.fasta	238777	ATGGCATCCGCACAGCTGAA...	0.7049
assembly_prodigal_300.fasta	238913	GTGTTTGAGTTTCTAAGTTA...	0.7893
assembly_prodigal_300.fasta	238928	GTGGTTGAGCTGTGGGACCA...	0.8603
assembly_prodigal_300.fasta	238938	ACCCCCACACACACGCTCTC...	0.8294
assembly_prodigal_300.fasta	238976	GATCTTGTCTCGTCCTCTCA...	0.8519
assembly_prodigal_300.fasta	239003	GTGGTTAATGGGCTCCCCCT...	0.7494
assembly_prodigal_300.fasta	239037	TTGCTGGGTGCTCTCCTCTC...	0.7546
assembly_prodigal_300.fasta	239081	ATGGGGTACCTTCTTAGACA...	0.8061
assembly_prodigal_300.fasta	239099	TCTATCTCCTCCTCCTCTCT...	0.7341
assembly_prodigal_300.fasta	239198	ATTATCATATCTGATCAGAA...	0.6791
assembly_prodigal_300.fasta	239303	GTAACTTTGCTTGATGAGAT...	0.8645
assembly_prodigal_300.fasta	239304	GTGTTTATTCCTCTAGAAGA...	0.6573
assembly_prodigal_300.fasta	239330	ATGGATTTACTCCAGACAGA...	0.7191
assembly_prodigal_300.fasta	239365	TCGCCCTCACATGATTTAGG...	0.8022
assembly_prodigal_300.fasta	239445	CTCAATGTCCATCTTCATCT...	0.8288
assembly_prodigal_300.fasta	239468	GAGTCGTCTGCTGTGAGTTT...	0.7314
assembly_prodigal_300.fasta	239481	GCCCATCAGAAACAAGCTAT...	0.7181
assembly_prodigal_300.fasta	239499	ATGCCTACCTTGCAGTCTTT...	0.7086
assembly_prodigal_300.fasta	239502	ATGGTCACCAACAAGGCTGT...	0.7181
assembly_prodigal_300.fasta	239597	ATGTCCACTCTAACCATCCT...	0.6828
assembly_prodigal_300.fasta	239611	ATGTTCTCCATCCATGCTAT...	0.8242
assembly_prodigal_300.fasta	239692	ATGTTTTTTTTTTTTTTCCT...	0.8145
assembly_prodigal_300.fasta	239708	ATGGAGCTTGCCCAATCAGC...	0.6816
assembly_prodigal_300.fasta	239716	AGTCAGACGGCACAAACAAT...	0.6813
assembly_prodigal_300.fasta	239809	ATTGCGAAACCTTCTCAATT...	0.7722
assembly_prodigal_300.fasta	239857	ATGGCAGCCCAGATTTTATT...	0.9819
assembly_prodigal_300.fasta	239915	ATGCTGGGTAACCACAGCCC...	0.9460
assembly_prodigal_300.fasta	239916	ATGGATTATTTTGGTAGTAG...	0.6775
assembly_prodigal_300.fasta	239920	CTCCTGGTTCAGGCTCTTGT...	0.8217
assembly_prodigal_300.fasta	239971	ATTACACTTCACCTGCCATT...	0.8153
assembly_prodigal_300.fasta	240042	ATGACCAAGGGCCTCCACCT...	0.6602
assembly_prodigal_300.fasta	240050	ATGGGTCCCCGTCCCTCAAT...	0.7416
assembly_prodigal_300.fasta	240079	ATGATTACCAGTAATTACCT...	0.9649
assembly_prodigal_300.fasta	240098	CTCATTGGCTTATTGCTGGT...	0.8014
assembly_prodigal_300.fasta	240116	TTCCTCTACGTCCCCTATGA...	0.6691
assembly_prodigal_300.fasta	240185	TCTATAAATTCATGGATTGT...	0.7692
assembly_prodigal_300.fasta	240198	ATGGCTACCTCGGGCTCCAC...	0.6613
assembly_prodigal_300.fasta	240201	GTGCACTGTGGGGAATCTAA...	0.6910
assembly_prodigal_300.fasta	240287	CTACAGAAACACTCCGGTTT...	0.7084
assembly_prodigal_300.fasta	240304	CAGCAGAAGTTGCCCGACCT...	0.6890
assembly_prodigal_300.fasta	240310	GTGAAACAGGAAGTTTTTTT...	0.6970
assembly_prodigal_300.fasta	240559	GGAGTACCACAACCTGCCAC...	0.7791
assembly_prodigal_300.fasta	240567	CTTTTTTTCCCACCAGCACG...	0.8112
assembly_prodigal_300.fasta	240760	ATGCAGGATCATCTTTTTTC...	0.7495
assembly_prodigal_300.fasta	240789	ATGAAACCACTCCTTAAACA...	0.6798
assembly_prodigal_300.fasta	240846	ATGGAAAAAGAGAATGATCT...	0.8057
assembly_prodigal_300.fasta	240875	GTGAATGTAGATGTTGTTGT...	0.6533
assembly_prodigal_300.fasta	240963	GTGTCCGAAAGGAGCTGCTT...	0.8358
assembly_prodigal_300.fasta	240995	ATGTACATTTACTGGTCTAT...	0.6633
assembly_prodigal_300.fasta	241007	ATGATCTCCAGCAGCATTAA...	0.8121
assembly_prodigal_300.fasta	241018	ATGACAGCCCTCCCTGGCAT...	0.9753
assembly_prodigal_300.fasta	241041	ATGTATCTTTACTCTCTAGG...	0.6545
assembly_prodigal_300.fasta	241060	GCCCTGAGTTTCACCTCTCA...	0.8559
assembly_prodigal_300.fasta	241062	TACATGACAGAACAAATCAG...	0.7403
assembly_prodigal_300.fasta	241086	ATGGCAGCCCTCTCACCCCG...	0.9452
assembly_prodigal_300.fasta	241105	ATGGAAAGGAAGAGGTACGT...	0.6787
assembly_prodigal_300.fasta	241113	TCTCTCAAAAACATAGATGT...	0.8705
assembly_prodigal_300.fasta	241129	ATGATTGGTGTGTACAAACA...	0.8713
assembly_prodigal_300.fasta	241166	ATGAAGTTGTCTCCCTCCGT...	0.9591
assembly_prodigal_300.fasta	241232	GTGTGTGTGTGTGTGTGTAA...	0.7605
assembly_prodigal_300.fasta	241246	TTGACCTACTCTGCCTGGGG...	0.9508
assembly_prodigal_300.fasta	241249	GCAGCACAACAACCTGCTTG...	0.7519
assembly_prodigal_300.fasta	241276	AAACACACACATACACACAC...	0.7307
assembly_prodigal_300.fasta	241295	CCGGCGATGACAGGAAGTCG...	0.8072
assembly_prodigal_300.fasta	241299	ATGATCCTTCCTTACTTCCC...	0.6938
assembly_prodigal_300.fasta	241325	ATGTTTAAATCCCTGGACAG...	0.8818
assembly_prodigal_300.fasta	241344	ATGAGGTATTTCTTTTTTGT...	0.7147
assembly_prodigal_300.fasta	241356	ATGTGCCAGAGCACAGTGCC...	0.6783
assembly_prodigal_300.fasta	241366	ATGCAGCTCATGAGCACCCA...	0.7753
assembly_prodigal_300.fasta	241384	GTGTGTGTGTGTGTGTGTGT...	0.7139
assembly_prodigal_300.fasta	241385	ATGGACACCTCGCTGCCTCC...	0.7356
assembly_prodigal_300.fasta	241425	ATGCTTACTAGTCTGTGTGT...	0.7705
assembly_prodigal_300.fasta	241431	CTAACAGTGCGATCTCTCTC...	0.7188
assembly_prodigal_300.fasta	241530	GTGCAGAATCTTACATTTGT...	0.6662
assembly_prodigal_300.fasta	241599	ATGATGGATCCCACTCTGTA...	0.7628
assembly_prodigal_300.fasta	241677	ATGCTGCCTGACTTGGGCAA...	0.9228
assembly_prodigal_300.fasta	241679	ATGGCTGTTGTATCTTCCGA...	0.7796
assembly_prodigal_300.fasta	241760	ATGCGCAAAGCGTCCCGTCA...	0.9426
assembly_prodigal_300.fasta	241817	ATGCTTATGTGCTCATTCAA...	0.6973
assembly_prodigal_300.fasta	241834	CTGAAATACCTTCAACCCTC...	0.7891
assembly_prodigal_300.fasta	241871	ATGCTCCCTTACCATACTAT...	0.7181
assembly_prodigal_300.fasta	241873	ACACACACACACACACACAC...	0.6617
assembly_prodigal_300.fasta	241917	TTGGCTGAGGTCTTTCTCTG...	0.6768
assembly_prodigal_300.fasta	241929	GTGTTGCTTTCATCTTTCAG...	0.7737
assembly_prodigal_300.fasta	241983	ATGGCACCTGAGGGAGCCAT...	0.9322
assembly_prodigal_300.fasta	242016	ATGTGTACTGAGCTCCAAAA...	0.6842
assembly_prodigal_300.fasta	242155	GCCAACCAATTCGCCTCAGT...	0.6987
assembly_prodigal_300.fasta	242176	CTGCTTCCCACTAATGCTCC...	0.7794
assembly_prodigal_300.fasta	242199	GTGACCGGTGGCAACAGTGA...	0.7708
assembly_prodigal_300.fasta	242234	AAACTAATCCACTACTTTCT...	0.6910
assembly_prodigal_300.fasta	242238	ATGATTTACAGTTCAAAAAA...	0.7037
assembly_prodigal_300.fasta	242250	ATGGACGATGGCTACGTTGA...	0.6869
assembly_prodigal_300.fasta	242264	GTGGACTGGCTGGTTGCCAC...	0.6517
assembly_prodigal_300.fasta	242395	GTGGAGCTGGTCCTCAGCCA...	0.9793
assembly_prodigal_300.fasta	242446	ATGCAACTTCTAAGAATAAA...	0.6983
assembly_prodigal_300.fasta	242468	ATGATTTGTGGAGGTCATTC...	0.6861
assembly_prodigal_300.fasta	242471	ATGTCAGTCCTTGATAGCCT...	0.8426
assembly_prodigal_300.fasta	242478	ATGCTACGCGCCTCATATAC...	0.8685
assembly_prodigal_300.fasta	242506	ATGGGCCTGCTGAACACCTT...	0.6512
assembly_prodigal_300.fasta	242604	TTTTACTCATGGAAGGATTT...	0.8111
assembly_prodigal_300.fasta	242642	ATGCAAAGTTTCTTAGCTGA...	0.8527
assembly_prodigal_300.fasta	242644	ATGTATGATGTGTATTTAGC...	0.8329
assembly_prodigal_300.fasta	242655	TTCCTCCAGAACTTCATCAC...	0.7580
assembly_prodigal_300.fasta	242703	ATGCATGGGGGTGCAGTGGA...	0.7105
assembly_prodigal_300.fasta	242788	CTCTCTCTCTCCCTCTCTCT...	0.9705
assembly_prodigal_300.fasta	242821	TCCATGGCTGTCAGCAACAC...	0.6632
assembly_prodigal_300.fasta	242850	ATGCAAACGCCTGTTTCCTT...	0.7275
assembly_prodigal_300.fasta	242854	TGTGTGTGTGTGTGTGTGTG...	0.7091
assembly_prodigal_300.fasta	242931	ATGTTTGATGTGTACTCAAA...	0.6901
assembly_prodigal_300.fasta	242933	TATATGGGTTGTGTGGTGTT...	0.6802
assembly_prodigal_300.fasta	242963	ATGCAGCCCCTCAGTTCAGC...	0.6925
assembly_prodigal_300.fasta	243037	AGCGTTCCCATTTCTGTTAA...	0.6579
assembly_prodigal_300.fasta	243123	ATGGGCCCCACAGTGGACCC...	0.7034
assembly_prodigal_300.fasta	243261	ATGTCTCAATTTGCATTTGC...	0.6888
assembly_prodigal_300.fasta	243341	ATGCACTTCCTGTACCAGTA...	0.6655
assembly_prodigal_300.fasta	243380	GTGGCCCCGCCCCCTCACGT...	0.7976
assembly_prodigal_300.fasta	243417	GTGCTGTTTCAGGTCGGTGT...	0.6638
assembly_prodigal_300.fasta	243433	CTTTTGTCCACCTATTTAAA...	0.6895
assembly_prodigal_300.fasta	243434	TTTTCCCTTTTTCTCGTTGG...	0.7533
assembly_prodigal_300.fasta	243525	ATGCCAAACCTTAACCCTTT...	0.8172
assembly_prodigal_300.fasta	243529	GTGAAAATCACCGCCTTCAT...	0.7062
assembly_prodigal_300.fasta	243535	ATGGAGCAGAGTTTCCACGG...	0.8091
assembly_prodigal_300.fasta	243541	ATGAAGGCAGACACACTTGT...	0.7613
assembly_prodigal_300.fasta	243603	ATGTTTTTACTTGTTTTAAT...	0.6859
assembly_prodigal_300.fasta	243608	ATGTCTTGCAAACTCACTAT...	0.7432
assembly_prodigal_300.fasta	243620	ATGACAGTGGAGAGGGTCGT...	0.7191
assembly_prodigal_300.fasta	243675	TTACTTGAGGGTGACACCAA...	0.6598
assembly_prodigal_300.fasta	243745	TCTTCTCCGCGTCTAGATCC...	0.7949
assembly_prodigal_300.fasta	243751	ATGTTTGTTTATGTTTGTTT...	0.7579
assembly_prodigal_300.fasta	243808	ATGGATGAGCGGGTGGATTC...	0.9137
assembly_prodigal_300.fasta	243852	ATGTGTGTGTATCCAAAGCC...	0.7584
assembly_prodigal_300.fasta	243858	ATGCTAAACAAATATCATCT...	0.7832
assembly_prodigal_300.fasta	243864	TTCAATGCATTCTCACGGGA...	0.7594
assembly_prodigal_300.fasta	243900	GTGGCAGTCGCCGCGGTCGG...	0.6753
assembly_prodigal_300.fasta	243964	CACTTCTCTGGCCTACCCTG...	0.8051
assembly_prodigal_300.fasta	243969	GTGATTGGTTCCCCTGAGGA...	0.7485
assembly_prodigal_300.fasta	243972	GTTCTCATATCCGTCAATCC...	0.6513
assembly_prodigal_300.fasta	244166	ATGGTTTTCTTACCTGTTCA...	0.8520
assembly_prodigal_300.fasta	244204	CTTTTACACGTCTGGGTCCA...	0.7601
assembly_prodigal_300.fasta	244243	GTGATTGTAGTTTCTGCACA...	0.7583
assembly_prodigal_300.fasta	244244	GTGTGCGAGTACCTTGTCAG...	0.8024
assembly_prodigal_300.fasta	244296	ATGAAGACAAAAGTTCAAAA...	0.6875
assembly_prodigal_300.fasta	244303	ATGCCTTTACCTACCATGTT...	0.6808
assembly_prodigal_300.fasta	244307	GTGAAGCTGAAGGAGTACTC...	0.7964
assembly_prodigal_300.fasta	244333	ATGTTTCTGACCCTGAAGAA...	0.7636
assembly_prodigal_300.fasta	244373	ATGACACTCCTAAAGACTGT...	0.7422
assembly_prodigal_300.fasta	244405	ATGGCTTTGTCCCTCAATGC...	0.6695
assembly_prodigal_300.fasta	244513	ATGCTAGATGTCAGGGTGTG...	0.7660
assembly_prodigal_300.fasta	244525	ATGCCGTTGGTGCTCCAGGC...	0.6987
assembly_prodigal_300.fasta	244589	GTGGTTAACCCATCATTAAT...	0.8104
assembly_prodigal_300.fasta	244623	ATGACTTTCTTAACAAGCTC...	0.6746
assembly_prodigal_300.fasta	244681	CTGAAAAAAGAGGTGCGAGC...	0.6527
assembly_prodigal_300.fasta	244729	TTGCGTCTGGCTCCGCCTCC...	0.9639
assembly_prodigal_300.fasta	244746	ATGTTACGGGTGGCCAAGCC...	0.7375
assembly_prodigal_300.fasta	244817	GTGAGGGAGTCAGAGGCTCC...	0.7090
assembly_prodigal_300.fasta	244851	CACACACACACGCATGCACA...	0.6561
assembly_prodigal_300.fasta	244895	ATGGTCCCTCTAAACTTCAT...	0.6871
assembly_prodigal_300.fasta	244922	TTGCTAAGTTACGGCCAGAA...	0.6915
assembly_prodigal_300.fasta	244931	ATGCTCCTTTACCTGGATGA...	0.7502
assembly_prodigal_300.fasta	245025	ATGCAGGGCGTAGCTCTGAC...	0.6801
assembly_prodigal_300.fasta	245046	ATGAATAATAGTCTAGTTCT...	0.8178
assembly_prodigal_300.fasta	245094	TGTGTGGTTTGTCTGGACCC...	0.8139
assembly_prodigal_300.fasta	245119	ATGATACACTCAACACTCAC...	0.6529
assembly_prodigal_300.fasta	245130	GTGTTTCTCTCTAGTGTGAC...	0.7077
assembly_prodigal_300.fasta	245158	ATGGCTTGTCCCTGTAATGT...	0.6718
assembly_prodigal_300.fasta	245197	ATGCTAATTTTCATTAACCC...	0.6896
assembly_prodigal_300.fasta	245208	ATGGTGATAGAGGGTTGGCA...	0.6592
assembly_prodigal_300.fasta	245335	ATGCTAAGACTGCAACGCTT...	0.7490
assembly_prodigal_300.fasta	245405	ATGAAGAAGTCATTCCAAAA...	0.6862
assembly_prodigal_300.fasta	245452	ATGTGTTCTCTTTCTTCATT...	0.6508
assembly_prodigal_300.fasta	245500	ATGTTGTCGTTCTTTACGAG...	0.9649
assembly_prodigal_300.fasta	245545	TTTTTTGCTCATTTTTTTCT...	0.7056
assembly_prodigal_300.fasta	245612	ATGACCGATCAAACAGCTCC...	0.6881
assembly_prodigal_300.fasta	245659	GTGTACCGGGTGATAAAGAA...	0.7323
assembly_prodigal_300.fasta	245680	GTGGTCGGCGGGCTTGTTTT...	0.6648
assembly_prodigal_300.fasta	245713	GTGTTATCAGGATGTCTCCC...	0.7114
assembly_prodigal_300.fasta	245720	ATGACTCTGACTTTCAGTCT...	0.7950
assembly_prodigal_300.fasta	245739	TTGTTTGATTGTTTGTGTGG...	0.7497
assembly_prodigal_300.fasta	245744	ATGTGTGTTTGGCTATTCTT...	0.7276
assembly_prodigal_300.fasta	245820	ATGCTTGATGTCTGGAGTGT...	0.7598
assembly_prodigal_300.fasta	245836	ATGGCGTCAGTTGATTTTGC...	0.8114
assembly_prodigal_300.fasta	245871	GCGCTTCCTGTGTCCCGCCA...	0.7141

文件统计: AMP数量=5863

=== 全局统计 ===
总AMP数量: 5863
